lang,burst_100100000,burst_101500000,burst_104800000,burst_109000000,burst_109900000,burst_110200000,burst_114800000,burst_115500000,burst_116100000,burst_125800000,burst_135500000,burst_146200000,burst_148000000,burst_151600000,burst_154100000,burst_160600000,burst_162500000,burst_163500000,burst_172600000,burst_193100000,burst_194400000,burst_195000000,burst_198700000,burst_212100000,burst_215000000,burst_222400000,burst_224700000,burst_225100000,burst_229200000,burst_239500000,burst_240500000,burst_269200000,burst_288800000,burst_290600000,burst_292400000,burst_293800000,burst_294400000,burst_295300000,burst_297400000,burst_301400000,burst_308800000,burst_313100000,burst_321700000,burst_323500000,burst_327300000,burst_330900000,burst_331600000,burst_334300000,burst_334500000,burst_336800000,burst_344900000,burst_345300000,burst_347300000,burst_348500000,burst_355100000,burst_360800000,burst_365300000,burst_369200000,burst_375300000,burst_376600000,burst_381700000,burst_382000000,burst_383000000,burst_385800000,burst_390900000,burst_407000000,burst_410800000,burst_416800000,burst_418400000,burst_419500000,burst_425100000,burst_426900000,burst_430900000,burst_448100000,burst_454500000,burst_456400000,burst_457700000,burst_461800000,burst_463000000,burst_469700000,burst_473300000,burst_473900000,burst_494400000,burst_495300000,burst_495700000,burst_499400000,burst_500000000,burst_500100000,burst_502600000,burst_517100000,burst_517300000,burst_524300000,burst_524800000,burst_527600000,burst_535700000,burst_538700000,burst_538900000,burst_539400000,burst_540600000,burst_543200000,burst_549300000,burst_553900000,burst_558400000,burst_562100000,burst_563400000,burst_566800000,burst_567900000,burst_572000000,burst_573500000,burst_581500000,burst_582700000,burst_585500000,burst_589100000,burst_589400000,burst_600200000,burst_607900000,burst_612200000,burst_612900000,burst_617300000,burst_622400000,burst_623100000,burst_626000000,burst_627200000,burst_632100000,burst_634700000,burst_640200000,burst_640300000,burst_641100000,burst_643300000,burst_644400000,burst_646700000,burst_652000000,burst_661000000,burst_663600000,burst_666300000,burst_667400000,burst_668200000,burst_668800000,burst_681600000,burst_686400000,burst_687700000,burst_688300000,burst_689600000,burst_694600000,burst_695800000,burst_702900000,burst_704900000,burst_709900000,burst_734000000,burst_753300000,burst_753400000,burst_758500000,burst_762600000,burst_766900000,burst_768000000,burst_774800000,burst_777300000,burst_778100000,burst_784200000,burst_792400000,burst_799400000,burst_806500000,burst_810400000,burst_810900000,burst_813900000,burst_814500000,burst_819400000,burst_823000000,burst_832500000,burst_834800000,burst_836000000,burst_838100000,burst_845200000,burst_853700000,burst_859300000,burst_861300000,burst_868200000,burst_869900000,burst_872600000,burst_878800000,burst_879500000,burst_880900000,burst_881500000,burst_885900000,burst_908000000,burst_908300000,burst_910100000,burst_922400000,burst_927300000,burst_941600000,burst_944500000,burst_945900000,burst_949000000,burst_961800000,burst_973700000,burst_982500000,burst_985500000,burst_989400000,burst_996400000,burst_997700000
Hittite,0.0004543555,0.0075604307,0.0023161618,0.0042903541,0.0027979671,0.0026312578,0.0022546332,0.0024180372,0.0051398138,0.0022349149,0.0055267046,0.0049930619,0.0003039493,0.0051127531,0.0052326346,0.0066247677,0.0020170033,0.0029542232,0.0010969567,0.0063431810,0.0032127139,0.0047411352,0.0018146119,0.0087424332,0.0060604238,0.0022419095,0.0032714387,0.0088350792,0.0009627342,0.0017293178,0.0000115723,0.0059770537,0.0034847359,0.0028783714,0.0031280512,0.0008370846,0.0014670853,0.0023969849,0.0040120432,0.0078008018,0.0032957582,0.0086077285,0.0013350981,0.0017215566,0.0111183844,0.0018456188,0.0038991514,0.0017323870,0.0028078971,0.0012584460,0.0007767751,0.0012590679,0.0015745635,0.0064857126,0.0047942590,0.0017159867,0.0050599226,0.0015917248,0.0033116635,0.0023231969,0.0024844425,0.0017395210,0.0031316527,0.0037211248,0.0003536159,0.0035429530,0.0041699091,0.0041502869,0.0003398114,0.0086613159,0.0250398198,0.0021569205,0.0078505537,0.0061766703,0.0021776715,0.0016275632,0.0001078819,0.0020165805,0.0017864935,0.0028403849,0.0014992939,0.0049168224,0.0065015822,0.0009411998,0.0032514016,0.0106904467,0.0046007451,0.0070605495,0.0031021629,0.0014972283,0.0060770303,0.0048151344,0.0033908079,0.0067450987,0.0021309281,0.0066284834,0.0046506058,0.0020011158,0.0101204027,0.0006477875,0.0012322624,0.0076069458,0.0008995104,0.0057553871,0.0015391794,0.0052502833,0.0022716107,0.0011118740,0.0033986398,0.0018820139,0.0041014287,0.0048089690,0.0015904076,0.0003624645,0.0084464277,0.0046903675,0.0042425268,0.0055644886,0.0008635214,0.0055338912,0.0037722456,0.0206693737,0.0003119702,0.0049437158,0.0023895959,0.0026581616,0.0016796027,0.0021698820,0.0021808092,0.0025396725,0.0110794994,0.0036861470,0.0012325050,0.0024232210,0.0025519461,0.0002488782,0.0056480083,0.0039307291,0.0031492984,0.0058824289,0.0084470816,0.0050479892,0.0014144832,0.0089998345,0.0044457916,0.0040701422,0.0019406310,0.0017788939,0.0033648879,0.0016239571,0.0032139876,0.0010113111,0.0015516544,0.0052324644,0.0007854875,0.0044115548,0.0041237023,0.0024895486,0.0013404717,0.0023338727,0.0023262837,0.0043117604,0.0010441668,0.0040610779,0.0040382797,0.0025109313,0.0006993489,0.0043708261,0.0035701043,0.0056496052,0.0027558598,0.0017492978,0.0023562348,0.0025538802,0.0055030414,0.0028945250,0.0010328142,0.0002562806,0.0021931736,0.0023693362,0.0015579593,0.0095260913,0.0019990785,0.0021848394,0.0026504175,0.0002306635,0.0013823048,0.0035983072,0.0149080162,0.0025142446,0.0011441600,0.0039161842,0.0016324085,0.0025865010,0.0003206203,0.0036102792,0.0013029759,0.0027548340,0.0018487188,0.0067547080
Luvian,0.0016172385,0.0022586214,0.0011487605,0.0026534135,0.0020491229,0.0054798777,0.0027482714,0.0022495708,0.0018964123,0.0052147270,0.0036557310,0.0021732311,0.0087759464,0.0011877684,0.0071273659,0.0024249130,0.0018954344,0.0113156875,0.0019795298,0.0077853686,0.0041929600,0.0103748323,0.0009284745,0.0179450753,0.0094700058,0.0021035995,0.0034244596,0.0011984777,0.0008570828,0.0021931895,0.0023031971,0.0047751126,0.0112888781,0.0033904600,0.0015656517,0.0039107069,0.0055118878,0.0014039029,0.0070562052,0.0027364087,0.0123833770,0.0034926187,0.0079387044,0.0101303261,0.0003840194,0.0005433897,0.0024036375,0.0011826953,0.0035761446,0.0024924319,0.0022298016,0.0052182771,0.0023505805,0.0077907548,0.0058621151,0.0042203381,0.0017745345,0.0047968037,0.0039642723,0.0115682668,0.0025385463,0.0054823673,0.0044058628,0.0019529885,0.0039993469,0.0042567648,0.0113753473,0.0093144283,0.0017385566,0.0115372464,0.0030410225,0.0026095138,0.0076828985,0.0019407560,0.0024377557,0.0027979322,0.0002114570,0.0055626575,0.0017893879,0.0047871123,0.0048773546,0.0064763917,0.0026688240,0.0022473007,0.0027506581,0.0169194042,0.0120616109,0.0046729174,0.0073281970,0.0043589507,0.0197206014,0.0044954526,0.0027047472,0.0049404065,0.0028993375,0.0048488049,0.0043800713,0.0031741460,0.0043857339,0.0036683657,0.0024713566,0.0094992203,0.0003472915,0.0022050608,0.0005678672,0.0063927546,0.0081983529,0.0052886061,0.0078249494,0.0058178686,0.0100869258,0.0067130011,0.0003677004,0.0008464359,0.0065671277,0.0074502900,0.0026319500,0.0070052155,0.0022096526,0.0084094121,0.0027847726,0.0051656851,0.0002641866,0.0007457458,0.0022031375,0.0007691881,0.0010466517,0.0010514370,0.0017479579,0.0004255097,0.0066420969,0.0009732953,0.0080398331,0.0016905695,0.0035018041,0.0025074772,0.0019985207,0.0135528844,0.0043210522,0.0067589038,0.0062124595,0.0070651653,0.0085294266,0.0031987302,0.0005979011,0.0161054006,0.0010459937,0.0037159265,0.0024193401,0.0041029205,0.0007713434,0.0022563811,0.0022743260,0.0041388616,0.0037598040,0.0046550027,0.0066052897,0.0180314710,0.0050029422,0.0027793498,0.0064776579,0.0017467614,0.0023779707,0.0048088115,0.0044280461,0.0042719183,0.0010453257,0.0014949716,0.0082326267,0.0007380838,0.0033546929,0.0031077364,0.0076025270,0.0068724531,0.0061509733,0.0010144420,0.0141633141,0.0064480308,0.0026498161,0.0070569850,0.0036044008,0.0076488335,0.0094060369,0.0050459310,0.0031824951,0.0032317491,0.0032216144,0.0114399224,0.0092721458,0.0052866137,0.0034903750,0.0031789927,0.0013546364,0.0018316876,0.0022906993,0.0031745210,0.0000924163,0.0017824666,0.0101481747,0.0042015026
TocharianA,0.0004816319,0.0018071469,0.0019728367,0.0026222416,0.0009710974,0.0042051369,0.0008032046,0.0036400066,0.0010014756,0.0010746819,0.0014315475,0.0015442715,0.0005799494,0.0040669363,0.0001824804,0.0005836433,0.0019214670,0.0022789323,0.0020526334,0.0067302819,0.0044126375,0.0045302914,0.0007812825,0.0026702240,0.0005503072,0.0016048912,0.0027877815,0.0009461088,0.0007191380,0.0014188375,0.0006549924,0.0011880989,0.0043114464,0.0001564223,0.0008664977,0.0008662355,0.0031352191,0.0038809853,0.0026467720,0.0008796809,0.0039624132,0.0006320119,0.0010274033,0.0015134941,0.0081387146,0.0032806118,0.0018331568,0.0024998607,0.0014035645,0.0033850479,0.0013560409,0.0036525948,0.0033415782,0.0006945387,0.0009996650,0.0030396581,0.0039051342,0.0015707439,0.0009314130,0.0007340466,0.0004492717,0.0008827355,0.0061293903,0.0014162076,0.0027637552,0.0036548134,0.0058926213,0.0021265184,0.0004324585,0.0035841974,0.0035805355,0.0016595260,0.0019406873,0.0032650564,0.0016331074,0.0011234907,0.0005717904,0.0027786019,0.0010089356,0.0017029259,0.0050976597,0.0009906484,0.0013326918,0.0031498469,0.0013698416,0.0070914827,0.0017785380,0.0017248006,0.0028110529,0.0026639478,0.0039420799,0.0005735872,0.0004290885,0.0005444195,0.0022296088,0.0042772461,0.0023130313,0.0015481420,0.0054934979,0.0011636505,0.0007670319,0.0028053245,0.0008678029,0.0011505409,0.0014424193,0.0003575870,0.0013128287,0.0029523900,0.0082370672,0.0011387516,0.0051680662,0.0002027942,0.0004927730,0.0007788466,0.0018434129,0.0006303667,0.0008185439,0.0046375931,0.0020754549,0.0031087490,0.0056100092,0.0128987047,0.0003651291,0.0068147386,0.0009871553,0.0021940217,0.0019853032,0.0011299786,0.0035781237,0.0014101453,0.0039346451,0.0019543041,0.0041416287,0.0018339773,0.0026285309,0.0036400659,0.0045494267,0.0027694604,0.0016546855,0.0022024977,0.0026655700,0.0074813254,0.0025830021,0.0084258357,0.0005228929,0.0011095981,0.0008304473,0.0012690552,0.0009423331,0.0038877890,0.0000125769,0.0017879541,0.0009372891,0.0022064499,0.0031194175,0.0017687958,0.0039044578,0.0074259782,0.0013615329,0.0015591198,0.0005913871,0.0008781504,0.0017137279,0.0005513608,0.0027862303,0.0012247656,0.0004377009,0.0008789012,0.0027375993,0.0018446785,0.0027055795,0.0010412372,0.0005681018,0.0076313332,0.0038404953,0.0011338632,0.0072465602,0.0008529907,0.0004210645,0.0033674451,0.0005493033,0.0062537479,0.0033590389,0.0009596476,0.0013758792,0.0007306388,0.0026501608,0.0030627293,0.0084791879,0.0004502820,0.0035828096,0.0006811486,0.0022802248,0.0034184126,0.0007077425,0.0011027594,0.0002581465,0.0018617031,0.0043006981,0.0008766254
TocharianB,0.0013863529,0.0004506529,0.0010267979,0.0031762893,0.0036917785,0.0005451535,0.0003885115,0.0019817535,0.0011416440,0.0020145881,0.0004328798,0.0009315809,0.0022426674,0.0011297897,0.0026469514,0.0013931031,0.0007288280,0.0014524270,0.0006842885,0.0020662229,0.0010760245,0.0036256503,0.0004449665,0.0014591789,0.0044318713,0.0020008564,0.0005870336,0.0007271099,0.0004430240,0.0017982614,0.0006333096,0.0012421939,0.0013937105,0.0021792012,0.0031375270,0.0015652191,0.0017050641,0.0006511733,0.0018019075,0.0025361700,0.0003879139,0.0015465145,0.0010668842,0.0002621278,0.0085351194,0.0024852905,0.0012254034,0.0004333383,0.0018275551,0.0011136726,0.0032806262,0.0023621932,0.0028056811,0.0032779842,0.0001294076,0.0003650715,0.0006457431,0.0012577515,0.0022645229,0.0019223855,0.0001352481,0.0009956152,0.0007166957,0.0006202171,0.0014332103,0.0016554123,0.0009061076,0.0006665266,0.0000204128,0.0003434845,0.0014007828,0.0000526020,0.0006506973,0.0001598343,0.0007876730,0.0001541615,0.0008804225,0.0011831543,0.0018995369,0.0011786865,0.0017190074,0.0061584049,0.0005151805,0.0008698898,0.0006668275,0.0017334556,0.0008869274,0.0004046184,0.0028721645,0.0010706486,0.0030857611,0.0004405889,0.0002257691,0.0027394933,0.0027627899,0.0009425218,0.0027309715,0.0019378502,0.0009963595,0.0001096850,0.0012768241,0.0012750613,0.0004431788,0.0004392722,0.0012024191,0.0019803191,0.0029958709,0.0010166509,0.0001141705,0.0024903422,0.0055337297,0.0004169556,0.0027174088,0.0016092522,0.0058771919,0.0056234830,0.0002640907,0.0005056555,0.0014598841,0.0007983037,0.0024817443,0.0021257127,0.0006747740,0.0001818611,0.0035649172,0.0011451630,0.0010362230,0.0010715016,0.0037727989,0.0004262954,0.0017420670,0.0019522894,0.0011078945,0.0007942490,0.0012654806,0.0013086728,0.0038231192,0.0057645758,0.0018595500,0.0020656508,0.0017920583,0.0023157189,0.0008805451,0.0038434986,0.0030069582,0.0033808135,0.0001745668,0.0005250643,0.0017427120,0.0022944892,0.0004206594,0.0011591659,0.0004663786,0.0027492619,0.0010604361,0.0009846128,0.0005210216,0.0006513074,0.0016152738,0.0013584432,0.0004918565,0.0005938635,0.0040017039,0.0019280467,0.0003736114,0.0006659130,0.0003671318,0.0011015712,0.0007425671,0.0043331277,0.0006936693,0.0002183039,0.0027792246,0.0003813484,0.0010823002,0.0017913441,0.0028461520,0.0000715229,0.0001277359,0.0024256024,0.0009048245,0.0024306344,0.0010681011,0.0005401338,0.0016654202,0.0010885914,0.0020593787,0.0015225684,0.0029639138,0.0030803598,0.0032806431,0.0014465113,0.0012158421,0.0013990820,0.0023885520,0.0024840962,0.0005338535,0.0023461040,0.0034767897,0.0010334511
MycenaeanGreek,0.00016111611,0.00010144230,0.00052741219,0.00088298429,0.00089566080,0.00072151925,0.00127050647,0.00082714660,0.00160195249,0.00050419917,0.00039207615,0.00030784662,0.00374444517,0.00016991708,0.00013504551,0.00128423379,0.00114649531,0.00356076389,0.00070178532,0.00615486786,0.00038946103,0.00367158649,0.00068287357,0.00275834549,0.00093961777,0.00028841657,0.00235037056,0.00063138175,0.00063679964,0.00032236666,0.00032559757,0.00098433919,0.00087423744,0.00212726971,0.00116291333,0.00066448524,0.00031331173,0.00108537369,0.00101382589,0.00203720509,0.00028597807,0.00315081232,0.00221980482,0.00047987918,0.00109088618,0.00029639381,0.00074544668,0.00079590777,0.00076737339,0.00157259674,0.00015625052,0.00048146549,0.00022712624,0.00066666350,0.00000849388,0.00008133453,0.00098512191,0.00116293505,0.00041758686,0.00015511901,0.00013940425,0.00119169771,0.00078120931,0.00125098707,0.00299501775,0.00099532996,0.00056742432,0.00029394812,0.00142113773,0.00049556497,0.00437883349,0.00028957238,0.00325391968,0.00241052762,0.00057713877,0.00126880561,0.00022908934,0.00016016447,0.00001945089,0.00058881224,0.00251870896,0.00225538894,0.00044198989,0.00344984878,0.00073802896,0.00451949225,0.00110557354,0.00237183223,0.00181688660,0.00153780914,0.00503900886,0.00131186399,0.00225162006,0.00010835378,0.00057937509,0.00263623142,0.00076119265,0.00085258738,0.00072184049,0.00026517773,0.00107755454,0.00111776397,0.00034522948,0.00122937653,0.00048584648,0.00194945670,0.00247355829,0.00322492851,0.00049364305,0.00079890662,0.00022528357,0.00195393936,0.00096584663,0.00080728190,0.00187337772,0.00124405268,0.00080756108,0.00015511556,0.00133556407,0.00006860878,0.00085130461,0.00301271062,0.00027474599,0.00332038223,0.00016468899,0.00002100007,0.00006111771,0.00036971370,0.00166926928,0.00018526025,0.00050038591,0.00151553887,0.00000731686,0.00121881927,0.00160971663,0.00094068197,0.00050020602,0.00012416676,0.00074249014,0.00112305732,0.00109995209,0.00380965934,0.00343655275,0.00166584733,0.00235061248,0.00363277359,0.00013783930,0.00066324220,0.00040590769,0.00050439007,0.00119094884,0.00148662335,0.00044908791,0.00027554966,0.00150219471,0.00090986281,0.00505272276,0.00241255403,0.00107964181,0.00122414034,0.00029389874,0.00083569407,0.00122329050,0.00100187616,0.00169168567,0.00031657786,0.00071598173,0.00025572091,0.00249287978,0.00127681343,0.00127497956,0.00150568114,0.00186424686,0.00052703787,0.00187036519,0.00068527177,0.00035503005,0.00002829309,0.00054615936,0.00074174308,0.00027534122,0.00071204269,0.00098413733,0.00048417656,0.00169381210,0.00062832684,0.00065616527,0.00279331993,0.00226487368,0.00122838493,0.00037471964,0.00024938013,0.00036955383,0.00063777493,0.00074830143,0.00159928635,0.00036163311,0.00055478025,0.00498141282,0.00015308452
AncientGreek,0.0005165301,0.0007212097,0.0009381360,0.0004388623,0.0009319075,0.0004670219,0.0014712953,0.0012064534,0.0009578441,0.0004423071,0.0005549249,0.0022407869,0.0000841747,0.0018883415,0.0002470172,0.0006865403,0.0003016240,0.0016102042,0.0002425558,0.0010572038,0.0012433346,0.0014014674,0.0005166309,0.0025684625,0.0011741842,0.0005033243,0.0004779835,0.0002537115,0.0018917634,0.0009041125,0.0007546158,0.0031093059,0.0015196050,0.0001341171,0.0006388344,0.0001131120,0.0003820606,0.0001891956,0.0009652847,0.0002548697,0.0010606434,0.0010991242,0.0002328101,0.0005311337,0.0007169649,0.0003901306,0.0012354259,0.0012043437,0.0008665968,0.0005889411,0.0003085835,0.0011353116,0.0009730508,0.0004696124,0.0004783945,0.0006317990,0.0002908994,0.0013506217,0.0012974824,0.0017101685,0.0005167373,0.0011335312,0.0025117255,0.0002654375,0.0009668932,0.0011610293,0.0003597181,0.0010943315,0.0010242760,0.0002771858,0.0059419117,0.0005655613,0.0007526883,0.0011758277,0.0009650407,0.0008393404,0.0002109094,0.0002548709,0.0008178901,0.0005170138,0.0013694531,0.0002157450,0.0009232009,0.0003204757,0.0034202746,0.0009272848,0.0024459301,0.0007271774,0.0012913522,0.0003699096,0.0025004596,0.0010784518,0.0020984696,0.0014740053,0.0008574354,0.0001778076,0.0012387130,0.0005323810,0.0022686375,0.0006453947,0.0006725319,0.0015452120,0.0002675561,0.0011628418,0.0007379376,0.0057735251,0.0033610590,0.0014389876,0.0005983301,0.0018263596,0.0006289999,0.0003575016,0.0003425416,0.0004879867,0.0020273631,0.0023201094,0.0004456269,0.0002458687,0.0014370744,0.0005185829,0.0028893383,0.0048765329,0.0007769739,0.0012238406,0.0014951621,0.0011801917,0.0001676709,0.0014605684,0.0007480419,0.0004909588,0.0003553986,0.0002397561,0.0005919425,0.0000970158,0.0014030230,0.0003901661,0.0002715267,0.0025392520,0.0010029996,0.0011778785,0.0006473508,0.0018575164,0.0005306717,0.0005994263,0.0002381855,0.0010539207,0.0003660293,0.0013465181,0.0006672834,0.0011145742,0.0001839078,0.0021985411,0.0004110424,0.0012940638,0.0024363642,0.0003288660,0.0049128384,0.0000551217,0.0011383719,0.0010406715,0.0009431985,0.0001477995,0.0012589102,0.0009207749,0.0015448558,0.0014971115,0.0007127520,0.0010305509,0.0000436591,0.0008038503,0.0001639880,0.0006178989,0.0004098156,0.0014910227,0.0004943850,0.0015704471,0.0009367823,0.0002904927,0.0011153261,0.0007961725,0.0007648307,0.0010215624,0.0004079981,0.0013110540,0.0003344458,0.0004842545,0.0002814054,0.0017236400,0.0021641968,0.0004836182,0.0002835103,0.0017145760,0.0002772012,0.0003390129,0.0010022430,0.0006686789,0.0004613958,0.0007894380,0.0010120028,0.0010731749
NTGreek,0.0008296427,0.0002030944,0.0019415686,0.0006039742,0.0001432088,0.0015314082,0.0004760921,0.0016471150,0.0005045716,0.0003778552,0.0007111761,0.0010211011,0.0004224105,0.0020317085,0.0027010742,0.0005769563,0.0041869319,0.0005004025,0.0026278030,0.0011853217,0.0005025449,0.0069147141,0.0006783745,0.0070820418,0.0005891698,0.0004222597,0.0011404763,0.0005841633,0.0011088059,0.0002886171,0.0026789019,0.0018124800,0.0006151033,0.0005553080,0.0008383810,0.0009375724,0.0012248163,0.0012700830,0.0016972117,0.0008706964,0.0008147024,0.0001348286,0.0003851932,0.0026959024,0.0020028995,0.0009246101,0.0013804863,0.0010217567,0.0002674152,0.0003104262,0.0009945440,0.0005750202,0.0020877292,0.0005907434,0.0005899290,0.0012553190,0.0029850288,0.0015010191,0.0005336806,0.0004977036,0.0001511467,0.0016008419,0.0004632589,0.0008038312,0.0036824474,0.0008233565,0.0008894994,0.0002291584,0.0007011024,0.0031544046,0.0014266893,0.0015777130,0.0020929627,0.0010417471,0.0003763508,0.0005902765,0.0012456400,0.0003499812,0.0001034724,0.0010826096,0.0009235902,0.0043432640,0.0016054754,0.0000666683,0.0011751321,0.0013944708,0.0009410931,0.0009722721,0.0020779605,0.0028305140,0.0000673987,0.0010743423,0.0007690683,0.0002767980,0.0006674792,0.0012341617,0.0022295747,0.0011196096,0.0001455270,0.0008992749,0.0001807977,0.0021711031,0.0003124959,0.0009943344,0.0004090466,0.0017724916,0.0047321021,0.0008261851,0.0015221351,0.0019256283,0.0006227273,0.0001597205,0.0005368600,0.0005947405,0.0004893559,0.0020951734,0.0002290395,0.0002585129,0.0002241197,0.0017977475,0.0009069524,0.0030410191,0.0014861882,0.0002912503,0.0008305637,0.0000428184,0.0005663236,0.0006208590,0.0014014681,0.0009028419,0.0022238707,0.0021327360,0.0010757209,0.0014854255,0.0013121643,0.0029641442,0.0006466298,0.0019888046,0.0004084045,0.0018415226,0.0013553896,0.0006780919,0.0001425779,0.0008926457,0.0002292942,0.0006986656,0.0003710234,0.0017240815,0.0008897040,0.0012384746,0.0016993541,0.0001904632,0.0001114776,0.0009840618,0.0006499822,0.0015220547,0.0015941534,0.0005936323,0.0005329027,0.0002116582,0.0005191396,0.0010950962,0.0001720247,0.0014078731,0.0005569187,0.0002279190,0.0003577574,0.0002757005,0.0011710409,0.0014138758,0.0017816578,0.0003557386,0.0028384729,0.0012369635,0.0005461242,0.0010572707,0.0004027338,0.0008888322,0.0018987630,0.0013501457,0.0003721050,0.0000620809,0.0006664738,0.0007789652,0.0011263033,0.0010265481,0.0003438046,0.0019668589,0.0016221201,0.0025832193,0.0018082174,0.0004467306,0.0022598842,0.0000398686,0.0016232131,0.0012347482,0.0017836627,0.0010631569,0.0002814547,0.0014069692
Greek,0.0000254909,0.0003675058,0.0007464296,0.0004932814,0.0008777996,0.0007461014,0.0002933546,0.0007227485,0.0002951386,0.0007288876,0.0007747306,0.0004824666,0.0003423881,0.0013325576,0.0020395859,0.0006526668,0.0009812511,0.0011597805,0.0029641111,0.0007491723,0.0004022580,0.0010268653,0.0002827323,0.0043277124,0.0020417358,0.0004730807,0.0013531033,0.0005465611,0.0009543764,0.0003576666,0.0007822267,0.0004875721,0.0005457996,0.0006150132,0.0002362224,0.0005906739,0.0007317187,0.0004031316,0.0003413559,0.0022816823,0.0011644140,0.0010915507,0.0013566565,0.0011919228,0.0008030897,0.0004907298,0.0002002440,0.0001681697,0.0004915513,0.0001116725,0.0003087369,0.0003805575,0.0016718780,0.0002526284,0.0014694852,0.0012175210,0.0002553309,0.0004186486,0.0006098399,0.0015377196,0.0012908388,0.0008366579,0.0008380223,0.0011140991,0.0003965800,0.0008191340,0.0030851166,0.0004679828,0.0005931704,0.0008190659,0.0030251789,0.0008278215,0.0011305496,0.0005977759,0.0000786712,0.0011905894,0.0003341337,0.0007954877,0.0006347589,0.0007097721,0.0008717273,0.0026900717,0.0008104467,0.0001564648,0.0008353572,0.0016919194,0.0004733457,0.0003819926,0.0004631027,0.0020751232,0.0011705309,0.0002432210,0.0003832510,0.0004190821,0.0006822394,0.0000554261,0.0004798245,0.0013034681,0.0011883789,0.0003705388,0.0006619159,0.0022670388,0.0002146711,0.0004440525,0.0002151493,0.0010436541,0.0004495819,0.0011658213,0.0003221107,0.0006874656,0.0007961803,0.0007189162,0.0008702546,0.0012456961,0.0002212093,0.0014068721,0.0007572197,0.0007405579,0.0014563801,0.0001493165,0.0014568369,0.0013014383,0.0004573777,0.0000182930,0.0002845700,0.0005507012,0.0001788373,0.0008907686,0.0018863289,0.0002640881,0.0014747819,0.0011635827,0.0015168819,0.0002601952,0.0006880679,0.0023146591,0.0001331346,0.0014970930,0.0003761720,0.0005013748,0.0018312206,0.0023312198,0.0002006444,0.0022822788,0.0005698056,0.0014851414,0.0002268916,0.0007347593,0.0002218407,0.0014000114,0.0011979464,0.0020833270,0.0004542768,0.0020765518,0.0003714648,0.0005531766,0.0000613711,0.0005663228,0.0013692100,0.0004000403,0.0007174657,0.0010896292,0.0002377021,0.0002531578,0.0003796511,0.0001257305,0.0002520829,0.0003881809,0.0006871344,0.0009535908,0.0004307334,0.0007126326,0.0000473678,0.0003089196,0.0006094139,0.0011996065,0.0008842332,0.0001131930,0.0000122328,0.0003144534,0.0001421043,0.0005287825,0.0002947487,0.0018103967,0.0014014684,0.0002572310,0.0011015850,0.0010862664,0.0017470763,0.0005844221,0.0015046652,0.0010788361,0.0027031782,0.0005340878,0.0005422830,0.0009856767,0.0009256885,0.0017786005,0.0004430918,0.0019185208
GreekCappodocian,0.0010734783,0.0010348732,0.0013300196,0.0018295747,0.0015926645,0.0012849285,0.0001875595,0.0011940317,0.0009232488,0.0011283209,0.0002970475,0.0008242506,0.0011523667,0.0029510483,0.0001829342,0.0014514586,0.0012522757,0.0027237318,0.0020215707,0.0014214039,0.0001237927,0.0086445457,0.0002943106,0.0020146203,0.0025075494,0.0005114875,0.0010130436,0.0005169812,0.0003331177,0.0005186566,0.0001269855,0.0010124426,0.0020520320,0.0053442766,0.0014748144,0.0012743831,0.0015570007,0.0022009220,0.0023472690,0.0020197844,0.0023049442,0.0047225615,0.0010724257,0.0015812418,0.0032632357,0.0004043856,0.0016049901,0.0013693273,0.0015353830,0.0008205404,0.0026055264,0.0003002191,0.0006504467,0.0019956143,0.0038292773,0.0006787818,0.0011953797,0.0021149347,0.0013555802,0.0000655301,0.0007200577,0.0014308253,0.0015336387,0.0001730625,0.0033095976,0.0006924855,0.0022890739,0.0047381865,0.0043510184,0.0002062007,0.0069268703,0.0042662841,0.0057768114,0.0002650015,0.0005444424,0.0002654636,0.0011418961,0.0016166710,0.0000515061,0.0004726980,0.0005286663,0.0080896482,0.0031683125,0.0005468063,0.0022553659,0.0114794939,0.0122846590,0.0117274702,0.0013670980,0.0012634372,0.0044315243,0.0010671389,0.0006222684,0.0015564368,0.0013157740,0.0012574733,0.0014664850,0.0050932682,0.0011155621,0.0007783607,0.0010184238,0.0028557567,0.0014951700,0.0029795240,0.0038597781,0.0008995831,0.0034137255,0.0051224577,0.0050288706,0.0013420487,0.0032723251,0.0029697358,0.0007242786,0.0005236510,0.0092875785,0.0009635442,0.0038523651,0.0012096058,0.0042852575,0.0003481075,0.0005373219,0.0153126083,0.0004834498,0.0023909122,0.0017282287,0.0001643445,0.0008704368,0.0012898095,0.0012302944,0.0005949954,0.0008314356,0.0042850345,0.0071097629,0.0039812578,0.0019135533,0.0027697388,0.0016174995,0.0014232461,0.0037722141,0.0038800748,0.0024881008,0.0047425602,0.0025276390,0.0057705912,0.0044399738,0.0041371680,0.0012364829,0.0003199315,0.0012870654,0.0005015551,0.0005824877,0.0019276225,0.0005863736,0.0020068792,0.0006220253,0.0017956176,0.0062426562,0.0000478061,0.0016019509,0.0065044111,0.0032958993,0.0001760130,0.0014285331,0.0029127709,0.0007608338,0.0003514913,0.0020067231,0.0021702906,0.0060096860,0.0055077892,0.0017148522,0.0007028186,0.0035523259,0.0084847897,0.0030194685,0.0003283513,0.0010999891,0.0015677863,0.0002731562,0.0029181812,0.0005682920,0.0074527946,0.0009073360,0.0026564126,0.0011796507,0.0006245206,0.0026901906,0.0022133556,0.0013577963,0.0031095785,0.0012006844,0.0004533507,0.0015571485,0.0003157561,0.0010298583,0.0008596683,0.0038638539,0.0015641994,0.0041606183,0.0017182376
GreekPontic,0.0000924559,0.0002936499,0.0010318233,0.0004708983,0.0026584278,0.0007077859,0.0006430082,0.0015852668,0.0023290674,0.0010510966,0.0002595227,0.0000662960,0.0001538595,0.0021993440,0.0020638628,0.0011788931,0.0002646017,0.0010192955,0.0009301898,0.0006232978,0.0011829763,0.0007996886,0.0016987082,0.0011799174,0.0008496407,0.0006518077,0.0010707351,0.0004684775,0.0033004431,0.0000906753,0.0008291748,0.0006513933,0.0023171230,0.0024691423,0.0022375649,0.0011838144,0.0012743858,0.0011528242,0.0011946074,0.0009102759,0.0026331598,0.0020811889,0.0018473481,0.0004169735,0.0015374559,0.0010180199,0.0001286168,0.0010295028,0.0004828968,0.0010699427,0.0001002960,0.0009005174,0.0020545295,0.0004300909,0.0004016318,0.0010056051,0.0013705691,0.0010404815,0.0014725314,0.0001339073,0.0006003973,0.0010492365,0.0038957209,0.0005461055,0.0051202926,0.0010995897,0.0018703484,0.0018918104,0.0018612041,0.0006829568,0.0121769927,0.0021875252,0.0025935380,0.0019151307,0.0001540268,0.0009126814,0.0002734360,0.0015669909,0.0013627314,0.0007834733,0.0028117815,0.0007139807,0.0008624152,0.0007115159,0.0016457204,0.0031810957,0.0037306541,0.0033417113,0.0001773718,0.0010726428,0.0014074749,0.0031210567,0.0018992677,0.0010880293,0.0012613020,0.0012104009,0.0020930919,0.0015081118,0.0022313255,0.0004548587,0.0006018093,0.0032633502,0.0011375598,0.0010391962,0.0004367744,0.0052608310,0.0020648850,0.0011667563,0.0003304368,0.0017467990,0.0047628094,0.0021512422,0.0001537208,0.0007686849,0.0054537066,0.0004201334,0.0028491133,0.0007475631,0.0026056733,0.0017471270,0.0016602088,0.0110545390,0.0003350865,0.0010158519,0.0014280334,0.0014425249,0.0001636527,0.0009349339,0.0016364060,0.0017596956,0.0002908238,0.0018065032,0.0017319638,0.0027334669,0.0027812720,0.0016421614,0.0002040290,0.0062292420,0.0010372011,0.0018142814,0.0021228587,0.0007292711,0.0002420083,0.0016926155,0.0031509049,0.0034501888,0.0013025461,0.0008370477,0.0015912865,0.0014477822,0.0030529853,0.0003755498,0.0012217127,0.0014221059,0.0041796793,0.0016446069,0.0039882906,0.0036009262,0.0013063393,0.0011165630,0.0005973866,0.0012136134,0.0002270369,0.0026582366,0.0007512629,0.0004238580,0.0002763095,0.0015943604,0.0011538800,0.0012448884,0.0012006263,0.0013528286,0.0043665554,0.0017672606,0.0014471790,0.0006971877,0.0031235642,0.0002017706,0.0006096842,0.0009056821,0.0010990091,0.0044522445,0.0007162239,0.0036556193,0.0006654647,0.0020552190,0.0003950765,0.0014285951,0.0046136843,0.0006815333,0.0001059067,0.0015084432,0.0026500528,0.0034623289,0.0039157591,0.0004877781,0.0028181258,0.0008679122,0.0016916030,0.0006774591
GreekCypriot,0.0049714814,0.0011240553,0.0006416913,0.0007512884,0.0000784699,0.0032589898,0.0004716823,0.0020263442,0.0007944437,0.0005440019,0.0018079906,0.0027843010,0.0037146802,0.0009839968,0.0028546620,0.0007943304,0.0014959758,0.0036236878,0.0006464125,0.0033723239,0.0022261833,0.0057993815,0.0014004124,0.0053298717,0.0040917286,0.0025499444,0.0027151837,0.0004558713,0.0015348721,0.0003069967,0.0008476278,0.0024158231,0.0024322275,0.0015785991,0.0022218999,0.0013986799,0.0008103910,0.0057127855,0.0011301700,0.0012005091,0.0004048246,0.0040062066,0.0027513268,0.0077474336,0.0016580139,0.0024251062,0.0017469419,0.0010218851,0.0005187923,0.0017948698,0.0011267837,0.0001347280,0.0007915173,0.0004058830,0.0007144762,0.0007277339,0.0023716546,0.0038833854,0.0004204252,0.0012527775,0.0010265862,0.0017466473,0.0018138608,0.0017856305,0.0056166290,0.0005139825,0.0031490672,0.0048618155,0.0000246074,0.0013414392,0.0131474370,0.0010944160,0.0043153408,0.0006377417,0.0014606889,0.0015287738,0.0000625663,0.0005957726,0.0005033672,0.0008322870,0.0001547279,0.0031987021,0.0019957025,0.0022127813,0.0039158915,0.0108165699,0.0066975776,0.0034225884,0.0052890841,0.0003592908,0.0022743779,0.0008157528,0.0039541060,0.0031621823,0.0010392353,0.0014823171,0.0001188094,0.0001561666,0.0018742859,0.0002570847,0.0007945865,0.0020748150,0.0004627313,0.0008332780,0.0009905974,0.0033199313,0.0014107234,0.0019526396,0.0046068759,0.0004609860,0.0014241645,0.0014774832,0.0002694500,0.0006369005,0.0014854058,0.0018891921,0.0026555799,0.0028746796,0.0013255977,0.0004114588,0.0006949937,0.0008937669,0.0007847858,0.0022613181,0.0002871240,0.0007044694,0.0009235223,0.0014853215,0.0016445991,0.0014506444,0.0013426507,0.0021408556,0.0062327347,0.0000950442,0.0014086799,0.0065744848,0.0004396413,0.0024417283,0.0005643097,0.0018245092,0.0014565354,0.0036379724,0.0022684180,0.0018810521,0.0003292379,0.0012105257,0.0004096481,0.0010414935,0.0019675656,0.0045002384,0.0016772629,0.0042614439,0.0000502397,0.0042807141,0.0038384172,0.0009592712,0.0028527053,0.0039408381,0.0003167690,0.0014532818,0.0034042256,0.0002319123,0.0004363689,0.0020144877,0.0008567574,0.0007253261,0.0007591776,0.0000695682,0.0014495022,0.0021417140,0.0004156452,0.0020074287,0.0019066033,0.0021981246,0.0014285709,0.0001514930,0.0030089402,0.0006564499,0.0018005579,0.0012481010,0.0003741873,0.0020951136,0.0020847176,0.0016901077,0.0007401388,0.0023012734,0.0023493184,0.0019362701,0.0033262734,0.0017238926,0.0010298896,0.0008162551,0.0028265099,0.0015294986,0.0005797371,0.0020116578,0.0000985278,0.0006531145,0.0022373366,0.0034684949
GreekItaliot,0.0014212106,0.0001004811,0.0032910465,0.0001123299,0.0014941815,0.0005454486,0.0020525054,0.0019248618,0.0005816778,0.0005380577,0.0038940416,0.0015204178,0.0031325070,0.0011413051,0.0005516875,0.0020915591,0.0004621522,0.0046337552,0.0005871423,0.0005717214,0.0033611129,0.0017179265,0.0024727804,0.0155248549,0.0026946557,0.0042531541,0.0055423046,0.0025381624,0.0015416877,0.0002233133,0.0006167021,0.0014044129,0.0054113275,0.0014291996,0.0006680637,0.0023481391,0.0003054356,0.0052215267,0.0018477350,0.0013536325,0.0022444442,0.0014351496,0.0006523101,0.0056350728,0.0031373009,0.0015261412,0.0016130105,0.0007710390,0.0011343152,0.0020117941,0.0047167413,0.0010460306,0.0012151758,0.0022031153,0.0018654195,0.0003738286,0.0008924039,0.0011609294,0.0016312631,0.0041455353,0.0033941814,0.0033620531,0.0050086640,0.0026386553,0.0021734396,0.0006063786,0.0005303547,0.0018746800,0.0020616946,0.0085442392,0.0188563234,0.0018797645,0.0016474732,0.0018249030,0.0002920359,0.0033464130,0.0007112722,0.0006075407,0.0016255672,0.0022710149,0.0003009152,0.0047427366,0.0009476842,0.0006854599,0.0003994844,0.0025275803,0.0023835554,0.0003831954,0.0026835609,0.0021825644,0.0001338698,0.0010788146,0.0045823042,0.0017668407,0.0006542975,0.0019834181,0.0022203000,0.0022609358,0.0023503584,0.0004437759,0.0019904532,0.0013028038,0.0008367772,0.0004629110,0.0015108946,0.0111094915,0.0066550536,0.0025602374,0.0013839860,0.0037230306,0.0079711176,0.0009888660,0.0002369802,0.0005608135,0.0007986351,0.0012792287,0.0034556094,0.0020736034,0.0008444798,0.0026293263,0.0009347605,0.0006827147,0.0034650450,0.0001022322,0.0006613581,0.0021146696,0.0012017251,0.0017372471,0.0023844390,0.0013653084,0.0048248382,0.0020022344,0.0097927126,0.0032764064,0.0023747378,0.0009979210,0.0014590969,0.0023393233,0.0002241379,0.0051749675,0.0040144675,0.0007043336,0.0009870010,0.0049806866,0.0027680681,0.0010555466,0.0005098245,0.0004820511,0.0005938426,0.0020858917,0.0019665058,0.0004128557,0.0012728096,0.0011126423,0.0027568997,0.0007401429,0.0043992586,0.0039396525,0.0001873117,0.0001582293,0.0009736203,0.0013306616,0.0009764737,0.0044075867,0.0006399194,0.0029753227,0.0007995856,0.0024741641,0.0000919286,0.0009607729,0.0016596066,0.0000476378,0.0016748176,0.0016604032,0.0008626943,0.0006730780,0.0012786438,0.0032682253,0.0004282676,0.0020390812,0.0008992325,0.0005963956,0.0032149931,0.0033204794,0.0006929499,0.0005888085,0.0014839082,0.0053521541,0.0058521936,0.0036126187,0.0014613258,0.0015244971,0.0020111805,0.0030416571,0.0022971750,0.0012994157,0.0047469029,0.0012658882,0.0003702408,0.0010623362
ClassicalArmenian,0.0020904575,0.0004365233,0.0015930872,0.0004283562,0.0001355360,0.0002009889,0.0013481769,0.0003040146,0.0010535181,0.0003443626,0.0014137071,0.0000958130,0.0017227806,0.0018127871,0.0007517302,0.0005315936,0.0027041540,0.0025392341,0.0019978331,0.0023426323,0.0026356432,0.0029872125,0.0018353377,0.0015926746,0.0009930049,0.0014006525,0.0010115202,0.0021786766,0.0015589584,0.0007155001,0.0003201406,0.0012398378,0.0002001100,0.0005287625,0.0009180519,0.0005373166,0.0007649567,0.0012602735,0.0017868205,0.0018027389,0.0053148746,0.0002987791,0.0006806403,0.0029242363,0.0006064511,0.0005561861,0.0005538181,0.0007158264,0.0004524027,0.0019373834,0.0002774053,0.0011638374,0.0004003916,0.0010841941,0.0014911437,0.0013545207,0.0012910331,0.0011076144,0.0013415508,0.0004456660,0.0004044423,0.0008586749,0.0013915823,0.0004136728,0.0014456214,0.0003254961,0.0042577889,0.0002788972,0.0026407321,0.0058373796,0.0008872787,0.0009428441,0.0002626488,0.0015216857,0.0009644999,0.0003173114,0.0017959579,0.0005090186,0.0003208286,0.0013602631,0.0012286950,0.0007965591,0.0006640991,0.0005116070,0.0005831298,0.0018398758,0.0077270500,0.0005504744,0.0007621193,0.0005949302,0.0023226978,0.0002056128,0.0024722852,0.0009598422,0.0005059883,0.0022069131,0.0011049892,0.0017087314,0.0010256987,0.0001692457,0.0004405484,0.0010866432,0.0002971786,0.0013922116,0.0003070143,0.0009114315,0.0032889360,0.0035663879,0.0004701137,0.0019754376,0.0003072770,0.0024535862,0.0002002310,0.0014366711,0.0047194232,0.0015788593,0.0012512948,0.0028449111,0.0004467670,0.0015917226,0.0010205648,0.0039850531,0.0019133049,0.0000332714,0.0009440597,0.0005152432,0.0016923378,0.0002159140,0.0006557094,0.0002960713,0.0000472079,0.0008213175,0.0002004403,0.0009285505,0.0001457036,0.0041237025,0.0002826631,0.0007426400,0.0001414202,0.0006546985,0.0019906289,0.0009564007,0.0006247256,0.0018740906,0.0017593294,0.0007615389,0.0004156677,0.0007713007,0.0006336944,0.0001848875,0.0006948331,0.0026005866,0.0011202692,0.0008802123,0.0011041576,0.0012011639,0.0058793782,0.0011439875,0.0004663048,0.0010839016,0.0009266374,0.0007009865,0.0004841406,0.0003359320,0.0003304099,0.0006750814,0.0002147025,0.0003036308,0.0008026098,0.0022757506,0.0009592211,0.0003169122,0.0000499934,0.0003834365,0.0007402068,0.0008926446,0.0003380073,0.0003886712,0.0019154969,0.0011454258,0.0003857341,0.0002803955,0.0009739063,0.0027946558,0.0002360661,0.0006516561,0.0009705746,0.0015363597,0.0020247403,0.0007136998,0.0034894657,0.0001140342,0.0021773195,0.0002742918,0.0006592233,0.0022435609,0.0019092238,0.0020605578,0.0006340520,0.0019377374
ArmenianEastern,0.0000268212,0.0000280859,0.0006453844,0.0003915621,0.0006296348,0.0005917870,0.0007410581,0.0009344294,0.0012477584,0.0001678863,0.0006745901,0.0009653290,0.0001667981,0.0007966990,0.0008284530,0.0001412817,0.0008047131,0.0015717120,0.0018319881,0.0031704696,0.0007817018,0.0010124230,0.0010339328,0.0108697797,0.0027587092,0.0007433972,0.0010028642,0.0009736217,0.0007179244,0.0008761429,0.0019901206,0.0001847876,0.0016908698,0.0001840070,0.0017373622,0.0008063923,0.0002780709,0.0009235573,0.0006588684,0.0020253261,0.0003503142,0.0012308932,0.0009248738,0.0003090726,0.0028654888,0.0005219208,0.0012793746,0.0005935535,0.0000735299,0.0005499801,0.0003588578,0.0001506364,0.0014439726,0.0012194004,0.0010515580,0.0002880817,0.0021682220,0.0007888903,0.0010240498,0.0016008906,0.0007771166,0.0005656122,0.0000489127,0.0003437255,0.0008989251,0.0008775331,0.0020192238,0.0004151156,0.0002265631,0.0038382447,0.0071566139,0.0011877574,0.0019958839,0.0020803538,0.0002954361,0.0005581871,0.0005430128,0.0008589000,0.0003544261,0.0002680124,0.0020051358,0.0020499370,0.0001547289,0.0002678344,0.0005138490,0.0008233202,0.0006768721,0.0025144069,0.0039793301,0.0013456582,0.0004461561,0.0011161848,0.0014291076,0.0014665478,0.0004699269,0.0018136268,0.0006074516,0.0001974570,0.0025680642,0.0001777031,0.0004215662,0.0019854199,0.0008239234,0.0006396067,0.0007931750,0.0013658298,0.0014465703,0.0001401574,0.0012667812,0.0022836490,0.0042932593,0.0010819523,0.0003685545,0.0007382638,0.0016993756,0.0022865157,0.0014649445,0.0027859139,0.0005171066,0.0003917157,0.0018900465,0.0015061149,0.0015480351,0.0003768026,0.0013755136,0.0000983526,0.0003477918,0.0003564330,0.0009550726,0.0011344327,0.0007942175,0.0011669435,0.0020972909,0.0014212931,0.0009829508,0.0022022568,0.0015950034,0.0007666583,0.0003161906,0.0013798798,0.0023102513,0.0028689631,0.0003116967,0.0021224708,0.0034754214,0.0013525278,0.0001560960,0.0009616668,0.0001361657,0.0007118179,0.0009248089,0.0006262373,0.0004080019,0.0011932131,0.0008614603,0.0015549586,0.0020774433,0.0003212651,0.0006954185,0.0009803885,0.0005747611,0.0001458139,0.0004251656,0.0003770219,0.0005488925,0.0010861061,0.0010595521,0.0004808914,0.0010441562,0.0018603251,0.0009948201,0.0002164066,0.0007193674,0.0007187069,0.0006264536,0.0016145482,0.0006382542,0.0026654234,0.0008894930,0.0006068180,0.0006162621,0.0001797406,0.0004238541,0.0010259521,0.0009151942,0.0007314956,0.0004084847,0.0005699406,0.0029515993,0.0005093596,0.0007408761,0.0019103439,0.0015443538,0.0021693082,0.0003849074,0.0021923141,0.0013597913,0.0008027086,0.0005683528,0.0006855607
ArmenianWestern,0.0008305651,0.0033573025,0.0015742317,0.0026201872,0.0011833848,0.0028390358,0.0003731770,0.0001878717,0.0003909909,0.0007410494,0.0016580637,0.0009422958,0.0010076026,0.0004335707,0.0016737317,0.0003916452,0.0008662683,0.0034524788,0.0009898608,0.0016602561,0.0002538442,0.0041865824,0.0004832162,0.0137270332,0.0029412158,0.0009743115,0.0013212769,0.0015638427,0.0013659365,0.0001062793,0.0015520988,0.0009132985,0.0030964419,0.0004191652,0.0004381192,0.0006113891,0.0022457081,0.0010010096,0.0008324690,0.0006676627,0.0009562739,0.0021143606,0.0013407676,0.0029346058,0.0031784794,0.0020452566,0.0001426371,0.0023164353,0.0003843564,0.0031555593,0.0009288758,0.0007287008,0.0010153057,0.0018396783,0.0013928458,0.0016861416,0.0027326148,0.0022970115,0.0005003589,0.0000762895,0.0019260458,0.0019235564,0.0029673346,0.0023636033,0.0028152806,0.0003108112,0.0020188973,0.0017224884,0.0008090566,0.0058860945,0.0042297685,0.0011049937,0.0040588200,0.0017052442,0.0013419279,0.0011289130,0.0014676715,0.0029275353,0.0002160947,0.0004080636,0.0026024826,0.0028126990,0.0006592933,0.0013776540,0.0013077760,0.0073542925,0.0038635267,0.0036882907,0.0052305537,0.0007541489,0.0012360663,0.0010682855,0.0004151472,0.0012310186,0.0009551572,0.0005388197,0.0020690862,0.0014324142,0.0018054872,0.0005560900,0.0008013262,0.0020689426,0.0010869295,0.0008381649,0.0016072617,0.0023238979,0.0004051996,0.0000425791,0.0034400945,0.0025986410,0.0045812903,0.0015534190,0.0002658698,0.0019937208,0.0080279129,0.0014123573,0.0021550311,0.0018388643,0.0016538843,0.0014498538,0.0018583644,0.0018452859,0.0003526870,0.0000783220,0.0028975593,0.0015462271,0.0004376846,0.0004028240,0.0035416088,0.0010867127,0.0010856245,0.0013932888,0.0000352068,0.0028722151,0.0017347243,0.0049595582,0.0002704965,0.0034878554,0.0006738646,0.0022698628,0.0033608402,0.0059889291,0.0006846669,0.0009622912,0.0002955680,0.0021216458,0.0002814203,0.0005885872,0.0028461093,0.0028598410,0.0031753757,0.0014945267,0.0010787912,0.0039825356,0.0017375996,0.0017333216,0.0051685450,0.0023694925,0.0006058472,0.0017644556,0.0013670568,0.0005511315,0.0018063645,0.0023656478,0.0007455832,0.0001667993,0.0002736075,0.0001826607,0.0024231682,0.0012601954,0.0001115857,0.0025470976,0.0024277518,0.0016192226,0.0012111578,0.0015980169,0.0017847621,0.0031176319,0.0009495473,0.0012503131,0.0004769429,0.0002397734,0.0016079645,0.0015330720,0.0032552293,0.0020970937,0.0011978500,0.0043537427,0.0026700343,0.0014059215,0.0001561235,0.0007959944,0.0010780582,0.0018548377,0.0006814259,0.0007854667,0.0025313438,0.0010267086,0.0028445884,0.0022783110
AlbanianGheg,0.00009261820,0.00016246180,0.00101464525,0.00038316880,0.00022269365,0.00037735506,0.00125235214,0.00132938413,0.00068539704,0.00099160519,0.00077435215,0.00151029665,0.00090548308,0.00054871531,0.00046768712,0.00156209155,0.00172314185,0.00169967708,0.00070866433,0.00124343225,0.00052909414,0.00322179535,0.00084336582,0.01039580545,0.00170252026,0.00053957817,0.00082302498,0.00323920019,0.00189225797,0.00042859320,0.00046641131,0.00100655035,0.00141695981,0.00007960648,0.00130347820,0.00087083648,0.00060539033,0.00260754769,0.00082593617,0.00173875369,0.00150570930,0.00069858669,0.00048284748,0.00046540567,0.00322471554,0.00103095568,0.00089946753,0.00016638701,0.00009448655,0.00073041639,0.00041248052,0.00141242903,0.00116167551,0.00089495166,0.00050492738,0.00040650096,0.00225772768,0.00093607182,0.00133399790,0.00140900953,0.00082855461,0.00156133491,0.00116329760,0.00149030369,0.00067219269,0.00074199189,0.00218717009,0.00068896616,0.00109858484,0.00232431492,0.00212518290,0.00180363713,0.00225215293,0.00153134458,0.00018608253,0.00049022596,0.00176130715,0.00090428426,0.00273779669,0.00077572037,0.00420531285,0.00068525214,0.00162050823,0.00126809202,0.00169000514,0.00210879067,0.00082370612,0.00105214680,0.00108012232,0.00293567983,0.00128060362,0.00135728034,0.00077641389,0.00006515936,0.00097823337,0.00235514656,0.00080926700,0.00083481357,0.00211287241,0.00015644129,0.00132765290,0.00406615096,0.00044441854,0.00134172528,0.00044269391,0.00445750737,0.00143048905,0.00063112792,0.00017519957,0.00242558648,0.00015352247,0.00093993126,0.00097757221,0.00146180531,0.00000138261,0.00044739535,0.00062639819,0.00167683884,0.00046848562,0.00141097099,0.00064895930,0.00041997553,0.00029651442,0.00010133363,0.00159712676,0.00060411527,0.00082884240,0.00056706191,0.00144957121,0.00025267199,0.00129895573,0.00192401507,0.00246657499,0.00029900911,0.00101825885,0.00246961518,0.00117788493,0.00147286156,0.00052616911,0.00075160238,0.00098857733,0.00201995971,0.00280500686,0.00148640524,0.00106377896,0.00023035063,0.00109123399,0.00066252648,0.00094087658,0.00151453003,0.00099280466,0.00128990863,0.00066952505,0.00199293427,0.00225935244,0.00144788756,0.00151221130,0.00045814087,0.00103128586,0.00167416128,0.00154630817,0.00014357669,0.00250159039,0.00134821088,0.00181893315,0.00183174927,0.00027128795,0.00011750210,0.00075612073,0.00096585686,0.00008400941,0.00076812689,0.00134875266,0.00159822580,0.00290151618,0.00150077324,0.00290725737,0.00102369503,0.00217978939,0.00118534128,0.00022609929,0.00169107998,0.00074740364,0.00044295295,0.00079002870,0.00052364178,0.00126326786,0.00167842014,0.00432544912,0.00109858744,0.00044871575,0.00032389608,0.00062800056,0.00156653590,0.00170818535,0.00012201230,0.00212512909,0.00051466010,0.00194981438,0.00170070884
AlbanianStandard,0.0002078739,0.0002263721,0.0011447811,0.0002046485,0.0005134628,0.0020572775,0.0012763090,0.0001566699,0.0009474972,0.0010621507,0.0005621597,0.0013708703,0.0028712018,0.0009761764,0.0015336640,0.0005592319,0.0001510966,0.0025986877,0.0006349083,0.0014786320,0.0020047877,0.0015175683,0.0008002349,0.0095374454,0.0010894773,0.0004900103,0.0010976764,0.0014547843,0.0009597905,0.0003576958,0.0011925930,0.0026836557,0.0017735968,0.0007279089,0.0014470495,0.0014128004,0.0002443332,0.0036481056,0.0013079939,0.0010212751,0.0007965252,0.0012461634,0.0006737960,0.0002006856,0.0010116239,0.0011317705,0.0012070100,0.0007406265,0.0004067088,0.0008115629,0.0005449418,0.0013082024,0.0022570638,0.0001593002,0.0008146338,0.0010999635,0.0009225941,0.0014618867,0.0005739171,0.0019196270,0.0003297605,0.0009538770,0.0004592328,0.0007155710,0.0024046429,0.0012197725,0.0012499296,0.0019336689,0.0000762611,0.0019470468,0.0080027867,0.0014660104,0.0022773274,0.0004606492,0.0011500513,0.0003716988,0.0007320834,0.0010680480,0.0003391921,0.0011043816,0.0001555012,0.0006294013,0.0009071481,0.0005215051,0.0008057839,0.0040565794,0.0011233442,0.0012019386,0.0035978723,0.0034892091,0.0025171072,0.0002703477,0.0004789123,0.0003690351,0.0011850195,0.0026480492,0.0011955338,0.0001261618,0.0008837226,0.0011841658,0.0006020942,0.0021211251,0.0008988717,0.0004660268,0.0003585420,0.0023660855,0.0031435862,0.0011870450,0.0012424093,0.0026101305,0.0024326091,0.0005547308,0.0002675228,0.0019836253,0.0018421217,0.0003016779,0.0012015992,0.0004984107,0.0012118038,0.0022843599,0.0003257369,0.0033795666,0.0010693916,0.0005011707,0.0010956807,0.0007218431,0.0006226395,0.0006509057,0.0029724596,0.0015748654,0.0011124666,0.0003854752,0.0007282882,0.0009399428,0.0006598397,0.0034554409,0.0010459091,0.0011958705,0.0012784267,0.0003987725,0.0032996240,0.0032248474,0.0013405864,0.0006026551,0.0022875498,0.0020118823,0.0007610247,0.0004476043,0.0005251868,0.0022724413,0.0004596707,0.0002957291,0.0008666346,0.0011486670,0.0007087706,0.0024916854,0.0016432559,0.0008160415,0.0005747409,0.0035623602,0.0004542101,0.0011993909,0.0018622500,0.0001158375,0.0010432914,0.0010395438,0.0006341284,0.0001154947,0.0003254233,0.0017638549,0.0011591239,0.0034143688,0.0022737223,0.0001801592,0.0003614914,0.0003720045,0.0009005051,0.0001018478,0.0011203804,0.0014407714,0.0016260358,0.0001976285,0.0012024406,0.0013840708,0.0014815384,0.0012917881,0.0013433436,0.0006214885,0.0022445917,0.0010912916,0.0003170277,0.0008429709,0.0013682261,0.0002264263,0.0008927965,0.0004419656,0.0003383904,0.0007122487,0.0012103676,0.0033678353
AlbanianArberesh,0.0001388504,0.0000128519,0.0024038317,0.0036633693,0.0025386906,0.0012065919,0.0004372224,0.0004934722,0.0024065498,0.0012874745,0.0043365568,0.0036433678,0.0002629880,0.0004064628,0.0002126173,0.0007225684,0.0005240097,0.0039143496,0.0026529995,0.0017148084,0.0032370304,0.0102741841,0.0006857028,0.0044343673,0.0017483485,0.0054358057,0.0012398937,0.0009224661,0.0020904608,0.0025321897,0.0004089836,0.0003114094,0.0033082680,0.0000240154,0.0012314500,0.0028853227,0.0003457714,0.0005035843,0.0021149311,0.0043947803,0.0013002494,0.0016375628,0.0028689723,0.0013263725,0.0081417030,0.0005946411,0.0004328419,0.0016860406,0.0042255480,0.0057701417,0.0022277942,0.0014544508,0.0012065306,0.0013881860,0.0018197815,0.0042219841,0.0054785106,0.0013364858,0.0015191041,0.0021832908,0.0003566180,0.0034434029,0.0005833376,0.0017174615,0.0011743030,0.0013545017,0.0047227003,0.0043698601,0.0045847658,0.0004733907,0.0201475740,0.0038085820,0.0045533264,0.0028987909,0.0012641274,0.0010487742,0.0003900339,0.0018077276,0.0017451392,0.0002100789,0.0054615217,0.0164168489,0.0021925346,0.0041381455,0.0062442593,0.0082301575,0.0129992427,0.0042301680,0.0069453810,0.0045717412,0.0067100448,0.0019249777,0.0027544309,0.0011527549,0.0016872154,0.0017627285,0.0013074267,0.0049828512,0.0042484848,0.0026029400,0.0015035370,0.0022300468,0.0008228071,0.0006850153,0.0021019021,0.0013683028,0.0022612260,0.0023005056,0.0067177635,0.0020355764,0.0060474277,0.0043622541,0.0025807158,0.0015960025,0.0027968947,0.0036190316,0.0005269407,0.0015844353,0.0029066030,0.0014007064,0.0017166608,0.0016497980,0.0003835290,0.0011628853,0.0052848766,0.0008702306,0.0040288956,0.0001690864,0.0039055217,0.0016284961,0.0066898721,0.0028383020,0.0030076271,0.0102070098,0.0016465914,0.0059852928,0.0013769580,0.0000287854,0.0041544739,0.0008518693,0.0009714629,0.0158874709,0.0019736554,0.0048600425,0.0019146398,0.0079073708,0.0005330637,0.0030936910,0.0007559567,0.0010037660,0.0022421054,0.0031398793,0.0000551817,0.0019296898,0.0048070759,0.0020738816,0.0053376777,0.0013902225,0.0014159864,0.0005349599,0.0052280150,0.0010538632,0.0003077715,0.0014932830,0.0006640904,0.0011077730,0.0020485870,0.0039967267,0.0014735022,0.0020312045,0.0022607343,0.0010040488,0.0011660464,0.0106117699,0.0020632687,0.0012767426,0.0004591477,0.0060826894,0.0053751181,0.0019740953,0.0003227213,0.0003352266,0.0008804504,0.0032260377,0.0014115251,0.0015547417,0.0013476916,0.0082088339,0.0086594370,0.0027568960,0.0024050590,0.0031603611,0.0014429049,0.0004202781,0.0007874107,0.0007591305,0.0028108589,0.0003561005,0.0022609113,0.0039141011
VedicEarly,0.00091768692,0.00126891680,0.00068365647,0.00116602399,0.00276671885,0.00113029707,0.00311686961,0.00175187541,0.00166484690,0.00050505922,0.00224573987,0.00031045705,0.00299135318,0.00029852433,0.00220694396,0.00166977151,0.00005095205,0.00244248109,0.00246995632,0.00098785976,0.00226531836,0.00323761855,0.00039371685,0.00693597973,0.00255308826,0.00111525767,0.00217956934,0.00176070499,0.00109904118,0.00071323122,0.00035289366,0.00294184649,0.00053435124,0.00059371590,0.00056138163,0.00063748324,0.00158370608,0.00000915392,0.00242182340,0.00089174858,0.00030295592,0.00156404883,0.00085210463,0.00143536714,0.00653811959,0.00059660631,0.00156466381,0.00024589894,0.00049391431,0.00418391513,0.00120226312,0.00244634255,0.00036797643,0.00157783499,0.00072666566,0.00077566795,0.00259244981,0.00101980487,0.00091466897,0.00073308454,0.00087437882,0.00201739440,0.00016500596,0.00259615113,0.00166958483,0.00119488142,0.00163955340,0.00095034066,0.00072512319,0.00480016890,0.00358460115,0.00325285454,0.00109449360,0.00113687075,0.00146319638,0.00060221087,0.00136343683,0.00027937691,0.00086958044,0.00205959469,0.00388983976,0.00279260390,0.00134368068,0.00083685406,0.00124142557,0.00448075006,0.00050061867,0.00215954649,0.00090412577,0.00289108030,0.00837046200,0.00090110617,0.00069044242,0.00068517429,0.00172098003,0.00168523343,0.00075676263,0.00015550523,0.00032830283,0.00100652547,0.00058060221,0.00465247830,0.00072675356,0.00041973809,0.00111796371,0.00088767766,0.00111422801,0.00062871435,0.00111132102,0.00158655821,0.00293471396,0.00141329655,0.00031046864,0.00101194850,0.00366097506,0.00148369252,0.00175891552,0.00304651685,0.00089256594,0.00042446575,0.00258151225,0.00091610866,0.00149673178,0.00113867495,0.00180339470,0.00191902830,0.00021522064,0.00067342143,0.00299695127,0.00052531479,0.00129713758,0.00170007651,0.00028283977,0.00220381623,0.00099472937,0.00246093610,0.00002207337,0.00147048169,0.00045858097,0.00080421298,0.00083804395,0.00372587016,0.00153952435,0.00256467131,0.00236391204,0.00136110284,0.00043132968,0.00067523229,0.00211176865,0.00004253720,0.00153536669,0.00088121497,0.00066162560,0.00132328394,0.00218038125,0.00205836219,0.00320485882,0.00268057147,0.00060911115,0.00175307113,0.00047274850,0.00070199169,0.00207921733,0.00102512224,0.00062594113,0.00220264783,0.00057782319,0.00174357954,0.00122242189,0.00035868952,0.00033488410,0.00161910416,0.00004222903,0.00004258936,0.00488202690,0.00163018652,0.00119048452,0.00145501415,0.00165627795,0.00083136197,0.00195776920,0.00208536218,0.00261349493,0.00078865477,0.00162969777,0.00013820047,0.00035669560,0.00247033983,0.00374575814,0.00155749159,0.00120290387,0.00061736056,0.00163823454,0.00188362137,0.00040337087,0.00138491223,0.00126051177,0.00084745176,0.00205047860,0.00061230771
Pali,0.0007854434,0.0003406545,0.0013510580,0.0015842443,0.0034822251,0.0028249138,0.0022187152,0.0023774802,0.0016942011,0.0008474841,0.0025640428,0.0016276676,0.0012265278,0.0013329092,0.0022879823,0.0021837982,0.0020239525,0.0018931001,0.0034988556,0.0018795676,0.0015223837,0.0045861977,0.0000261969,0.0026145533,0.0029218506,0.0006311951,0.0012025971,0.0009829001,0.0022836618,0.0007236886,0.0009166127,0.0030999610,0.0044644307,0.0001289735,0.0010099043,0.0005225634,0.0008979070,0.0025844584,0.0005796468,0.0016570807,0.0001304749,0.0008052360,0.0008832150,0.0024416439,0.0014172752,0.0017078307,0.0021434345,0.0004183023,0.0005433485,0.0023814114,0.0009395752,0.0014370111,0.0035239453,0.0029752175,0.0009314143,0.0006046352,0.0015139145,0.0007584829,0.0010694507,0.0008277169,0.0010226989,0.0023203155,0.0012903985,0.0013537817,0.0023177332,0.0017378764,0.0026219784,0.0036900390,0.0016632107,0.0018937769,0.0136968299,0.0004310354,0.0048969000,0.0029952384,0.0003352382,0.0004562372,0.0013634914,0.0005195392,0.0008157545,0.0007150021,0.0013583575,0.0037458748,0.0042217664,0.0010822988,0.0013200083,0.0055222030,0.0035412747,0.0006058668,0.0073970534,0.0022376558,0.0059434402,0.0031976789,0.0029796192,0.0009934499,0.0008106743,0.0007502613,0.0013070781,0.0043044273,0.0038841767,0.0006706639,0.0002077290,0.0026431396,0.0003879705,0.0032576573,0.0021982698,0.0029836598,0.0016867175,0.0030307726,0.0020353690,0.0029506275,0.0009090030,0.0016606301,0.0007214273,0.0032116822,0.0018541705,0.0014408521,0.0015088667,0.0015748277,0.0014263605,0.0028438785,0.0054181490,0.0014087660,0.0008164033,0.0015133524,0.0006611770,0.0011109328,0.0010052491,0.0006750423,0.0039707407,0.0032883946,0.0029280587,0.0010627514,0.0024541291,0.0002561034,0.0043079893,0.0010083700,0.0008454079,0.0017693327,0.0026212880,0.0010796930,0.0052535000,0.0044628781,0.0038211944,0.0014441783,0.0025051186,0.0023540225,0.0003189438,0.0010526533,0.0016026588,0.0020517010,0.0007778057,0.0012940678,0.0024750034,0.0006959925,0.0032385520,0.0024574171,0.0014299515,0.0015210077,0.0017373090,0.0015687308,0.0014139273,0.0019094883,0.0024872429,0.0007498725,0.0017525599,0.0020312631,0.0019124926,0.0004102500,0.0012522619,0.0011592498,0.0012658065,0.0003820186,0.0010385796,0.0006563835,0.0006336862,0.0017457082,0.0009713154,0.0034441367,0.0014993862,0.0028076826,0.0005942218,0.0022485411,0.0003035686,0.0019651258,0.0013503992,0.0004808370,0.0010877501,0.0030596885,0.0053422821,0.0022567161,0.0008682965,0.0022528895,0.0002389043,0.0023900996,0.0009616812,0.0013835954,0.0033266198,0.0006066573,0.0003643911,0.0022651649
Sinhalese,0.003735548,0.006554256,0.009718320,0.008184793,0.004857739,0.001032128,0.004654019,0.010904303,0.004164567,0.005920208,0.013448803,0.006886787,0.004927109,0.004367862,0.005940836,0.004336617,0.001822383,0.006486580,0.012414203,0.008691528,0.002734493,0.002734639,0.000781622,0.017864711,0.001518891,0.008478072,0.007960952,0.002007092,0.002503826,0.001449571,0.004668535,0.008688490,0.005422246,0.002748070,0.005931139,0.003918133,0.004236801,0.007567170,0.005398926,0.013741284,0.003727131,0.005300143,0.003084587,0.003225994,0.018018480,0.004349359,0.005189584,0.006828038,0.006586837,0.015493210,0.002480150,0.003720304,0.008667732,0.004224099,0.003203033,0.001121690,0.001862617,0.003147254,0.005705122,0.006810793,0.002085005,0.004346365,0.004881700,0.005025261,0.014951775,0.002960120,0.005315893,0.004325062,0.012970090,0.015032756,0.031741732,0.002332409,0.012747332,0.002848314,0.005214586,0.000770971,0.005501450,0.001242711,0.003855285,0.003753520,0.009664086,0.007042602,0.007214591,0.002083767,0.007537586,0.040664912,0.024297312,0.023195271,0.005423404,0.007093987,0.008146555,0.006626676,0.001471759,0.006191393,0.004135589,0.006285101,0.003163076,0.007108013,0.007890558,0.003331683,0.005478599,0.009353446,0.002784612,0.009333618,0.004570562,0.009100953,0.001900716,0.005014223,0.013176855,0.008209398,0.018155432,0.001509910,0.003096499,0.003992862,0.012669604,0.004090187,0.003058841,0.014588388,0.011587562,0.006508090,0.009812334,0.012406402,0.003938410,0.001599243,0.002630997,0.003108557,0.001480057,0.003494396,0.007109920,0.004700087,0.006181916,0.003420286,0.018022361,0.000896598,0.009425418,0.013478817,0.003845326,0.004053426,0.004105307,0.001243617,0.006413138,0.008858749,0.000170164,0.006301697,0.006722362,0.009074086,0.002838570,0.001454690,0.000618196,0.002621217,0.002022678,0.009544413,0.001806474,0.008276328,0.006437768,0.004959165,0.011912010,0.002495464,0.001337191,0.002205561,0.000895191,0.002641752,0.005644146,0.005352114,0.007327456,0.004362008,0.001703084,0.007472999,0.006244411,0.007434240,0.001083608,0.001705365,0.005306437,0.010867787,0.009422836,0.004263043,0.002675951,0.004944819,0.005032062,0.005895553,0.005329731,0.007811393,0.008742575,0.002269363,0.002718569,0.008892684,0.001041489,0.015824450,0.016262533,0.001446052,0.004853149,0.004952335,0.009030629,0.009294248,0.003773384,0.006248987,0.003595174,0.004747922,0.005562715,0.010842044
Assamese,0.0015189176,0.0006484357,0.0006667419,0.0007860277,0.0045308324,0.0011359325,0.0011569197,0.0029749704,0.0009441257,0.0015005201,0.0054417953,0.0025356397,0.0009483195,0.0003177779,0.0040390637,0.0006985922,0.0020273753,0.0007248807,0.0030671165,0.0006740682,0.0027505909,0.0042089298,0.0017184325,0.0039782374,0.0004794167,0.0008494772,0.0016157046,0.0015037080,0.0013261035,0.0004625132,0.0012032354,0.0056248076,0.0012051459,0.0010881027,0.0016960160,0.0005959206,0.0005511124,0.0008903944,0.0005844825,0.0015068969,0.0033579356,0.0005569000,0.0006723493,0.0033988180,0.0011548897,0.0000575492,0.0008602715,0.0010432867,0.0025253687,0.0030502149,0.0025019346,0.0011753918,0.0013202823,0.0033127894,0.0003531932,0.0010222630,0.0056514998,0.0002966201,0.0000631836,0.0012090905,0.0013938940,0.0026068247,0.0003884129,0.0016811085,0.0014202859,0.0005485767,0.0058876155,0.0123922555,0.0025042374,0.0108179654,0.0053645304,0.0016364951,0.0049614007,0.0027853483,0.0003725793,0.0013739794,0.0003512221,0.0018750821,0.0001385743,0.0004886115,0.0006030259,0.0040045515,0.0007480637,0.0015057909,0.0021567647,0.0162193392,0.0069533464,0.0141644694,0.0019648366,0.0011506771,0.0008427877,0.0018153744,0.0035423202,0.0025586135,0.0016367798,0.0032213009,0.0021806842,0.0019860338,0.0010635820,0.0008294678,0.0011666415,0.0048501020,0.0016716510,0.0008892754,0.0005646583,0.0014169226,0.0029954241,0.0020189682,0.0033387040,0.0040969300,0.0058695764,0.0006633416,0.0008279262,0.0001644616,0.0093975959,0.0021417980,0.0008678579,0.0033722256,0.0017454934,0.0015290200,0.0061512527,0.0037270382,0.0018728654,0.0014798732,0.0013580083,0.0027243254,0.0005069521,0.0002134026,0.0031102105,0.0009262755,0.0010339765,0.0013506536,0.0001829265,0.0005671095,0.0021728247,0.0010392242,0.0012403428,0.0047978213,0.0023048808,0.0009411932,0.0062483138,0.0039637180,0.0022501606,0.0013879649,0.0019564107,0.0018517947,0.0006705760,0.0006457644,0.0008717678,0.0014497554,0.0000213061,0.0034133513,0.0006787075,0.0012341908,0.0047328460,0.0016623898,0.0056413331,0.0018828354,0.0014360265,0.0019589638,0.0002662241,0.0002851900,0.0000644817,0.0033188016,0.0007208434,0.0032663700,0.0004248947,0.0033704500,0.0062552360,0.0005300409,0.0005555265,0.0013234755,0.0004526022,0.0060427928,0.0089070150,0.0010139331,0.0020894828,0.0033676447,0.0029670464,0.0013664035,0.0021853080,0.0040729866,0.0023818001,0.0015349051,0.0014573489,0.0025339870,0.0002744790,0.0043868534,0.0112421718,0.0033905139,0.0012414382,0.0011762087,0.0006580613,0.0024452749,0.0017991841,0.0023102411,0.0030074162,0.0002245406,0.0011793064,0.0013200232
Bengali,0.0016156557,0.0006943029,0.0015638196,0.0006339914,0.0014476842,0.0006737350,0.0038682842,0.0024777964,0.0004369260,0.0011488007,0.0008715380,0.0004136889,0.0020620061,0.0026014815,0.0014388174,0.0011378646,0.0022456765,0.0015766732,0.0004740753,0.0004727011,0.0006487781,0.0057195731,0.0020194235,0.0033015330,0.0049654995,0.0004545097,0.0011485049,0.0016172114,0.0010487358,0.0002400962,0.0020583735,0.0029544496,0.0029071959,0.0005487237,0.0001646466,0.0003512207,0.0012235973,0.0008183708,0.0015920870,0.0029762837,0.0022358550,0.0010515196,0.0006292811,0.0026211410,0.0013701201,0.0002592199,0.0003212561,0.0017733510,0.0012078963,0.0022619056,0.0004897360,0.0005652916,0.0008092335,0.0004967726,0.0013447874,0.0021859427,0.0009147345,0.0013157716,0.0013326948,0.0000183096,0.0016406646,0.0021969278,0.0012373047,0.0015935266,0.0009360397,0.0033984238,0.0044759043,0.0026608784,0.0029266134,0.0027408046,0.0022868433,0.0018427469,0.0016941978,0.0027873176,0.0008746438,0.0005183010,0.0006878092,0.0005793205,0.0006583166,0.0004136500,0.0020494395,0.0025503031,0.0005235363,0.0003638575,0.0018222345,0.0080158799,0.0007496970,0.0030270224,0.0057251052,0.0011585581,0.0036885247,0.0007984809,0.0010429357,0.0012335455,0.0027799480,0.0006518435,0.0013923177,0.0006057031,0.0013114000,0.0018949880,0.0022678330,0.0010481936,0.0013409241,0.0015924188,0.0015829753,0.0079301340,0.0019911320,0.0015222207,0.0036731800,0.0018354728,0.0018610588,0.0011197934,0.0001283522,0.0010431303,0.0059368321,0.0041101847,0.0042143322,0.0038664722,0.0008791655,0.0021109173,0.0029742183,0.0050062884,0.0017251208,0.0000968081,0.0020145798,0.0011056386,0.0017006351,0.0008410364,0.0008904113,0.0013685827,0.0010367097,0.0006793821,0.0021451362,0.0018760929,0.0009224789,0.0013395120,0.0010314961,0.0017372519,0.0002841438,0.0004484164,0.0029984556,0.0037620865,0.0011947769,0.0030064867,0.0024142892,0.0019488104,0.0010905878,0.0002579289,0.0008790894,0.0011279305,0.0000808307,0.0011755852,0.0009031008,0.0022100503,0.0009200977,0.0020246133,0.0008131430,0.0009505403,0.0002861722,0.0035866745,0.0003132465,0.0007307454,0.0014880530,0.0010188631,0.0011448587,0.0015653341,0.0008910950,0.0018965481,0.0019686932,0.0010150643,0.0011753619,0.0003859932,0.0033818723,0.0009927971,0.0020106638,0.0002692014,0.0033714625,0.0004303440,0.0007630149,0.0011361998,0.0007196553,0.0006989162,0.0002336792,0.0026687417,0.0013519010,0.0020808336,0.0011538416,0.0014933165,0.0049873147,0.0003215219,0.0019838994,0.0027561321,0.0007031911,0.0001948175,0.0015138059,0.0009578585,0.0028848733,0.0014028403,0.0019646724,0.0013771122
Maithili,0.0007677710,0.0006566322,0.0010149948,0.0044054638,0.0016444794,0.0006151360,0.0012928179,0.0024560599,0.0016864961,0.0004308543,0.0006711240,0.0012915860,0.0003366391,0.0017576909,0.0017533783,0.0019147641,0.0015343453,0.0023383787,0.0022414171,0.0077306388,0.0027119789,0.0003440769,0.0011561685,0.0060726935,0.0016387117,0.0015936267,0.0012973838,0.0021648689,0.0002768804,0.0004219400,0.0007585610,0.0010857511,0.0011854271,0.0011896966,0.0001948149,0.0014394411,0.0016305564,0.0017201011,0.0009527677,0.0012067567,0.0020410988,0.0003481402,0.0004019465,0.0013716633,0.0025776838,0.0006697858,0.0008125798,0.0020915024,0.0006320792,0.0015164926,0.0012646052,0.0008132207,0.0008788295,0.0007370971,0.0006065332,0.0030239792,0.0008403148,0.0012754403,0.0005944138,0.0007302535,0.0017587223,0.0017081097,0.0036332193,0.0011297824,0.0017698416,0.0034444532,0.0033635583,0.0016748522,0.0020203856,0.0002297170,0.0031037776,0.0035369824,0.0007370554,0.0025841355,0.0024334915,0.0008821290,0.0004012773,0.0023670889,0.0026310588,0.0005351555,0.0007418230,0.0044670887,0.0020147032,0.0017709237,0.0023041973,0.0075242553,0.0031963314,0.0005195929,0.0019846287,0.0009367205,0.0026894107,0.0026443454,0.0007277191,0.0008131976,0.0005128739,0.0026035956,0.0016768694,0.0013017523,0.0006388261,0.0005118673,0.0007030766,0.0007773433,0.0016476711,0.0008547961,0.0015501878,0.0004630408,0.0016101081,0.0001854581,0.0003350475,0.0029878061,0.0015030487,0.0005465528,0.0005336258,0.0007383885,0.0072792073,0.0014381428,0.0001789436,0.0033464901,0.0020633073,0.0013655431,0.0037292726,0.0079477831,0.0024115032,0.0002971879,0.0008339699,0.0010285646,0.0017512410,0.0009176378,0.0009467161,0.0016172203,0.0015157763,0.0018437894,0.0013189083,0.0005871250,0.0036698797,0.0007566878,0.0004033005,0.0057818984,0.0008778340,0.0017449994,0.0013345958,0.0047437943,0.0013947052,0.0011697039,0.0032655455,0.0024656213,0.0003099734,0.0010291548,0.0006612080,0.0007112220,0.0001785582,0.0015674986,0.0019050495,0.0008071328,0.0029618566,0.0006148857,0.0061234792,0.0014628200,0.0011167334,0.0019020886,0.0017450834,0.0006157481,0.0023379961,0.0027453835,0.0013549499,0.0026884630,0.0008471599,0.0006274554,0.0027161349,0.0018705488,0.0011683283,0.0005702570,0.0016308997,0.0030749405,0.0006016780,0.0030241713,0.0025921006,0.0010996064,0.0020753062,0.0011367959,0.0001974006,0.0010523922,0.0003414906,0.0023433303,0.0008321370,0.0009716352,0.0019651699,0.0002764095,0.0032757041,0.0001202157,0.0000384574,0.0037242914,0.0012299825,0.0003800590,0.0005823725,0.0013318568,0.0027170924,0.0009805060,0.0008893098,0.0003421235
Magahi,0.0012329927,0.0011570698,0.0005137984,0.0010886236,0.0002101769,0.0005696550,0.0006324214,0.0021044071,0.0008371745,0.0003304168,0.0000605681,0.0014932557,0.0014627763,0.0001794688,0.0038970373,0.0013172936,0.0021941607,0.0038052807,0.0009100652,0.0026192461,0.0033971849,0.0027346629,0.0003549872,0.0066007781,0.0007890947,0.0007625068,0.0016280057,0.0005405527,0.0026015460,0.0007206841,0.0000690133,0.0003059110,0.0030734330,0.0041139655,0.0000705859,0.0013249973,0.0023072179,0.0003466549,0.0025673958,0.0008827918,0.0005387843,0.0007649962,0.0009086068,0.0082493281,0.0009660561,0.0014313746,0.0000331200,0.0010104592,0.0016326317,0.0012829759,0.0008892248,0.0008840684,0.0010851978,0.0007154395,0.0008790537,0.0009639399,0.0005166271,0.0007255949,0.0028523644,0.0014128745,0.0016587335,0.0003741360,0.0013268941,0.0007586719,0.0024748614,0.0014243309,0.0022011610,0.0007847505,0.0007329655,0.0016081395,0.0027949018,0.0045515273,0.0024697867,0.0015302338,0.0011259314,0.0008045840,0.0010661334,0.0002929566,0.0010247499,0.0006230275,0.0023198741,0.0045134743,0.0010782119,0.0039410599,0.0006766530,0.0075000796,0.0010422041,0.0053101583,0.0002496043,0.0005147628,0.0031846938,0.0017417764,0.0000388485,0.0005799039,0.0011334641,0.0002355356,0.0005939710,0.0019923754,0.0022910114,0.0008302088,0.0018621162,0.0015976552,0.0001949980,0.0006960128,0.0002935940,0.0029842633,0.0013232097,0.0020448010,0.0018067690,0.0011996288,0.0008904883,0.0032962058,0.0010289949,0.0011267675,0.0007602769,0.0013320570,0.0002018306,0.0030853156,0.0017095243,0.0007858788,0.0009126354,0.0022282652,0.0005873795,0.0004684139,0.0004243824,0.0006225657,0.0013338143,0.0009421929,0.0010834783,0.0006375943,0.0008181489,0.0006252228,0.0027615409,0.0011252462,0.0004660354,0.0030625467,0.0022917995,0.0044963201,0.0006133460,0.0012905143,0.0020428350,0.0027868979,0.0033465951,0.0013505464,0.0016966024,0.0031239218,0.0009561990,0.0021427617,0.0012971631,0.0018047348,0.0012033901,0.0001572932,0.0007550471,0.0005967668,0.0015736536,0.0020275368,0.0035821731,0.0039053832,0.0004095011,0.0026880167,0.0000289740,0.0010454001,0.0010553431,0.0018218742,0.0001520141,0.0005196513,0.0019444722,0.0016083303,0.0001101568,0.0012751752,0.0011796745,0.0015634230,0.0003794723,0.0004681921,0.0004472152,0.0011222323,0.0003811029,0.0017411833,0.0011551336,0.0016106010,0.0002621912,0.0004251434,0.0016649647,0.0021856416,0.0006605975,0.0005091227,0.0006976844,0.0015861459,0.0021474153,0.0001103448,0.0017203931,0.0019748291,0.0008502058,0.0006212289,0.0013462896,0.0015260732,0.0011031571,0.0022331551,0.0001012998,0.0034155820
Bhojpuri,0.0005402194,0.0005332178,0.0013381292,0.0003104041,0.0013404367,0.0015414559,0.0009260569,0.0013999220,0.0016897613,0.0012773322,0.0007930193,0.0006244392,0.0012919197,0.0008277902,0.0020512145,0.0003399772,0.0003629813,0.0011078310,0.0007645678,0.0037408221,0.0000947064,0.0004015827,0.0007861080,0.0056019892,0.0007769788,0.0007194080,0.0013201951,0.0014569371,0.0019396120,0.0012415498,0.0002128295,0.0022541809,0.0008500891,0.0003911413,0.0002776983,0.0014489939,0.0002887439,0.0022424925,0.0017831597,0.0010429758,0.0011907979,0.0002848854,0.0002265152,0.0008617457,0.0002770180,0.0007791225,0.0012377961,0.0025586120,0.0009861107,0.0005983467,0.0006549464,0.0006952390,0.0011150467,0.0013837527,0.0019782679,0.0000474703,0.0023766658,0.0015719795,0.0007826771,0.0004699044,0.0001551111,0.0004496524,0.0001670149,0.0014621146,0.0007896275,0.0012277405,0.0006557907,0.0005916428,0.0002392504,0.0053332574,0.0005212185,0.0018022387,0.0004677358,0.0018755772,0.0004598978,0.0005750935,0.0006669796,0.0001446016,0.0004570925,0.0003267782,0.0001800407,0.0013413130,0.0004845714,0.0008823461,0.0002949379,0.0011030738,0.0021776896,0.0020789173,0.0017555674,0.0014986015,0.0040023301,0.0003573442,0.0019787770,0.0030937704,0.0012138501,0.0011028863,0.0012277908,0.0000977147,0.0035369172,0.0005194304,0.0005980991,0.0012468233,0.0002687425,0.0017459679,0.0002158747,0.0018637977,0.0010372481,0.0003681264,0.0017479998,0.0014639315,0.0003786227,0.0012413494,0.0007895595,0.0007862622,0.0058740799,0.0004879483,0.0006919208,0.0011889272,0.0005903435,0.0023402709,0.0040839640,0.0073449912,0.0007327334,0.0000799327,0.0021465150,0.0002339919,0.0011211613,0.0006290101,0.0030000921,0.0007456117,0.0003258469,0.0008266221,0.0019133001,0.0002211088,0.0013896804,0.0017994393,0.0003904264,0.0012094185,0.0011502096,0.0011569487,0.0015213184,0.0010297267,0.0009913078,0.0010410614,0.0001173742,0.0014546454,0.0004754852,0.0005316807,0.0011904313,0.0006970090,0.0008044784,0.0008392715,0.0008034638,0.0002262630,0.0009439567,0.0022261058,0.0013606233,0.0008275598,0.0008554975,0.0021178007,0.0006327696,0.0008780747,0.0010602562,0.0014855415,0.0006564428,0.0010144640,0.0004330770,0.0007881370,0.0003128063,0.0008254783,0.0008175615,0.0004258710,0.0018725286,0.0016754105,0.0002186046,0.0027137856,0.0013989209,0.0001556256,0.0005418825,0.0019112738,0.0000320952,0.0001728897,0.0018777956,0.0004704730,0.0006771102,0.0001919496,0.0007352730,0.0010978952,0.0022914233,0.0015387061,0.0013364913,0.0005765056,0.0009464655,0.0014270704,0.0002680502,0.0014417480,0.0006447026,0.0006367406,0.0005831543,0.0008244239
Hindi,0.00041525771,0.00068404865,0.00064632398,0.00051901647,0.00091629823,0.00069573070,0.00057042081,0.00060562652,0.00021518469,0.00074857638,0.00094648932,0.00056529082,0.00116213652,0.00062290746,0.00102265336,0.00062804786,0.00076683925,0.00034999495,0.00025774417,0.00046713166,0.00060142251,0.00036296987,0.00066676190,0.00703531121,0.00079448019,0.00019372408,0.00062437722,0.00056426521,0.00027346281,0.00018499388,0.00031330691,0.00072928679,0.00078230210,0.00079419639,0.00020980386,0.00058007206,0.00023390364,0.00181807377,0.00062033863,0.00151096381,0.00049665975,0.00072062588,0.00017488095,0.00167100456,0.00076983031,0.00028951699,0.00104413546,0.00047166775,0.00076681035,0.00050351301,0.00091464649,0.00128532761,0.00067432070,0.00091678128,0.00092039767,0.00040948786,0.00087215719,0.00046458816,0.00034427284,0.00027231860,0.00055955488,0.00109570662,0.00000605028,0.00023197893,0.00026116417,0.00035764491,0.00108152461,0.00022598807,0.00026728712,0.00097726364,0.00287802345,0.00037779440,0.00217820185,0.00090840347,0.00022367358,0.00099417330,0.00018627272,0.00092316242,0.00086679807,0.00075152079,0.00100254108,0.00462606714,0.00042275862,0.00025223072,0.00008173136,0.00311270165,0.00018546410,0.00033949813,0.00259962957,0.00101277281,0.00165127897,0.00036136606,0.00028249814,0.00039813291,0.00093795437,0.00112954151,0.00060956792,0.00088633395,0.00110288791,0.00041657470,0.00057934787,0.00167248280,0.00054568604,0.00079258276,0.00059027887,0.00237654105,0.00005746006,0.00104565576,0.00049548621,0.00238818054,0.00040856604,0.00072992534,0.00078292621,0.00053626164,0.00246140979,0.00078180480,0.00056287990,0.00132035390,0.00053707027,0.00011836542,0.00196293744,0.00295500294,0.00049470935,0.00019649831,0.00071733296,0.00052234275,0.00033646296,0.00126188501,0.00148128418,0.00032128670,0.00087171406,0.00053683641,0.00007613783,0.00061528979,0.00063631217,0.00074688488,0.00122480205,0.00256893185,0.00062860325,0.00016398935,0.00062958488,0.00214179011,0.00060456973,0.00132367792,0.00072785785,0.00043890861,0.00018981540,0.00046747957,0.00056546936,0.00095238250,0.00113099292,0.00062976195,0.00014743360,0.00156163889,0.00193344897,0.00037533098,0.00110693118,0.00002694827,0.00040263914,0.00075432941,0.00019576999,0.00025149330,0.00019565573,0.00095369055,0.00023478072,0.00062584261,0.00072506510,0.00047798093,0.00023215055,0.00057531890,0.00036973857,0.00015372366,0.00069803219,0.00047884338,0.00076135145,0.00125771701,0.00110491141,0.00037580288,0.00005285757,0.00038435818,0.00082482391,0.00043679161,0.00041596993,0.00069208300,0.00070902706,0.00067679518,0.00088493744,0.00076765786,0.00135848073,0.00033178618,0.00028179583,0.00026704819,0.00043054479,0.00164253834,0.00006743458,0.00035569337,0.00069102758,0.00080376835,0.00077858293,0.00016542153
Urdu,0.0031518271,0.0021637397,0.0023223147,0.0007905177,0.0027972909,0.0023484495,0.0014410897,0.0020217599,0.0015359654,0.0006890358,0.0020064504,0.0021115943,0.0002471335,0.0012044511,0.0018806147,0.0021220444,0.0018890396,0.0003954985,0.0026106510,0.0025584098,0.0038394840,0.0057233523,0.0010648175,0.0121164441,0.0033058046,0.0008493550,0.0022660997,0.0024710171,0.0012767211,0.0016991775,0.0000403969,0.0002143917,0.0012176666,0.0002081963,0.0019304647,0.0016941431,0.0019520038,0.0044966768,0.0037962409,0.0009306259,0.0047996902,0.0013985373,0.0007644776,0.0015298264,0.0036160206,0.0011704288,0.0006051025,0.0009909280,0.0021203975,0.0026265211,0.0011212590,0.0006260364,0.0015578189,0.0010692807,0.0018255625,0.0018419357,0.0004206218,0.0021440959,0.0009170233,0.0030803809,0.0003078239,0.0035125533,0.0011850704,0.0004930860,0.0023392754,0.0009066276,0.0015802918,0.0006677737,0.0018634987,0.0008566000,0.0096872661,0.0026930183,0.0013852155,0.0023445998,0.0025487940,0.0018499717,0.0002501629,0.0013558195,0.0008866968,0.0023627062,0.0009148333,0.0081219244,0.0015629730,0.0018427528,0.0008316147,0.0076846818,0.0019567494,0.0047195570,0.0042527986,0.0002212834,0.0029766037,0.0024862646,0.0029175571,0.0027827120,0.0020731967,0.0037852783,0.0026370583,0.0011309586,0.0049640314,0.0013470051,0.0017281051,0.0058441064,0.0004622449,0.0006315213,0.0008143895,0.0051221255,0.0016336968,0.0035203468,0.0031694203,0.0014285881,0.0029564677,0.0033278160,0.0006477895,0.0011455511,0.0031119719,0.0034137129,0.0001206692,0.0018129665,0.0029422817,0.0030706602,0.0020925015,0.0109921859,0.0012976617,0.0010988670,0.0030570327,0.0018976140,0.0004782928,0.0011856067,0.0002951446,0.0008732574,0.0011986391,0.0036037116,0.0032921300,0.0020517680,0.0011837064,0.0005060463,0.0016687759,0.0063769261,0.0020131476,0.0012501934,0.0024520048,0.0039560836,0.0038869365,0.0080075505,0.0011320236,0.0013942594,0.0006099150,0.0018711132,0.0021898818,0.0013171075,0.0017927880,0.0032463398,0.0013516927,0.0036653515,0.0022801672,0.0009794542,0.0048333525,0.0016804170,0.0027883250,0.0031701270,0.0026744153,0.0010596169,0.0011845864,0.0016946768,0.0011689940,0.0011325333,0.0003190316,0.0026409720,0.0008560814,0.0002980485,0.0008112178,0.0010176177,0.0000866360,0.0033010614,0.0039276660,0.0013358730,0.0016735245,0.0019007224,0.0012852428,0.0019511637,0.0009610868,0.0011134306,0.0013230265,0.0031102816,0.0006652046,0.0002850901,0.0008142408,0.0027545099,0.0061197144,0.0030809597,0.0023138782,0.0014746147,0.0004171503,0.0042993707,0.0039385818,0.0009337387,0.0018216940,0.0009436929,0.0007703438,0.0018693695
Nepali,0.0011670087,0.0009965349,0.0025826889,0.0010587098,0.0022484378,0.0034536369,0.0020758794,0.0017081532,0.0005659168,0.0022321059,0.0032192536,0.0017167653,0.0058300596,0.0001926674,0.0027756625,0.0012825462,0.0009670226,0.0033152641,0.0080861210,0.0137792073,0.0001135360,0.0001691373,0.0037862827,0.0154423593,0.0040162329,0.0013030218,0.0016751283,0.0031659144,0.0022550470,0.0006979068,0.0015245548,0.0058535816,0.0047670862,0.0004945881,0.0011812138,0.0009084874,0.0012031934,0.0066025273,0.0012589636,0.0019604165,0.0014613501,0.0008177014,0.0018527002,0.0069960819,0.0055649666,0.0035816585,0.0020129158,0.0036415931,0.0009128933,0.0012320456,0.0008547468,0.0007720316,0.0045515138,0.0059661935,0.0029643650,0.0043994868,0.0024296060,0.0021333028,0.0029784896,0.0025738161,0.0007263586,0.0029544510,0.0054343747,0.0026660396,0.0014318669,0.0018223552,0.0069610995,0.0046985393,0.0009951054,0.0028495935,0.0069427455,0.0037697991,0.0035395845,0.0041814350,0.0010587469,0.0018231220,0.0041862833,0.0049360534,0.0005859177,0.0020807748,0.0013049088,0.0036745873,0.0004338271,0.0019282266,0.0092869985,0.0036260351,0.0085597774,0.0081715361,0.0128574386,0.0033582077,0.0104547880,0.0002558090,0.0034443301,0.0034306092,0.0048501245,0.0018950124,0.0023513262,0.0031915385,0.0062633812,0.0000656457,0.0015721487,0.0054372884,0.0020900475,0.0032930108,0.0021483102,0.0119046364,0.0041766301,0.0018932834,0.0024779684,0.0082563617,0.0021502507,0.0047778041,0.0000863884,0.0009777780,0.0028659658,0.0043752951,0.0002254535,0.0030836417,0.0046366576,0.0042771720,0.0104653923,0.0016747300,0.0022591566,0.0021252521,0.0018835046,0.0011037085,0.0017248947,0.0025527275,0.0032909272,0.0011825194,0.0036122773,0.0018484429,0.0014870412,0.0044729042,0.0040583752,0.0069152033,0.0058916796,0.0087201102,0.0050236585,0.0000715123,0.0075565078,0.0062721047,0.0029740201,0.0056447714,0.0002350990,0.0105905723,0.0011560475,0.0022947814,0.0009895743,0.0028173185,0.0013246074,0.0013841275,0.0018689312,0.0065873712,0.0038117238,0.0041677927,0.0030462612,0.0047637849,0.0022765936,0.0028196943,0.0025886850,0.0006246464,0.0059962019,0.0009028673,0.0021879439,0.0026243549,0.0019688880,0.0003234799,0.0018537569,0.0029778390,0.0001074500,0.0008259549,0.0031773848,0.0095069112,0.0012817877,0.0004081220,0.0015410418,0.0028344188,0.0012976774,0.0019136150,0.0014018035,0.0011605009,0.0021664796,0.0015331953,0.0028068470,0.0012773294,0.0009337345,0.0022180486,0.0036565753,0.0016183945,0.0012330256,0.0030120234,0.0000122583,0.0019627164,0.0061422498,0.0028360562,0.0052313661,0.0041601279,0.0029571226,0.0041251025
Punjabi,0.0009671059,0.0024981499,0.0024268419,0.0041572911,0.0015259572,0.0006286848,0.0029593363,0.0010762282,0.0008696620,0.0005164741,0.0033180475,0.0023065477,0.0007478145,0.0029285770,0.0036479761,0.0025091132,0.0002574728,0.0001928290,0.0016833082,0.0005202319,0.0038291029,0.0044461895,0.0008923706,0.0104474835,0.0012219958,0.0009204084,0.0013236520,0.0005876718,0.0015124527,0.0011983172,0.0003856798,0.0024981825,0.0024390348,0.0012002563,0.0005483053,0.0008473243,0.0010625081,0.0056243508,0.0010676766,0.0012473445,0.0005883052,0.0003753972,0.0012132890,0.0011945503,0.0029741776,0.0012899897,0.0014008266,0.0008298759,0.0010373286,0.0013889273,0.0013189902,0.0018115322,0.0012664131,0.0033892098,0.0035958581,0.0004019642,0.0015730100,0.0013666269,0.0019177603,0.0025038389,0.0011291733,0.0049236087,0.0035626402,0.0030506977,0.0038466562,0.0009752899,0.0048802944,0.0034625858,0.0064937642,0.0050905446,0.0096054141,0.0013826486,0.0053396743,0.0030882366,0.0010459829,0.0006437542,0.0016892551,0.0029125310,0.0010465738,0.0006945420,0.0009758199,0.0045767687,0.0027094915,0.0006754085,0.0027232912,0.0001245374,0.0080165530,0.0076529504,0.0009412607,0.0018563474,0.0039582405,0.0032052605,0.0013830855,0.0017954887,0.0004755652,0.0041226898,0.0008105555,0.0026168994,0.0040553549,0.0021828161,0.0010542486,0.0063662808,0.0015273289,0.0004520335,0.0000856298,0.0020257925,0.0043191764,0.0015694173,0.0039589043,0.0003546908,0.0010302484,0.0034098608,0.0001966969,0.0037147380,0.0064159665,0.0040692920,0.0001878398,0.0006077971,0.0005739770,0.0039130386,0.0014946444,0.0043803616,0.0011046475,0.0031205168,0.0022652048,0.0041434613,0.0014430202,0.0004490890,0.0013636142,0.0002604043,0.0014426561,0.0005207828,0.0040502962,0.0031746595,0.0036888019,0.0054510350,0.0006824307,0.0063944341,0.0009237708,0.0014052837,0.0023713786,0.0017219991,0.0033226581,0.0061922478,0.0017821877,0.0017041470,0.0004940196,0.0002976497,0.0006681065,0.0000845487,0.0006517378,0.0010562000,0.0016579401,0.0018649922,0.0006887123,0.0024745894,0.0057143365,0.0021524835,0.0003890216,0.0026227200,0.0001540541,0.0005078281,0.0000670232,0.0020715996,0.0004407945,0.0019493545,0.0002513106,0.0031113002,0.0010285210,0.0013409828,0.0001179517,0.0016376068,0.0006200768,0.0046934056,0.0052422830,0.0018453391,0.0051200037,0.0001870514,0.0023850855,0.0011231766,0.0003808975,0.0022610191,0.0010321456,0.0038445108,0.0020410272,0.0007567717,0.0005893178,0.0013678062,0.0009026850,0.0001078354,0.0006814244,0.0008287061,0.0019639031,0.0039022676,0.0016901802,0.0016437871,0.0022989179,0.0007131043,0.0033714020,0.0006802872
Marathi,0.0014002484,0.0070740548,0.0002928972,0.0045180268,0.0001321365,0.0002411375,0.0073850104,0.0041735376,0.0032004702,0.0019478357,0.0022941985,0.0029893917,0.0012097866,0.0008650126,0.0019558082,0.0013870711,0.0036715989,0.0009511788,0.0007698719,0.0055614717,0.0016828812,0.0069481501,0.0004224185,0.0165461744,0.0040545205,0.0036585514,0.0009415619,0.0000967636,0.0032425405,0.0013636805,0.0012062004,0.0023517336,0.0021418250,0.0003126249,0.0027913981,0.0011625688,0.0007187152,0.0034633861,0.0034873001,0.0007156851,0.0045903049,0.0012666851,0.0010715751,0.0129674472,0.0010645594,0.0002827000,0.0020462740,0.0031666493,0.0015826333,0.0033043632,0.0015669363,0.0000901520,0.0009724113,0.0043880012,0.0010707884,0.0025071566,0.0009847718,0.0011849902,0.0027237436,0.0000060797,0.0023048315,0.0064731303,0.0003942210,0.0024431419,0.0077362050,0.0037602475,0.0003508542,0.0082513554,0.0053171835,0.0108963711,0.0118788882,0.0003039872,0.0038790209,0.0030358708,0.0020125922,0.0002834884,0.0014727397,0.0049138859,0.0002540993,0.0005398873,0.0017876307,0.0039245626,0.0017716347,0.0021463994,0.0027691945,0.0033468126,0.0092423940,0.0073242781,0.0030947685,0.0016553969,0.0193974883,0.0031077420,0.0037119713,0.0001437521,0.0007906997,0.0014718188,0.0008808874,0.0040171626,0.0013606013,0.0013505292,0.0007972442,0.0029658050,0.0024876572,0.0029580840,0.0011340930,0.0183321962,0.0030389947,0.0046568267,0.0026796486,0.0006849345,0.0039308361,0.0025433518,0.0018873255,0.0020079107,0.0004625642,0.0022314793,0.0083226643,0.0047672662,0.0049079327,0.0051467098,0.0043831340,0.0016078436,0.0019502484,0.0000141681,0.0045174005,0.0007809524,0.0007299347,0.0012424161,0.0020012951,0.0020568201,0.0028809574,0.0062533859,0.0032502027,0.0023984513,0.0064990443,0.0041912182,0.0021333201,0.0069656983,0.0027819454,0.0028394586,0.0028515017,0.0072664761,0.0015390734,0.0008653493,0.0010817382,0.0013121018,0.0013764844,0.0038909985,0.0037766521,0.0012803883,0.0003956143,0.0033852281,0.0025208201,0.0026795390,0.0121433481,0.0030910141,0.0057710732,0.0048649461,0.0007549232,0.0015581353,0.0022179966,0.0020398322,0.0022311838,0.0031857996,0.0013899853,0.0004086697,0.0012394722,0.0007851223,0.0008412209,0.0027757983,0.0012613363,0.0001851504,0.0014394047,0.0020805597,0.0010731433,0.0018086815,0.0019774350,0.0086299042,0.0048416440,0.0018080740,0.0004938467,0.0011608166,0.0016172734,0.0081122540,0.0017865534,0.0016648410,0.0058173846,0.0033419693,0.0054328007,0.0051385959,0.0013163947,0.0009729751,0.0030683418,0.0009607600,0.0008052299,0.0027955395,0.0087746447,0.0001835286,0.0091022989,0.0024231533
Kashmiri,0.003807944,0.002507816,0.005009115,0.005546168,0.003114625,0.002357156,0.001500113,0.005089259,0.001984198,0.001708569,0.005143086,0.004262635,0.001718681,0.003164558,0.002840135,0.002666987,0.007022145,0.011629789,0.005385405,0.016152494,0.001850343,0.011623123,0.003284972,0.022451962,0.004744550,0.001296108,0.003722140,0.006316354,0.004837851,0.000761108,0.008408910,0.001456891,0.006709565,0.000181964,0.002439027,0.006785788,0.001939876,0.007379415,0.002198658,0.007371258,0.002917423,0.000703339,0.002988478,0.008565497,0.006616090,0.000855648,0.000383302,0.002892770,0.003718590,0.006751079,0.002213962,0.003092883,0.006203253,0.008581669,0.004030300,0.002702983,0.003526047,0.003009215,0.003616498,0.004790155,0.000936988,0.004992425,0.003420385,0.002767364,0.004963954,0.006206109,0.002040325,0.003362875,0.012527240,0.001401135,0.033431164,0.002450669,0.008492691,0.002574983,0.001890677,0.000770022,0.003107051,0.005478889,0.001366735,0.001337598,0.006600400,0.016985949,0.004211975,0.007118195,0.005773615,0.013577429,0.009644546,0.009207104,0.008327245,0.003185279,0.013448892,0.002177515,0.006922688,0.001242006,0.002052936,0.004587745,0.001088770,0.003715740,0.001709389,0.001614309,0.002529953,0.006256632,0.001879073,0.001931469,0.003430316,0.014110454,0.003596176,0.002765483,0.006158282,0.009072810,0.006068417,0.012625712,0.006720392,0.004022891,0.015797681,0.002495788,0.005723131,0.002702725,0.001229925,0.003549244,0.005356807,0.015338829,0.003064543,0.001658847,0.005900964,0.004621202,0.001076424,0.000254955,0.004544542,0.008208172,0.005157732,0.005589674,0.019044570,0.001855137,0.002907365,0.006949487,0.005452884,0.035996305,0.002639232,0.005549670,0.008314491,0.016248985,0.007202827,0.013433589,0.004432320,0.008394158,0.001208082,0.002613966,0.004129362,0.007624987,0.006239132,0.005617393,0.003034730,0.017240073,0.010244259,0.004826919,0.011325854,0.010479994,0.007483978,0.004238503,0.008513628,0.004523449,0.007301296,0.008484111,0.001476043,0.003418606,0.002254982,0.003885551,0.002666241,0.007067401,0.002678060,0.001789055,0.000362859,0.001501938,0.008607363,0.004532144,0.009672187,0.010206689,0.004364233,0.001454314,0.001043050,0.009358004,0.007425077,0.006065891,0.003287832,0.004016232,0.003366112,0.002941132,0.003749241,0.009332030,0.004111042,0.009717014,0.008052019,0.005471435,0.002974061,0.001984532,0.002830177,0.005091198,0.007404240,0.001715085
Palula,0.0003454679,0.0010291466,0.0022717799,0.0001286375,0.0003373730,0.0004552107,0.0034290843,0.0012707493,0.0022076055,0.0013603500,0.0025696092,0.0010281022,0.0047110711,0.0034382385,0.0016428553,0.0005112372,0.0017457451,0.0019355679,0.0006468019,0.0051947561,0.0031006537,0.0110807862,0.0009062123,0.0056402504,0.0037279185,0.0022461056,0.0042971909,0.0011588362,0.0064479670,0.0001460411,0.0026562539,0.0023002106,0.0015797475,0.0011780810,0.0034297110,0.0016580301,0.0007463014,0.0049039124,0.0005294477,0.0050626248,0.0009483769,0.0016335738,0.0009458472,0.0062806881,0.0053464931,0.0041444554,0.0008998449,0.0002074424,0.0009614837,0.0038859144,0.0003671920,0.0003415688,0.0085198275,0.0008961970,0.0003251564,0.0027564341,0.0009162115,0.0034667202,0.0007803551,0.0020828360,0.0014554584,0.0027808770,0.0010955126,0.0038608331,0.0013742282,0.0022395637,0.0008822526,0.0061835226,0.0049860104,0.0032821851,0.0147403323,0.0012503551,0.0046615390,0.0018746989,0.0012223043,0.0018922107,0.0011284180,0.0016195267,0.0001609320,0.0011336699,0.0074943574,0.0028789141,0.0037318817,0.0004815241,0.0021187732,0.0174887846,0.0020883103,0.0006725685,0.0074523923,0.0031777121,0.0026367946,0.0012544780,0.0029522697,0.0082612477,0.0010632114,0.0067456152,0.0015334898,0.0014938428,0.0016756259,0.0008663742,0.0001365769,0.0087489323,0.0000512847,0.0034446749,0.0023659289,0.0002792109,0.0005429644,0.0029940921,0.0030564582,0.0008710330,0.0026972973,0.0031579783,0.0000946908,0.0019864734,0.0001137987,0.0013194775,0.0007289395,0.0049348659,0.0028462336,0.0011812301,0.0030573088,0.0094957596,0.0010743909,0.0016613486,0.0007438375,0.0001892818,0.0003041024,0.0007356094,0.0009968806,0.0023212381,0.0018017711,0.0024404800,0.0046220005,0.0001589774,0.0018402546,0.0024955039,0.0016128841,0.0020838821,0.0030236783,0.0034665512,0.0090369619,0.0031235841,0.0042298862,0.0031010629,0.0016578356,0.0032071962,0.0022570869,0.0038275599,0.0023981499,0.0042079428,0.0055078389,0.0089350204,0.0024332855,0.0012010929,0.0033911633,0.0058231409,0.0062103041,0.0054191143,0.0011861046,0.0018952560,0.0026727400,0.0004054855,0.0058585005,0.0014305520,0.0013419308,0.0024121970,0.0018122722,0.0009575704,0.0054407808,0.0026381851,0.0021166431,0.0020219709,0.0061938450,0.0019102599,0.0065140047,0.0044684985,0.0023922895,0.0020420170,0.0032211796,0.0026965761,0.0004125565,0.0020808382,0.0023862192,0.0035474070,0.0027706544,0.0013779697,0.0018105854,0.0013046544,0.0049110532,0.0005207004,0.0012989967,0.0007993536,0.0030928957,0.0002965756,0.0028848547,0.0059465972,0.0008942038,0.0019287738,0.0057296524,0.0028448502
Gawri,0.0018849404,0.0034144933,0.0018327801,0.0012982326,0.0026960740,0.0026471390,0.0007979994,0.0009476531,0.0012063546,0.0019467139,0.0021558914,0.0043798818,0.0016859483,0.0010917356,0.0009240325,0.0002498777,0.0028591698,0.0012747106,0.0018926944,0.0019357483,0.0001554496,0.0058689785,0.0031253551,0.0023981475,0.0032407815,0.0026290311,0.0035452060,0.0031036956,0.0040082473,0.0009075949,0.0008002330,0.0035113123,0.0032706727,0.0005007389,0.0043221813,0.0001354152,0.0012090889,0.0003553282,0.0033430199,0.0021541850,0.0005781497,0.0022721685,0.0009073531,0.0008826126,0.0018776512,0.0024923393,0.0012156612,0.0012564591,0.0008126125,0.0035016621,0.0001312267,0.0029385546,0.0027818775,0.0022431710,0.0011640932,0.0011079497,0.0032149945,0.0019071102,0.0018554293,0.0023110325,0.0015049154,0.0008191367,0.0027752103,0.0038019640,0.0049456693,0.0031214423,0.0015702800,0.0002789577,0.0009720184,0.0005457969,0.0074704569,0.0043175821,0.0052698193,0.0038016660,0.0002647626,0.0019308577,0.0010882955,0.0017928944,0.0000786902,0.0015060995,0.0017804371,0.0009749764,0.0027382008,0.0005588605,0.0031143901,0.0112191939,0.0026221504,0.0009197415,0.0024463378,0.0014162551,0.0055993563,0.0048468058,0.0025832285,0.0025109899,0.0013181581,0.0032829322,0.0015414399,0.0018619458,0.0084162643,0.0018858855,0.0014317870,0.0043572627,0.0028122189,0.0015476578,0.0003018582,0.0118179345,0.0029948561,0.0021184835,0.0068779025,0.0054741572,0.0022813030,0.0072719510,0.0026227737,0.0019158024,0.0001056734,0.0011500906,0.0020178916,0.0050283371,0.0043882317,0.0045636994,0.0028695471,0.0026662778,0.0041132621,0.0002859933,0.0057497374,0.0005618167,0.0015432881,0.0026828200,0.0013627442,0.0008888543,0.0023553202,0.0031134363,0.0076445010,0.0005658674,0.0070584207,0.0031376327,0.0012280794,0.0107139167,0.0003488404,0.0038723656,0.0037344430,0.0037480998,0.0028478510,0.0017102979,0.0007277343,0.0023893231,0.0003184138,0.0037924451,0.0017401838,0.0003673563,0.0022445002,0.0018324891,0.0018076241,0.0045335453,0.0070111304,0.0047254109,0.0087635148,0.0020391738,0.0005255091,0.0031090377,0.0034229385,0.0002475723,0.0025122939,0.0022638780,0.0014522942,0.0031004029,0.0010930352,0.0005083529,0.0025765445,0.0003742066,0.0007125312,0.0008415544,0.0027173380,0.0000855431,0.0104412869,0.0032111474,0.0050967749,0.0018630466,0.0002375017,0.0016029805,0.0047939416,0.0040899618,0.0020501879,0.0012260409,0.0021458325,0.0032643867,0.0007913766,0.0045838948,0.0116747768,0.0048041644,0.0046482084,0.0015576017,0.0024906261,0.0028703806,0.0007775105,0.0010200496,0.0010055597,0.0019723521,0.0028253802,0.0007590498
Gawarbati,0.0018821441,0.0006622072,0.0048655587,0.0015503693,0.0021774566,0.0045647454,0.0035420516,0.0057214679,0.0029654071,0.0022475803,0.0005957058,0.0045282930,0.0125087798,0.0056500714,0.0019595421,0.0008361306,0.0016423357,0.0070237089,0.0021691907,0.0067917522,0.0114760019,0.0021031035,0.0010059529,0.0086638932,0.0010147807,0.0063731070,0.0014224070,0.0031270782,0.0030299175,0.0012302083,0.0046358401,0.0015539009,0.0053794724,0.0020693883,0.0000559835,0.0007136780,0.0034156023,0.0078212725,0.0030136996,0.0016594933,0.0024073681,0.0041329339,0.0009189724,0.0003957410,0.0035108292,0.0000985984,0.0001109290,0.0031989637,0.0018262530,0.0115480496,0.0029585446,0.0013554372,0.0033843751,0.0008674484,0.0024913174,0.0003886088,0.0051909163,0.0024460708,0.0034686509,0.0014920969,0.0046090843,0.0026336077,0.0017082315,0.0028689855,0.0055976594,0.0008479284,0.0051769188,0.0057551766,0.0077873969,0.0061276434,0.0187016772,0.0016338050,0.0111584924,0.0032756862,0.0007691927,0.0012042370,0.0023982439,0.0044793945,0.0037075485,0.0018573834,0.0019391928,0.0154705446,0.0042809009,0.0027373194,0.0076327478,0.0136036577,0.0104638867,0.0012965406,0.0080186113,0.0003003035,0.0164318601,0.0022317813,0.0023840171,0.0038866141,0.0009857803,0.0044008484,0.0017505870,0.0048734843,0.0053416450,0.0025929416,0.0001612321,0.0100105921,0.0014940922,0.0014213923,0.0032963785,0.0118789653,0.0043897334,0.0011767678,0.0004660072,0.0022712494,0.0071868085,0.0015057877,0.0013580188,0.0019984444,0.0044757612,0.0036880359,0.0027841735,0.0052979592,0.0028539469,0.0011671822,0.0027389174,0.0173502567,0.0017551725,0.0016857512,0.0067010222,0.0018033488,0.0044616278,0.0007441901,0.0010854181,0.0006390735,0.0055138482,0.0009300326,0.0070210255,0.0062150573,0.0027104966,0.0055986110,0.0030962936,0.0092128415,0.0019571861,0.0034513917,0.0009040906,0.0067761476,0.0012586521,0.0059354489,0.0040958151,0.0012906720,0.0011390253,0.0002919392,0.0005186850,0.0036705615,0.0001282706,0.0059260445,0.0037375018,0.0031529051,0.0082522896,0.0016534404,0.0014820585,0.0034992400,0.0019856673,0.0016838577,0.0038288470,0.0007291727,0.0024663309,0.0054413808,0.0035762941,0.0053914799,0.0020560672,0.0019465342,0.0028157454,0.0074906169,0.0013960466,0.0025896439,0.0083393416,0.0053459733,0.0124833642,0.0024914639,0.0030983069,0.0006008181,0.0040760722,0.0024710800,0.0021506047,0.0046789258,0.0007350955,0.0027089183,0.0023597432,0.0028156013,0.0050289186,0.0013660909,0.0054526425,0.0054565052,0.0022033505,0.0014345725,0.0020798568,0.0016501666,0.0014159724,0.0061209675,0.0021680781,0.0054459545,0.0087767508,0.0066210454
Khowar,0.000962858,0.000868456,0.005247610,0.002236739,0.001195997,0.002058583,0.003293023,0.000863602,0.008138075,0.000557035,0.005372454,0.003733602,0.004771106,0.003278202,0.006615508,0.002104762,0.002071709,0.014915356,0.007444153,0.008833162,0.002765402,0.006241644,0.002316645,0.025534024,0.002535643,0.001084353,0.001657593,0.003689831,0.002440243,0.000868005,0.004550363,0.006809415,0.005878962,0.002134025,0.002814064,0.002857620,0.001243311,0.009335751,0.009901640,0.007768276,0.002429448,0.004673235,0.001068110,0.002853673,0.007461431,0.001137104,0.002783443,0.005431056,0.004854827,0.010453811,0.001929092,0.003004842,0.002047086,0.003046724,0.000306886,0.001977353,0.009176080,0.001686312,0.004188506,0.003215172,0.002275467,0.006136718,0.003595350,0.006614687,0.003864163,0.001185185,0.003055818,0.004550815,0.007722587,0.003126067,0.008847733,0.003287650,0.005784206,0.006116787,0.002229920,0.004400229,0.005626628,0.007226902,0.002912930,0.004482140,0.002244652,0.014344366,0.002500360,0.001640948,0.007513562,0.008512431,0.006858171,0.032140439,0.000808365,0.000290921,0.013377548,0.004897856,0.002484554,0.007028242,0.001093655,0.000987345,0.003648900,0.005116057,0.012367587,0.001233046,0.002246552,0.002124680,0.001112899,0.003437204,0.002490123,0.001098507,0.004006941,0.003619306,0.000846680,0.004398245,0.005484817,0.001431178,0.003228485,0.002397594,0.003380265,0.003210643,0.003440447,0.005131181,0.002007365,0.001066725,0.004537471,0.007672256,0.002616033,0.001983257,0.003455631,0.002342849,0.001111595,0.002073227,0.005153522,0.001386181,0.004684440,0.004083703,0.013827548,0.003150769,0.003456660,0.004185641,0.002897541,0.014704439,0.002240085,0.001942177,0.004834245,0.007189446,0.005801316,0.006377612,0.004170466,0.015093802,0.002803720,0.001315644,0.002604185,0.003431926,0.006807352,0.000366537,0.003857235,0.009839675,0.004746358,0.008505206,0.006419202,0.002841792,0.000694177,0.005784428,0.001086816,0.001154422,0.000948437,0.003388428,0.001567568,0.002322092,0.002331717,0.007207762,0.004702425,0.011264482,0.002725835,0.001264912,0.002618479,0.004017975,0.008265306,0.004694362,0.010430671,0.011669320,0.002122342,0.004157301,0.003186465,0.003564797,0.011304056,0.002155782,0.002194635,0.001646959,0.001970717,0.007049445,0.001555260,0.005044607,0.000133093,0.002162513,0.000588367,0.002354241,0.001409771,0.001573515,0.000495574,0.003601089,0.003598505,0.001323076
PashaiNorthWest,0.0030360984,0.0009776391,0.0033559680,0.0028424026,0.0022083199,0.0019871473,0.0043987447,0.0062149529,0.0046248351,0.0023280676,0.0046626691,0.0025871355,0.0018570027,0.0060600945,0.0034706227,0.0009577383,0.0015736965,0.0078815793,0.0091287972,0.0007943212,0.0065903533,0.0073463733,0.0021420661,0.0102158303,0.0053449350,0.0038680765,0.0031578728,0.0049253626,0.0028288011,0.0011697167,0.0012791632,0.0024591291,0.0012098497,0.0020200573,0.0056773719,0.0020073251,0.0017570838,0.0030209951,0.0000694789,0.0065761960,0.0016034859,0.0005960480,0.0037681132,0.0046794827,0.0096306167,0.0044361620,0.0028985475,0.0036733936,0.0014975990,0.0016343918,0.0013504377,0.0025421894,0.0094742129,0.0046343929,0.0068077708,0.0022715061,0.0023945474,0.0037766681,0.0042660198,0.0011273794,0.0017635427,0.0026357555,0.0022817599,0.0045048901,0.0028615497,0.0006679182,0.0039808126,0.0051446935,0.0007208877,0.0086912538,0.0110963851,0.0006093618,0.0046520954,0.0095233768,0.0033654940,0.0024483369,0.0038217853,0.0043094722,0.0037906958,0.0030210578,0.0052713782,0.0142213664,0.0005371223,0.0005722639,0.0052392483,0.0246083808,0.0118447529,0.0113075167,0.0037235080,0.0016331290,0.0137251204,0.0022401536,0.0033850953,0.0020722645,0.0033743733,0.0033133158,0.0013218780,0.0031527278,0.0039521204,0.0020537852,0.0010853119,0.0050247450,0.0030300745,0.0010254900,0.0042783266,0.0008339601,0.0067335858,0.0053728597,0.0033230744,0.0063246754,0.0103526603,0.0060907065,0.0007422876,0.0027382229,0.0000404737,0.0020479282,0.0014057225,0.0013204912,0.0019708277,0.0038171646,0.0069103799,0.0036564239,0.0015437527,0.0006824950,0.0028165212,0.0045742745,0.0029907014,0.0022411918,0.0057366937,0.0033843775,0.0016138511,0.0030217266,0.0001784988,0.0024957859,0.0030778560,0.0068485272,0.0016138311,0.0044902776,0.0017636043,0.0018946703,0.0017980316,0.0047113904,0.0012916180,0.0042364072,0.0058129166,0.0032359606,0.0002417343,0.0025114697,0.0017436869,0.0051677152,0.0057028523,0.0020899971,0.0015306607,0.0080125355,0.0047241828,0.0007342408,0.0153998679,0.0075821413,0.0023563248,0.0017419413,0.0056730598,0.0004690811,0.0025633748,0.0049929074,0.0066521016,0.0019397136,0.0012148990,0.0027509977,0.0046773253,0.0106279209,0.0012023442,0.0030332788,0.0151458306,0.0097941674,0.0097636189,0.0028045818,0.0011900283,0.0040855791,0.0024337774,0.0021530730,0.0010776476,0.0034251967,0.0049474747,0.0040298257,0.0038742521,0.0005654493,0.0043774397,0.0026824308,0.0107783299,0.0021381359,0.0005242951,0.0016596879,0.0037991457,0.0029618587,0.0036038781,0.0018494097,0.0006398963,0.0033793603,0.0111182024,0.0106872056
Kamviri,0.00090221697,0.00003356244,0.00089165345,0.00063154238,0.00075359389,0.00043416827,0.00041400177,0.00055605447,0.00090071089,0.00030569498,0.00102299845,0.00031348864,0.00060668948,0.00054893051,0.00031708966,0.00059463786,0.00021259894,0.00152902211,0.00020672376,0.00236910865,0.00066801976,0.00110656984,0.00022648363,0.00644077448,0.00177641772,0.00117374787,0.00030421464,0.00146152365,0.00113601284,0.00052030536,0.00033843177,0.00140799085,0.00107492726,0.00079559583,0.00116755656,0.00090448459,0.00134612968,0.00072610605,0.00081699476,0.00141800816,0.00041188754,0.00052724702,0.00061173047,0.00320304497,0.00149607984,0.00053249022,0.00084361474,0.00038230739,0.00050007619,0.00042939695,0.00038887004,0.00074156760,0.00111006854,0.00066360021,0.00030450950,0.00047710986,0.00056795462,0.00053350686,0.00059451468,0.00000633246,0.00104501058,0.00097246442,0.00010871833,0.00079819917,0.00134278282,0.00112462918,0.00127123093,0.00084669712,0.00064403878,0.00115881010,0.00175469480,0.00088975996,0.00138428130,0.00079923179,0.00077750323,0.00125606712,0.00030372260,0.00031134169,0.00047417142,0.00089435382,0.00052816620,0.00389546758,0.00069287631,0.00023903399,0.00117954663,0.00261477145,0.00124621781,0.00115826633,0.00124100765,0.00136797249,0.00214766104,0.00096902846,0.00053616520,0.00162564330,0.00089871924,0.00117774250,0.00018513370,0.00011637523,0.00021750425,0.00020038035,0.00046682853,0.00059373180,0.00080112290,0.00050769830,0.00086719039,0.00140435546,0.00172223039,0.00111872473,0.00072697100,0.00010632429,0.00046135396,0.00202152226,0.00036209406,0.00039471889,0.00059435494,0.00038593727,0.00086928940,0.00137419541,0.00091608279,0.00093219148,0.00046580151,0.00273180243,0.00071200602,0.00066671148,0.00030678274,0.00033979678,0.00056179309,0.00096778546,0.00144063313,0.00013271272,0.00103714465,0.00137746253,0.00053179391,0.00104608561,0.00122907500,0.00134159446,0.00005963240,0.00022584870,0.00049616817,0.00036986423,0.00097454819,0.00097261381,0.00080700893,0.00185537289,0.00254290954,0.00184139850,0.00053773096,0.00114933349,0.00094058651,0.00035847256,0.00112439704,0.00076968632,0.00052447513,0.00149101781,0.00229607194,0.00136674668,0.00065103581,0.00008886100,0.00045296886,0.00052838910,0.00012544769,0.00083496234,0.00023404752,0.00074207611,0.00065710637,0.00150586285,0.00059811668,0.00020868911,0.00063696197,0.00051139860,0.00060989761,0.00047519017,0.00168629150,0.00110800398,0.00119248756,0.00088259007,0.00051050274,0.00076174371,0.00050982547,0.00054207607,0.00045738188,0.00002049540,0.00070921692,0.00085323364,0.00054754704,0.00011834356,0.00069377937,0.00123231176,0.00122652011,0.00045156636,0.00070779031,0.00018757139,0.00047169769,0.00032797701,0.00033630587,0.00069992984,0.00118122469,0.00023148129,0.00062413094,0.00048645290
KatavariEastern,0.00018213465,0.00053256435,0.00063829840,0.00088595916,0.00049130438,0.00058657048,0.00115802201,0.00073221593,0.00058321860,0.00080272536,0.00022150973,0.00064712243,0.00151630537,0.00053232431,0.00051930649,0.00072674194,0.00068312129,0.00055106435,0.00012495693,0.00122216118,0.00070498334,0.00078483059,0.00108655006,0.00255049044,0.00127924923,0.00071791670,0.00103753109,0.00086112782,0.00090121432,0.00046824065,0.00033939949,0.00019953102,0.00121431453,0.00147557091,0.00032906901,0.00063417296,0.00045384758,0.00181943262,0.00119795242,0.00069391010,0.00085006254,0.00027416350,0.00171013437,0.00116942541,0.00148419088,0.00068217073,0.00066505136,0.00139267972,0.00105751489,0.00086947858,0.00097526196,0.00067115061,0.00175448156,0.00081259211,0.00123091372,0.00038240421,0.00106771474,0.00057193671,0.00083699196,0.00000878047,0.00079586791,0.00091129349,0.00033218959,0.00077720631,0.00146394179,0.00120875188,0.00203317502,0.00091511089,0.00108851194,0.00065876713,0.00611166053,0.00141182869,0.00235630072,0.00031551901,0.00067362875,0.00123975294,0.00071440897,0.00086824658,0.00064036250,0.00095076204,0.00037853623,0.00422360983,0.00065437411,0.00048305577,0.00010072799,0.00144909096,0.00167262508,0.00159676071,0.00225665939,0.00243721422,0.00260052486,0.00131118200,0.00033271220,0.00079497016,0.00052906749,0.00083370906,0.00089084498,0.00063894929,0.00103918383,0.00031291476,0.00041442683,0.00087425683,0.00032624188,0.00080575917,0.00031617212,0.00326202957,0.00036081232,0.00198391431,0.00057399395,0.00086734105,0.00230604548,0.00151658313,0.00044346202,0.00057239852,0.00256480403,0.00040044186,0.00042024776,0.00099153495,0.00053740916,0.00057755230,0.00066359020,0.00287152530,0.00043278701,0.00048916441,0.00041395287,0.00088887848,0.00035255385,0.00041461648,0.00070332973,0.00043546557,0.00134249372,0.00018074866,0.00014584812,0.00123860328,0.00113512902,0.00090779733,0.00022513065,0.00042331853,0.00004136634,0.00072043512,0.00111452287,0.00124667435,0.00128116830,0.00235692648,0.00120785071,0.00201330585,0.00067775759,0.00012213877,0.00024737015,0.00058892081,0.00012123334,0.00185617506,0.00082216623,0.00180637345,0.00036447695,0.00276666055,0.00142533270,0.00157422397,0.00079984058,0.00027092363,0.00094239490,0.00040741961,0.00026122200,0.00093032107,0.00042495985,0.00088097362,0.00056173647,0.00059269122,0.00127791115,0.00088121630,0.00022189488,0.00066987201,0.00230567386,0.00135024817,0.00146058570,0.00142162869,0.00088334704,0.00058121379,0.00153739260,0.00117813928,0.00089894199,0.00170165086,0.00111618336,0.00100591181,0.00078171636,0.00037683914,0.00021144916,0.00057992653,0.00163386537,0.00137123652,0.00119605699,0.00107253743,0.00046535298,0.00145428775,0.00056940171,0.00078297431,0.00117410868,0.00025822446,0.00084013623,0.00112707598
KatavariKtivi,0.0006196748,0.0002647058,0.0000835421,0.0002502803,0.0006419256,0.0004050058,0.0003136534,0.0003903828,0.0002393096,0.0000985275,0.0005239105,0.0002277250,0.0008267147,0.0003829319,0.0003159548,0.0006585200,0.0002074466,0.0002387105,0.0010378485,0.0010266810,0.0007069581,0.0013771350,0.0005554802,0.0047903673,0.0003846295,0.0004002126,0.0009297220,0.0002792724,0.0002149437,0.0006844403,0.0002809444,0.0001078856,0.0006278540,0.0000508067,0.0000669311,0.0003884736,0.0001847212,0.0005643098,0.0005619493,0.0001002480,0.0009420545,0.0001580064,0.0006224757,0.0005568737,0.0020915514,0.0001926087,0.0003174935,0.0004733006,0.0001797841,0.0007572371,0.0000365456,0.0005395276,0.0006357284,0.0006249460,0.0006652606,0.0001201897,0.0007288253,0.0002375791,0.0000126118,0.0002408084,0.0004498362,0.0001850255,0.0001169107,0.0001586800,0.0011410528,0.0009734173,0.0018382566,0.0004237717,0.0002230395,0.0006491979,0.0069227711,0.0008093271,0.0006595868,0.0007021815,0.0001711091,0.0003880407,0.0006557558,0.0011589406,0.0001652657,0.0001099350,0.0003207987,0.0011383598,0.0013348535,0.0005595369,0.0002963635,0.0036365590,0.0009870512,0.0004125824,0.0002977635,0.0011018260,0.0024121454,0.0009289700,0.0006857715,0.0000606767,0.0007061174,0.0006485208,0.0002740562,0.0008256886,0.0006523070,0.0002451004,0.0002293540,0.0005258566,0.0002843364,0.0000634531,0.0006654707,0.0011009076,0.0006380786,0.0001289440,0.0003002058,0.0010578577,0.0002136151,0.0002359183,0.0008198806,0.0001218557,0.0004579698,0.0003111965,0.0003032832,0.0002793754,0.0004645264,0.0006781516,0.0015276959,0.0012867805,0.0002421657,0.0001110088,0.0005219342,0.0002336545,0.0004712394,0.0002410110,0.0006491638,0.0002912552,0.0012474618,0.0003788250,0.0004783123,0.0009055234,0.0009074320,0.0006945365,0.0000293708,0.0005555347,0.0011569754,0.0001768649,0.0012037544,0.0011120584,0.0005228620,0.0006794457,0.0009952210,0.0008097621,0.0001610153,0.0006420127,0.0003305805,0.0002039710,0.0003988811,0.0001667858,0.0003697590,0.0011245281,0.0007962259,0.0009249856,0.0011335445,0.0009054077,0.0005693384,0.0001135618,0.0005740173,0.0001993934,0.0002454621,0.0001022681,0.0001720683,0.0005856461,0.0002751207,0.0002321333,0.0005407758,0.0012743357,0.0002504762,0.0002943498,0.0008456807,0.0001103648,0.0001652481,0.0011008089,0.0004456395,0.0000525562,0.0008169917,0.0001860989,0.0003050273,0.0001228730,0.0004040855,0.0006640720,0.0009428702,0.0002580151,0.0005653833,0.0007211551,0.0012498837,0.0002356206,0.0001176432,0.0004699453,0.0002385031,0.0005907470,0.0010611178,0.0009199511,0.0009437367,0.0005035319,0.0011095892,0.0004223248
KalasalaNiseigram,0.0010101785,0.0002581353,0.0007805180,0.0002975327,0.0009129458,0.0015763355,0.0008097112,0.0010319369,0.0012278534,0.0004830684,0.0030797448,0.0002531080,0.0023740034,0.0027469291,0.0066198748,0.0015276668,0.0032757225,0.0041524541,0.0030688383,0.0069692511,0.0016771977,0.0037904169,0.0018906103,0.0068140568,0.0035289517,0.0023423473,0.0003335739,0.0047204556,0.0037975943,0.0013831170,0.0005244250,0.0004501402,0.0007188896,0.0027018424,0.0007145319,0.0010813148,0.0010801064,0.0031942455,0.0021929559,0.0040781630,0.0023682840,0.0020224601,0.0022752928,0.0048857062,0.0031913678,0.0026637904,0.0028365036,0.0011076137,0.0011103747,0.0012038527,0.0005074917,0.0011305057,0.0010058941,0.0026878400,0.0010924971,0.0004602577,0.0011846372,0.0008895987,0.0006527912,0.0017715629,0.0002578866,0.0041501209,0.0014848230,0.0013028019,0.0037439919,0.0005621091,0.0050334933,0.0040126331,0.0003613598,0.0074282674,0.0042287239,0.0021805582,0.0012026899,0.0015044013,0.0006548102,0.0019393291,0.0018573800,0.0027998596,0.0004691145,0.0028665071,0.0016253737,0.0009530424,0.0016621009,0.0048883477,0.0024702519,0.0229215056,0.0045259882,0.0018052019,0.0010811046,0.0040682614,0.0011467479,0.0025584885,0.0060480557,0.0024583110,0.0023900615,0.0036983784,0.0021754966,0.0014177366,0.0032703770,0.0034203648,0.0021601942,0.0034625230,0.0004550396,0.0021184003,0.0013789786,0.0024078020,0.0077567349,0.0016991831,0.0018423509,0.0014636914,0.0012577415,0.0009073010,0.0010552396,0.0040209851,0.0019672339,0.0030980056,0.0003772606,0.0024014046,0.0037687028,0.0019797596,0.0004271019,0.0026208630,0.0010827899,0.0004776881,0.0042770247,0.0002525933,0.0016577514,0.0004661884,0.0004086949,0.0026474840,0.0005109992,0.0021419891,0.0005268334,0.0003524846,0.0015061847,0.0035375469,0.0032851631,0.0051295617,0.0025181157,0.0004289577,0.0052078960,0.0027955598,0.0036866573,0.0010389410,0.0019993468,0.0042003713,0.0016522294,0.0009503238,0.0008217385,0.0020870907,0.0010819954,0.0017139830,0.0036448454,0.0088962324,0.0002479461,0.0017333463,0.0013748391,0.0043685501,0.0012575466,0.0039648167,0.0000654545,0.0008808852,0.0015299000,0.0018691494,0.0017801324,0.0067632539,0.0008030210,0.0028310812,0.0020594533,0.0031108724,0.0002938814,0.0009007550,0.0036907666,0.0023122218,0.0012894845,0.0010999674,0.0025377740,0.0046891199,0.0040335816,0.0027775859,0.0009851028,0.0033343302,0.0007241323,0.0006631569,0.0005296985,0.0010748866,0.0026400049,0.0028133857,0.0065005048,0.0015336130,0.0007483989,0.0016547893,0.0031933414,0.0027019839,0.0006261620,0.0016490035,0.0014844303,0.0032796349,0.0010011724,0.0021844570
SanuviriWama,0.001363534,0.000929866,0.001044376,0.000183184,0.005729402,0.002454157,0.000588027,0.000755401,0.000968670,0.000642748,0.001665245,0.000475822,0.001024101,0.000904080,0.002749264,0.000367229,0.001076696,0.004365853,0.000917723,0.007714994,0.000876571,0.004102781,0.001548339,0.004738754,0.001227409,0.001087782,0.001043632,0.001800200,0.002586177,0.000774760,0.002939414,0.004398407,0.001509720,0.001695482,0.001062514,0.001833072,0.000699790,0.003372878,0.001709732,0.003681530,0.003280951,0.001648083,0.002239212,0.004623570,0.003546013,0.001795137,0.000902346,0.000904271,0.002713287,0.001321527,0.000126007,0.000208399,0.002572300,0.000612540,0.002845538,0.003702432,0.002390016,0.003502319,0.003003528,0.000336075,0.001514873,0.001867627,0.001399963,0.003047603,0.004803704,0.001447938,0.001943692,0.006908726,0.001996695,0.001185725,0.006714375,0.000481423,0.004584093,0.001409550,0.001605478,0.001111877,0.000325999,0.001210388,0.000888887,0.000947763,0.004351912,0.000971394,0.001795568,0.001126371,0.000150180,0.011258844,0.001804675,0.004676344,0.006000451,0.005155306,0.001204426,0.000605458,0.000900506,0.001132664,0.000872383,0.001833995,0.002505188,0.002201266,0.001680838,0.000364154,0.000177574,0.003259728,0.001413100,0.001781980,0.000960750,0.005268628,0.001376942,0.000551334,0.002476064,0.000926009,0.003179081,0.005267511,0.003132019,0.001092231,0.000579136,0.001769129,0.000513119,0.003450864,0.003110318,0.003215427,0.001332091,0.002322317,0.000471337,0.001301215,0.002316056,0.000177487,0.000369225,0.001426196,0.001693553,0.002185406,0.000659030,0.000316091,0.002494862,0.003325640,0.001255819,0.000429297,0.001127750,0.002616415,0.000603817,0.000462976,0.002022619,0.000583613,0.000956967,0.004448566,0.000643916,0.001515688,0.002186255,0.000623732,0.000868309,0.002873238,0.002563866,0.002944000,0.000873209,0.002012869,0.006804847,0.002349830,0.001834594,0.003168648,0.002247894,0.000495934,0.000583960,0.000380183,0.000180240,0.001948309,0.001176173,0.000271188,0.000405109,0.000422616,0.004964826,0.002463016,0.001934338,0.002007577,0.002026476,0.002761421,0.007083845,0.001629286,0.004031869,0.004318644,0.001170293,0.001175050,0.001939794,0.001849446,0.002297453,0.000828177,0.001779950,0.000165322,0.000723865,0.002279297,0.003572924,0.000437450,0.000715390,0.002246965,0.000251713,0.001032897,0.003475658,0.002308324,0.001924187,0.003783657,0.002503482,0.001465754
VasiVariPaski,0.0021318027,0.0030897125,0.0025935705,0.0010947950,0.0032116695,0.0043388762,0.0077625170,0.0021906392,0.0018965496,0.0018342191,0.0025831048,0.0007823151,0.0033202341,0.0006822463,0.0029336294,0.0022896100,0.0022906516,0.0042453768,0.0057427954,0.0020906758,0.0070004005,0.0023424734,0.0033789975,0.0115959311,0.0038553470,0.0036594023,0.0003023469,0.0010068166,0.0017151744,0.0013462277,0.0009914743,0.0009587409,0.0020005982,0.0036333003,0.0005760925,0.0005792292,0.0016560120,0.0083555936,0.0040875350,0.0012625639,0.0052010096,0.0014974298,0.0015790995,0.0061853300,0.0023195980,0.0015987955,0.0005697074,0.0024171697,0.0053581032,0.0025313901,0.0005702631,0.0028484835,0.0024887097,0.0040368472,0.0026155925,0.0034583401,0.0053140910,0.0027602917,0.0028395564,0.0053340821,0.0009798065,0.0034333381,0.0057129952,0.0004947630,0.0089678642,0.0007572330,0.0012225792,0.0028245951,0.0101183926,0.0015727732,0.0051834650,0.0037452013,0.0022351181,0.0032468464,0.0012015923,0.0005588996,0.0010410072,0.0033430868,0.0021918553,0.0002563467,0.0041103898,0.0097259838,0.0048311038,0.0000428221,0.0015416056,0.0101079712,0.0074113720,0.0060101266,0.0050788081,0.0045404376,0.0093391562,0.0022776614,0.0023677030,0.0099543074,0.0009278738,0.0013996196,0.0032298579,0.0037114679,0.0059206082,0.0009167260,0.0009563727,0.0096891495,0.0019964558,0.0006739942,0.0012759496,0.0049910930,0.0068463960,0.0053773694,0.0083248514,0.0015447580,0.0046790869,0.0014069028,0.0009613099,0.0029161407,0.0121302131,0.0018851331,0.0025183734,0.0022937119,0.0022727698,0.0011091028,0.0066356885,0.0158820620,0.0030928122,0.0013731605,0.0023202958,0.0008912975,0.0029221884,0.0021338223,0.0002890571,0.0035067889,0.0034901703,0.0019852155,0.0005879873,0.0003206167,0.0044154461,0.0038192289,0.0041038382,0.0004825423,0.0040874539,0.0002676861,0.0057483540,0.0019200706,0.0084552553,0.0052301564,0.0006869366,0.0054453638,0.0007164740,0.0012406266,0.0008439010,0.0014532737,0.0003839206,0.0036421061,0.0005640942,0.0024709102,0.0033327507,0.0022596461,0.0002180012,0.0012052301,0.0003203694,0.0004452743,0.0021976327,0.0005857426,0.0015791738,0.0024676736,0.0006962630,0.0040109690,0.0005672527,0.0049733025,0.0026605776,0.0028314238,0.0020605240,0.0008177973,0.0038393952,0.0080931317,0.0007082660,0.0009352916,0.0003628429,0.0010849425,0.0013708431,0.0006830277,0.0007575975,0.0046309978,0.0040896118,0.0022390741,0.0020926466,0.0008008255,0.0009292720,0.0033763960,0.0043094877,0.0058125995,0.0020215343,0.0027500489,0.0003596136,0.0005200283,0.0005071401,0.0033242132,0.0027913025,0.0029003937,0.0044043191,0.0063295371
AvestanYounger,0.0011274165,0.0006852601,0.0014857508,0.0009784975,0.0020874889,0.0014208823,0.0013804173,0.0017505157,0.0017239382,0.0004239050,0.0008773688,0.0002296072,0.0016566093,0.0017445359,0.0019935358,0.0028597612,0.0014883774,0.0013969400,0.0037028133,0.0036581565,0.0020550322,0.0037412718,0.0029242309,0.0053885791,0.0017830185,0.0010651357,0.0037403194,0.0006640367,0.0007055892,0.0013421394,0.0014092914,0.0028026006,0.0004359224,0.0008070678,0.0003758248,0.0001968947,0.0009263694,0.0015576688,0.0021047773,0.0017821639,0.0004113815,0.0017425391,0.0020076392,0.0017256959,0.0048887149,0.0014551740,0.0015602082,0.0040762958,0.0024500675,0.0022902727,0.0025006848,0.0012239618,0.0014212916,0.0030748366,0.0047474644,0.0013195543,0.0012846074,0.0016632084,0.0002142366,0.0010938826,0.0022255725,0.0019621295,0.0001679908,0.0004439431,0.0040018446,0.0022355998,0.0059569822,0.0007892380,0.0010098404,0.0049796741,0.0032341205,0.0021074668,0.0056068334,0.0042320112,0.0010683952,0.0005526388,0.0004936003,0.0011710146,0.0012374221,0.0011429147,0.0018556408,0.0035184726,0.0015433765,0.0010638986,0.0016257049,0.0059832510,0.0046547772,0.0023558109,0.0017464984,0.0038614413,0.0018103672,0.0016605929,0.0021457382,0.0005298398,0.0008121916,0.0058123760,0.0024284665,0.0042301429,0.0012074899,0.0009751679,0.0008525039,0.0041045931,0.0023242085,0.0008113213,0.0016992043,0.0010329741,0.0009241707,0.0009034189,0.0002098549,0.0025034777,0.0021746339,0.0029321550,0.0017640077,0.0007551751,0.0026536365,0.0027051859,0.0019366929,0.0021142502,0.0014976980,0.0007449609,0.0064757016,0.0031748879,0.0022394210,0.0008274758,0.0018358852,0.0018223302,0.0008938113,0.0001863963,0.0003350179,0.0008950852,0.0007487835,0.0022031726,0.0022907053,0.0009392076,0.0027996780,0.0061096279,0.0004208118,0.0066400312,0.0007776616,0.0017042090,0.0010402221,0.0051943641,0.0011943134,0.0033945374,0.0003236886,0.0024547292,0.0002244127,0.0004899332,0.0007679345,0.0042689803,0.0012136558,0.0033392820,0.0018722370,0.0009257481,0.0059512406,0.0024215168,0.0034235582,0.0009617914,0.0014788665,0.0023967676,0.0018211804,0.0008467568,0.0019423440,0.0019798205,0.0020658447,0.0021554693,0.0004009407,0.0000769526,0.0016026384,0.0029504958,0.0021880825,0.0015307936,0.0013523319,0.0006960084,0.0029329323,0.0023673309,0.0028134200,0.0032591584,0.0004673364,0.0012422706,0.0006855838,0.0024555207,0.0007284734,0.0008482941,0.0007543802,0.0023588055,0.0009108307,0.0042426468,0.0039496174,0.0019520108,0.0005074968,0.0016249161,0.0005252002,0.0036475370,0.0005930952,0.0009600881,0.0020188002,0.0025622521,0.0017086483,0.0023763077
Khwarazmian,0.00323274149,0.00264493485,0.00130198757,0.00084991269,0.00412223511,0.00334944446,0.00206592131,0.00165023008,0.00594473744,0.00074544371,0.00103434217,0.00107993822,0.00275766276,0.00329538856,0.00284349263,0.00175574910,0.00362024309,0.00700219060,0.00204005890,0.01150958324,0.00434641741,0.00385244742,0.00106619262,0.01976134963,0.00480048464,0.00384120340,0.00228853685,0.00446713712,0.00068392275,0.00056332941,0.00005156244,0.00226849516,0.00358821812,0.00226637711,0.00327836415,0.00225096815,0.00177864350,0.00820461938,0.00457118703,0.00089749092,0.00595609380,0.00128523840,0.00164250732,0.00575395863,0.00181044238,0.00176975330,0.00350442866,0.00180693809,0.00342465460,0.00458376937,0.00011036366,0.00179947388,0.00331455917,0.00986960019,0.00119572444,0.00255414206,0.00110124505,0.00303548561,0.00038558909,0.00139002069,0.00041060209,0.00208258011,0.00275181664,0.00480238364,0.01543551553,0.00028908031,0.00085786408,0.00002750551,0.00353789310,0.00393245522,0.01892591144,0.00153268475,0.00360033894,0.00150121262,0.00174376812,0.00060548843,0.00212150956,0.00847551868,0.00048805776,0.00430835174,0.00585959737,0.01905629733,0.00119557628,0.00107477623,0.00807959783,0.00971662966,0.01070223662,0.01021682095,0.00932893571,0.00261518119,0.00355849490,0.00475318964,0.00145695015,0.00569519290,0.00040605397,0.00377668039,0.00427348572,0.00293886063,0.00432158476,0.00432671515,0.00363911456,0.00355536751,0.00150866491,0.00537773599,0.00063827894,0.00631585138,0.00608068039,0.00522206656,0.00552141785,0.01110673203,0.00043967882,0.00422148439,0.00404029399,0.00080219558,0.00826805785,0.00055760445,0.00609607358,0.00051850938,0.00405511485,0.00243172816,0.00342157777,0.02302715145,0.00335198006,0.00000544799,0.00035981072,0.00202130963,0.00025257811,0.00111796486,0.00118141943,0.00263330206,0.00320662166,0.00958240675,0.00044961295,0.00158866738,0.01116717386,0.00706286858,0.00156200979,0.01236904967,0.00228815104,0.00530448560,0.00249717572,0.00512140870,0.00275196725,0.00607953110,0.00363059079,0.00446819803,0.00124137772,0.00060297096,0.00188003095,0.00048329935,0.00576999397,0.00174158854,0.00133140582,0.00467257910,0.00140373645,0.00384715193,0.00365837028,0.00444571673,0.00225313215,0.00595612067,0.00321032569,0.00085470545,0.00403737767,0.00412131510,0.00210116254,0.00159941552,0.00175899437,0.00115140949,0.00407339399,0.00411783240,0.00076111366,0.00092868246,0.01140814974,0.00987219705,0.00403142025,0.00095283530,0.00984516489,0.00257406656,0.00303550994,0.00537833539,0.00310498295,0.00188865476,0.00394318372,0.00646524815,0.00350407424,0.00108293548,0.00165304495,0.00325592160,0.00937831079,0.00151918405,0.00096405359,0.00151947125,0.00035487797,0.00105382833,0.00895670284,0.00266169618,0.00365073915,0.00285503236,0.00666656042,0.00163736864
Sogdian,0.0018982707,0.0009349243,0.0026528777,0.0024023553,0.0035841749,0.0027822445,0.0014817143,0.0033388808,0.0014917152,0.0011337167,0.0032216821,0.0008174753,0.0071968469,0.0003860667,0.0026443202,0.0021754672,0.0014726455,0.0024403631,0.0010157226,0.0009123137,0.0003833506,0.0019706099,0.0007957155,0.0119121455,0.0005390196,0.0012848790,0.0033250561,0.0034133902,0.0019384791,0.0024334588,0.0013115741,0.0036876460,0.0014905686,0.0010243520,0.0002685923,0.0042430339,0.0026151007,0.0027448271,0.0025549532,0.0032597507,0.0014921898,0.0025040742,0.0027572606,0.0006772458,0.0052776787,0.0001928000,0.0018807693,0.0005893047,0.0023283273,0.0006425311,0.0016033140,0.0024748087,0.0020014332,0.0010722110,0.0019141744,0.0032059071,0.0029603899,0.0012330890,0.0012749444,0.0011160027,0.0020974034,0.0030832849,0.0021499094,0.0013111869,0.0059449703,0.0013996975,0.0063247653,0.0032706263,0.0030643889,0.0084259157,0.0091424698,0.0018395246,0.0007465710,0.0025957291,0.0012233640,0.0033763770,0.0010329907,0.0019423615,0.0012671078,0.0007052920,0.0031958877,0.0021218811,0.0017523765,0.0006172576,0.0015939311,0.0102414817,0.0047003117,0.0007835574,0.0031523698,0.0017951818,0.0014436698,0.0032991304,0.0026835285,0.0057483797,0.0006627491,0.0020742219,0.0041889132,0.0011298273,0.0045384429,0.0005105569,0.0004822446,0.0017108237,0.0003970438,0.0011658096,0.0005700997,0.0051513526,0.0047405151,0.0005911238,0.0052225213,0.0027159446,0.0017262958,0.0055873890,0.0047233650,0.0010939118,0.0074247554,0.0020253057,0.0012957927,0.0008167487,0.0009791570,0.0015226649,0.0008299376,0.0039723359,0.0009370460,0.0005784207,0.0030825789,0.0015648078,0.0004244425,0.0008368858,0.0014801575,0.0012930654,0.0015495603,0.0035139367,0.0060713588,0.0001169865,0.0004699751,0.0015973070,0.0030777545,0.0087105509,0.0038242799,0.0053685377,0.0024736484,0.0014460151,0.0060602817,0.0019202446,0.0007086554,0.0007977597,0.0030287059,0.0010955147,0.0018379374,0.0019481818,0.0009081916,0.0041013029,0.0023928681,0.0035421438,0.0003122667,0.0037188581,0.0062704316,0.0015577599,0.0014696514,0.0036939322,0.0002748809,0.0001585536,0.0037309168,0.0007181371,0.0030456704,0.0015400459,0.0017771321,0.0022402695,0.0035784477,0.0045131652,0.0010442712,0.0008343751,0.0029837418,0.0035500483,0.0016722719,0.0008186967,0.0011664303,0.0000607356,0.0028791522,0.0007132487,0.0007009204,0.0003607873,0.0033151812,0.0026938015,0.0027757863,0.0006021201,0.0009557570,0.0008580730,0.0024072568,0.0014085788,0.0007957895,0.0004725913,0.0003842771,0.0033412027,0.0013790299,0.0024716083,0.0002829310,0.0003761725,0.0030003556,0.0009083958
Khotanese,0.00304686308,0.00229533120,0.00675412913,0.00081632168,0.00096053062,0.00256666900,0.00071650696,0.00262116008,0.00063730593,0.00133581908,0.00347118319,0.00463106529,0.00500739934,0.00140853703,0.00362748857,0.00259950695,0.00738738934,0.00164512103,0.00636880689,0.00844544578,0.00492126774,0.01367962178,0.00093079747,0.00731889965,0.00270199986,0.00025841529,0.00606551480,0.00291187660,0.00080765900,0.00083656605,0.00064403303,0.00175430785,0.00308570746,0.00433965422,0.00210412399,0.00540082043,0.00077646062,0.00291702666,0.00423278441,0.00039182547,0.00699343853,0.00032759487,0.00080373805,0.00260165822,0.00734027407,0.00225229753,0.00043363817,0.00104379287,0.00236010306,0.00962059979,0.00130258051,0.00184113067,0.00208687531,0.00303754016,0.00288373635,0.00320232857,0.00731992205,0.00218024815,0.00143331735,0.00540977473,0.00332365655,0.00595104753,0.00104119517,0.00411889802,0.00653477439,0.00139781208,0.00526721668,0.00381687243,0.00172237528,0.00696422404,0.01872705876,0.00612803181,0.00462947112,0.00238085833,0.00119105169,0.00102559238,0.00302335802,0.00295624596,0.00169217450,0.00264177076,0.00054932214,0.00963223805,0.00205690422,0.00077858130,0.00114413998,0.01584892479,0.01246538469,0.00909838337,0.00932280907,0.01048174244,0.01182654227,0.00489266412,0.00384656550,0.00112021614,0.00146842027,0.00734436168,0.00390938391,0.00581518010,0.00472194883,0.00295465724,0.00172982818,0.00273599723,0.00097865068,0.00123742838,0.00234179077,0.00788793791,0.01072952794,0.00160527827,0.00947006111,0.00711117517,0.00663857289,0.00288373564,0.00243160030,0.00301704384,0.00745844354,0.00532263967,0.00429628623,0.00842542497,0.00885092354,0.00127338548,0.00138027333,0.00517248614,0.00340583626,0.00000838138,0.00198406100,0.00027060137,0.00055621972,0.00281925190,0.00634575307,0.00447078131,0.00473435597,0.00491920972,0.00173676953,0.00280374195,0.00452855228,0.00143086923,0.00186976168,0.00850802831,0.00090945111,0.00232746461,0.01105302464,0.00157349310,0.00029479240,0.00660118343,0.00534085431,0.00238260905,0.00312091454,0.00267924839,0.00159069484,0.00408605280,0.00453687903,0.00573010967,0.00274436818,0.00830852221,0.00417087207,0.00478402557,0.01584103426,0.01079307516,0.00367775284,0.00376250664,0.00430712225,0.00098415700,0.00219651236,0.00528466133,0.00222470097,0.00226972180,0.00210730911,0.00155910892,0.00375630618,0.00785829012,0.00101934533,0.00093994427,0.00633751599,0.00716367145,0.00535244753,0.00188967490,0.00210344436,0.00103405701,0.00244191630,0.00140142965,0.00092112317,0.00287730435,0.00361140796,0.00170157814,0.00065399934,0.00701751390,0.00107076437,0.00277137731,0.01518562954,0.00085216248,0.00164455966,0.00223967760,0.00005199891,0.00063075439,0.00329075267,0.00586190353,0.00247027992,0.00196118864,0.00819229154,0.00470046301
Pashto,0.001621583,0.002597382,0.003742025,0.004174620,0.005140972,0.004963635,0.002363348,0.002708264,0.004070482,0.002510526,0.003533200,0.008378196,0.007194625,0.009930134,0.006920981,0.001099974,0.008146214,0.001010516,0.001391893,0.004660553,0.006947432,0.011587485,0.004621308,0.031713731,0.006853146,0.005215321,0.007675137,0.005375095,0.002052099,0.001500177,0.001928241,0.006852477,0.008353316,0.001507259,0.003457349,0.004325033,0.004888045,0.024785892,0.005436600,0.006278209,0.007702363,0.003134559,0.000734235,0.001557801,0.010877499,0.001633058,0.006012639,0.002530265,0.002114206,0.009983267,0.000531636,0.004081207,0.000335868,0.007181597,0.005252188,0.005423680,0.000434931,0.008019210,0.002433198,0.006418026,0.001598269,0.004549209,0.007963209,0.006625480,0.009588305,0.003401062,0.011981818,0.018045255,0.000655839,0.010556967,0.026433923,0.005992785,0.001390986,0.012763702,0.002502015,0.002144102,0.003455536,0.004547394,0.002109150,0.001419002,0.005050487,0.009718175,0.003740997,0.001292981,0.005637299,0.010630029,0.012493696,0.011927026,0.002364054,0.010483593,0.018664984,0.004721978,0.003601584,0.005855139,0.005959974,0.007331750,0.003361726,0.008645421,0.006497487,0.001899072,0.003029067,0.006890455,0.002318170,0.003657858,0.001601087,0.005985458,0.007876337,0.013584449,0.000143510,0.009273280,0.007375797,0.014608183,0.005228052,0.004553185,0.001878492,0.008340885,0.005722504,0.009348422,0.006299566,0.001714062,0.003253438,0.018447258,0.000361174,0.004078398,0.001740156,0.000699620,0.000602902,0.001463252,0.003536556,0.002033669,0.002858879,0.001803019,0.005197785,0.000518665,0.004379933,0.002923654,0.007270405,0.008647351,0.001490469,0.006066122,0.010509945,0.010009433,0.012255349,0.009786517,0.002958536,0.014769716,0.001051277,0.002610573,0.002101450,0.004177934,0.013771316,0.002962931,0.004034759,0.006357085,0.004010518,0.007853251,0.016553326,0.001093929,0.003895629,0.007004050,0.003776075,0.001505242,0.003439777,0.015766888,0.001590591,0.003599357,0.000922686,0.001211566,0.001866938,0.004013305,0.001334447,0.001760213,0.007598575,0.003125908,0.003763442,0.009050554,0.004416732,0.004191028,0.000723390,0.004670414,0.002445790,0.005835943,0.006257236,0.006687320,0.001760686,0.003532740,0.003980898,0.002734081,0.015447776,0.005214346,0.002142899,0.003049618,0.013188233,0.001007145,0.006294258,0.006179739,0.004571257,0.000503939,0.011183001,0.002182253
Wakhi,0.000449793,0.002609323,0.003557075,0.003135420,0.001930552,0.001612395,0.005312497,0.004339423,0.002103290,0.001042013,0.001341777,0.001233609,0.001923400,0.002365975,0.005003006,0.001671639,0.001130984,0.002028390,0.002153387,0.012020240,0.002888798,0.004431409,0.001425817,0.029590394,0.000478152,0.005749975,0.002064796,0.005220305,0.000566342,0.001036803,0.000848369,0.003088909,0.000483100,0.005661348,0.000180562,0.002113205,0.003146391,0.002396290,0.003590182,0.002172860,0.004812006,0.000569116,0.000263776,0.005735229,0.005159882,0.000647285,0.001327673,0.002847189,0.001538324,0.003614433,0.001196087,0.007047240,0.002296768,0.003937156,0.003858765,0.005639130,0.001384323,0.003320217,0.004089399,0.001980616,0.002130771,0.003170742,0.001506652,0.000917373,0.013408395,0.000564941,0.003491804,0.010441823,0.000770108,0.005136600,0.006618473,0.000214607,0.001651248,0.005173598,0.002881080,0.001682025,0.002128709,0.003280911,0.000324544,0.001018889,0.002977129,0.009246256,0.005101741,0.002047124,0.002388246,0.004465498,0.002061347,0.002535052,0.000892767,0.006412790,0.016671167,0.001496740,0.002021587,0.000840530,0.000956999,0.005190739,0.006396322,0.004505873,0.004184996,0.000768014,0.002591332,0.001142084,0.000439808,0.002647971,0.000444057,0.008703458,0.002764861,0.006283787,0.001715372,0.003834138,0.005600646,0.002076722,0.001269076,0.000415244,0.005247447,0.004885289,0.001792389,0.007680609,0.002273158,0.007111258,0.004405641,0.003575495,0.002065441,0.004210287,0.001606292,0.003862822,0.000935677,0.001959478,0.003978028,0.001724283,0.000745400,0.006061462,0.008621403,0.005206107,0.005216457,0.006603721,0.005077418,0.003933668,0.001251072,0.003403299,0.008524117,0.001695940,0.001347133,0.005096786,0.000605029,0.004665629,0.000750095,0.002175321,0.003135127,0.002977384,0.000247402,0.002435999,0.002711008,0.003461686,0.003863570,0.004244512,0.000205009,0.004963484,0.001977985,0.005609425,0.002863247,0.000566200,0.004626660,0.000953773,0.000103894,0.001054916,0.001641162,0.004912539,0.003259458,0.005733420,0.001000625,0.000890889,0.000796092,0.011967428,0.002090237,0.001165664,0.003927165,0.003682065,0.001846753,0.000317845,0.000916230,0.003392332,0.001516706,0.000949948,0.001236223,0.003306675,0.001364029,0.002191830,0.001174330,0.003637547,0.001336636,0.000770027,0.002813788,0.002595453,0.002183680,0.000247080,0.001773143,0.001921019,0.007171743,0.007640374
Sarikoli,0.0015336315,0.0015407717,0.0025814833,0.0019848710,0.0004755861,0.0009230626,0.0016470900,0.0071711061,0.0033428651,0.0022359147,0.0075176277,0.0054077289,0.0029642307,0.0038965542,0.0030320519,0.0019222179,0.0019785361,0.0088678679,0.0031178475,0.0113740089,0.0082866239,0.0051890048,0.0012797702,0.0056461368,0.0106642941,0.0050216574,0.0024635043,0.0005841090,0.0008762609,0.0002135840,0.0035365912,0.0027277823,0.0042085399,0.0005501797,0.0012645615,0.0015459146,0.0020076162,0.0005846180,0.0015789725,0.0011985526,0.0025621199,0.0007337515,0.0018516319,0.0002515337,0.0018446345,0.0025846758,0.0010939691,0.0060850730,0.0050364710,0.0021574551,0.0022770228,0.0007423557,0.0027297756,0.0052882520,0.0036946110,0.0055179647,0.0043814659,0.0008948118,0.0010249762,0.0050774006,0.0015986816,0.0026142397,0.0004326700,0.0027908862,0.0098391776,0.0013574782,0.0035550234,0.0021351786,0.0024481892,0.0032015718,0.0047407962,0.0037417194,0.0075677387,0.0079464786,0.0022804637,0.0008381868,0.0011239755,0.0038408750,0.0028146666,0.0016781855,0.0054538008,0.0134714928,0.0047723201,0.0012563926,0.0016390545,0.0109427558,0.0003933847,0.0006151817,0.0042818498,0.0083639019,0.0141969847,0.0011140962,0.0010691332,0.0015578002,0.0009354994,0.0057027824,0.0046878515,0.0019052155,0.0042932441,0.0027248716,0.0009074055,0.0035700417,0.0003405376,0.0027416998,0.0030555040,0.0037068774,0.0062767830,0.0088819965,0.0010484733,0.0061097366,0.0011529062,0.0019656768,0.0018975826,0.0007199828,0.0015598917,0.0034035704,0.0054450837,0.0020130679,0.0007140590,0.0039502617,0.0042625149,0.0123887473,0.0022278033,0.0001990236,0.0000961681,0.0019967449,0.0004238721,0.0033132164,0.0076064054,0.0001896806,0.0028606378,0.0024863066,0.0028861245,0.0060045950,0.0026243160,0.0026674991,0.0031769751,0.0136244360,0.0035573567,0.0031633842,0.0067792327,0.0013478761,0.0018344307,0.0011223709,0.0024029127,0.0012413084,0.0033986444,0.0002391623,0.0012263906,0.0037124914,0.0008930688,0.0062003529,0.0017650806,0.0027443352,0.0059273153,0.0005062931,0.0045683474,0.0001431502,0.0048061509,0.0034613781,0.0076576899,0.0024359284,0.0004736469,0.0013638912,0.0003037439,0.0029864541,0.0016387836,0.0026632839,0.0011453867,0.0041149714,0.0009331258,0.0022241140,0.0077569445,0.0143731374,0.0051510390,0.0020487275,0.0004513338,0.0055147864,0.0029538095,0.0026111273,0.0014386410,0.0012523977,0.0041802035,0.0034607763,0.0003671702,0.0010598315,0.0005470533,0.0094398049,0.0012468458,0.0026162634,0.0007732882,0.0007000148,0.0043303975,0.0018252319,0.0031136168,0.0005598861,0.0037266577,0.0014289263,0.0127521322,0.0005055954
Yaghnobi,0.0022443474,0.0019923008,0.0072607247,0.0037974361,0.0026138158,0.0047089944,0.0019687758,0.0048377921,0.0032645685,0.0064327670,0.0044671295,0.0039916758,0.0049206079,0.0025831924,0.0002250735,0.0020472915,0.0052519603,0.0009262813,0.0021591746,0.0006039609,0.0032133098,0.0069952929,0.0034771588,0.0243443173,0.0022670294,0.0058608055,0.0021801906,0.0011351550,0.0012699071,0.0011953506,0.0006399123,0.0058952116,0.0045826369,0.0012675528,0.0005322543,0.0007405044,0.0012677487,0.0074224993,0.0069846074,0.0042091541,0.0018446317,0.0023003680,0.0006930958,0.0024810136,0.0012985006,0.0017563344,0.0009291255,0.0009966105,0.0018640224,0.0065951028,0.0019752534,0.0009750669,0.0022678032,0.0039950732,0.0019822018,0.0034664839,0.0038494310,0.0032857645,0.0025670916,0.0027496916,0.0026961345,0.0107714542,0.0011885191,0.0037254425,0.0040335225,0.0026876873,0.0010381592,0.0011532605,0.0065213071,0.0003088249,0.0304695613,0.0012058557,0.0060095341,0.0035220950,0.0028933718,0.0020165592,0.0004149998,0.0042892930,0.0023440773,0.0022333381,0.0030127937,0.0110629253,0.0070881957,0.0038724827,0.0012005494,0.0161254904,0.0099492642,0.0094980007,0.0052793354,0.0098679297,0.0154922472,0.0029840024,0.0010291666,0.0044384616,0.0018650867,0.0041097293,0.0022103895,0.0088423262,0.0028249304,0.0015138996,0.0013874033,0.0132640251,0.0019059659,0.0032982759,0.0008630812,0.0073927421,0.0015697955,0.0018387994,0.0012531745,0.0026811749,0.0044505674,0.0027376906,0.0045693754,0.0020854668,0.0108800534,0.0080607390,0.0008831538,0.0012182165,0.0099172166,0.0009329756,0.0012480365,0.0098200404,0.0012423795,0.0000550087,0.0012550582,0.0009569197,0.0005045010,0.0003060090,0.0019034999,0.0016003251,0.0006072661,0.0039294822,0.0043226422,0.0004631498,0.0056253341,0.0033805307,0.0028935750,0.0061198924,0.0022051632,0.0076341909,0.0029412827,0.0041759225,0.0102866901,0.0009094347,0.0019664659,0.0095278449,0.0008660565,0.0008819405,0.0022060438,0.0022254491,0.0008643607,0.0010390697,0.0016813458,0.0031544941,0.0078125050,0.0055203036,0.0076945168,0.0051171853,0.0025069336,0.0088859449,0.0032849720,0.0017529048,0.0038019836,0.0034056849,0.0008188042,0.0028616286,0.0008598029,0.0008714933,0.0034259491,0.0015049788,0.0042569135,0.0008089094,0.0069730853,0.0022553065,0.0078897739,0.0018643414,0.0024951437,0.0011997553,0.0011754435,0.0041782186,0.0004499673,0.0036575173,0.0015414878,0.0003918914,0.0037097294,0.0023129246,0.0004458213,0.0022947303,0.0025174888,0.0033096067,0.0027119430,0.0028417958,0.0010888963,0.0034176923,0.0018807011,0.0044671672,0.0012664552,0.0032373551,0.0051398845,0.0050519206
Bactrian,0.0009569360,0.0009438622,0.0021563040,0.0036987423,0.0022372437,0.0040619338,0.0052384530,0.0031804188,0.0021641578,0.0028934658,0.0004550650,0.0043207367,0.0022596208,0.0032949236,0.0030409911,0.0008979455,0.0015705192,0.0042182625,0.0040390953,0.0058077927,0.0030143807,0.0007717534,0.0016841889,0.0066795827,0.0010606819,0.0018204591,0.0009484098,0.0007567605,0.0017356562,0.0010366701,0.0003486915,0.0026211822,0.0043458062,0.0010606786,0.0029474975,0.0025747180,0.0018218313,0.0014513357,0.0011327869,0.0115586115,0.0008871763,0.0008138732,0.0004204581,0.0008361434,0.0062155055,0.0006912059,0.0014593611,0.0001460677,0.0015157721,0.0020231415,0.0004134527,0.0045080375,0.0027056553,0.0050036163,0.0026199129,0.0009966414,0.0044582670,0.0034630596,0.0043744258,0.0006845550,0.0018609056,0.0006374724,0.0010729428,0.0009153428,0.0018648233,0.0030225181,0.0058231049,0.0013197532,0.0001893168,0.0140988811,0.0020652680,0.0028501052,0.0004330311,0.0014632537,0.0030558716,0.0023064357,0.0015743193,0.0060302352,0.0016269657,0.0003902473,0.0040613590,0.0018070620,0.0001735630,0.0007461269,0.0022261053,0.0059662341,0.0061933936,0.0044871420,0.0028354260,0.0037754055,0.0112727813,0.0046815772,0.0023334554,0.0015665407,0.0013305505,0.0053474492,0.0008364237,0.0044055978,0.0050849737,0.0018288040,0.0025003634,0.0030985172,0.0009349517,0.0016993766,0.0018740547,0.0085816755,0.0052013314,0.0043417134,0.0046644879,0.0021604613,0.0049897922,0.0037839532,0.0003883128,0.0019813817,0.0023309176,0.0066774939,0.0020702512,0.0030498386,0.0022994916,0.0046203651,0.0039513366,0.0137217173,0.0024761134,0.0011797400,0.0036329748,0.0025116685,0.0009113326,0.0021424818,0.0050420529,0.0038282223,0.0042136481,0.0031207813,0.0053542515,0.0028923462,0.0085446786,0.0012547866,0.0020735709,0.0016193710,0.0049709301,0.0040949382,0.0017155981,0.0050457648,0.0036680103,0.0075982014,0.0036539653,0.0060193852,0.0026141970,0.0016535437,0.0013514626,0.0010195993,0.0014563391,0.0044165967,0.0025671220,0.0012019314,0.0078755401,0.0035425786,0.0114358331,0.0021257894,0.0025939601,0.0009591897,0.0029853201,0.0008429127,0.0019898547,0.0012911911,0.0001138534,0.0024628963,0.0008952942,0.0005341870,0.0025512518,0.0017739659,0.0009836178,0.0018658343,0.0023969596,0.0024340717,0.0037466563,0.0025610970,0.0026284600,0.0010456361,0.0013307648,0.0028275070,0.0004078185,0.0046880540,0.0000353167,0.0025687853,0.0010648607,0.0028351776,0.0010748356,0.0024304019,0.0011399343,0.0012444404,0.0029742996,0.0046792869,0.0035891316,0.0004090973,0.0020127906,0.0002642372,0.0057396382,0.0051195081,0.0065659620,0.0027762552
Parthian,0.002230826,0.001635716,0.000852480,0.001943266,0.001061218,0.003417939,0.001250593,0.002777461,0.001201610,0.000476854,0.001336663,0.001462626,0.002389997,0.001999346,0.002534613,0.002310068,0.001704778,0.001088874,0.005407712,0.002236140,0.001154865,0.001402451,0.002269428,0.002815473,0.000800430,0.003096184,0.000663197,0.000659495,0.000780685,0.001217372,0.003012061,0.001364784,0.002420860,0.000316927,0.003299926,0.001576121,0.000323142,0.000557456,0.003228180,0.002546959,0.005193155,0.002496034,0.000372166,0.005754790,0.000619635,0.001117720,0.002171701,0.002151223,0.003499788,0.001262599,0.000107516,0.000221776,0.002699896,0.003149527,0.001844070,0.001104441,0.000641843,0.001390626,0.002927252,0.000660772,0.000729618,0.003062445,0.000572466,0.002832702,0.001351895,0.000865107,0.000853026,0.001847067,0.004456203,0.010726827,0.001615827,0.002885421,0.000456228,0.003606704,0.001717987,0.001012837,0.000315285,0.000604636,0.001290722,0.001277273,0.001248245,0.008200080,0.000244288,0.000764857,0.000901122,0.010964230,0.006955677,0.004861153,0.003222764,0.004318411,0.008767030,0.001100091,0.001334286,0.001409146,0.001134355,0.002764911,0.001002153,0.002756949,0.002586762,0.001001216,0.000259992,0.005908432,0.001237491,0.003131226,0.000748109,0.007277221,0.002943170,0.002387449,0.002328879,0.000742864,0.000777748,0.004317776,0.000664662,0.000377208,0.000148175,0.001853957,0.002647609,0.002989796,0.001211337,0.001353647,0.004505122,0.001036761,0.002161003,0.001303235,0.001714922,0.000538411,0.000292044,0.002187730,0.001500786,0.000939568,0.003002031,0.002746243,0.002567296,0.002501607,0.004089537,0.005840770,0.001860817,0.005378545,0.000576190,0.001542480,0.001644117,0.002837689,0.002821004,0.000936366,0.002653408,0.001364531,0.002414369,0.000916645,0.000785985,0.002333082,0.001265916,0.001671446,0.002049446,0.000774037,0.002162628,0.004783029,0.003247811,0.003030314,0.002507491,0.001905893,0.000475270,0.000317426,0.001887267,0.002213732,0.000246368,0.000934738,0.000263611,0.001520421,0.002382231,0.001267543,0.001131284,0.000978892,0.003667223,0.001812563,0.005766769,0.001398693,0.003636535,0.004025397,0.000320874,0.000233323,0.003144073,0.000966542,0.000935398,0.001021808,0.001595781,0.000787727,0.001597767,0.002616081,0.003216571,0.001399864,0.001458262,0.002219929,0.004196082,0.005903578,0.000987622,0.001804573,0.005196377,0.002997055,0.004356025,0.002312527
KurdishNBahdini,0.0031424072,0.0007063969,0.0005045040,0.0026173309,0.0020214762,0.0001488556,0.0005059294,0.0024975253,0.0011692885,0.0047993279,0.0030241245,0.0027106923,0.0008016782,0.0030455799,0.0000625182,0.0009996313,0.0005533701,0.0011166290,0.0030649262,0.0021130083,0.0017660829,0.0028661611,0.0011582233,0.0080676122,0.0007075151,0.0014117917,0.0019735162,0.0056611247,0.0037000314,0.0007176514,0.0012477211,0.0006587771,0.0037335171,0.0010154710,0.0040474612,0.0019134125,0.0007902286,0.0060633699,0.0045500363,0.0004105984,0.0031964317,0.0015060135,0.0018659549,0.0008100960,0.0018994832,0.0001810062,0.0002510393,0.0024341812,0.0025575329,0.0022340647,0.0007669941,0.0011749972,0.0030985389,0.0033311687,0.0020389250,0.0001914993,0.0034381831,0.0002835371,0.0013070798,0.0014120440,0.0013024739,0.0024999648,0.0005896407,0.0004611455,0.0115317400,0.0006355837,0.0049309446,0.0011244777,0.0027942711,0.0029059070,0.0065489724,0.0054712490,0.0028115376,0.0015057743,0.0009229274,0.0017409349,0.0011427425,0.0021502838,0.0005646750,0.0010798853,0.0064937382,0.0039655145,0.0058443538,0.0015818890,0.0033466596,0.0305984593,0.0133775317,0.0127707741,0.0023288709,0.0069128176,0.0078480957,0.0019710886,0.0016359021,0.0013559996,0.0013770805,0.0047202589,0.0015438263,0.0006891275,0.0010713819,0.0003896206,0.0008333450,0.0062461459,0.0003877715,0.0007932034,0.0032174539,0.0077587735,0.0011447010,0.0039011732,0.0070222658,0.0043435619,0.0031678618,0.0052636594,0.0004591506,0.0004237266,0.0023172837,0.0033847187,0.0018911107,0.0019869753,0.0013229724,0.0024731192,0.0009762465,0.0047240564,0.0011266329,0.0000779485,0.0031551006,0.0018903284,0.0011458941,0.0021024605,0.0031500938,0.0047259570,0.0011138273,0.0022581609,0.0018536587,0.0028700219,0.0008213424,0.0030882299,0.0001069197,0.0033128015,0.0017546744,0.0006322166,0.0047077378,0.0012745919,0.0007847968,0.0023383818,0.0042277138,0.0067277979,0.0008720909,0.0020238177,0.0031043036,0.0039236849,0.0054345690,0.0006494096,0.0009586781,0.0020718345,0.0032586430,0.0031222543,0.0130498453,0.0021506541,0.0010858832,0.0014453886,0.0002754983,0.0002923977,0.0025298805,0.0066608970,0.0018849471,0.0004461681,0.0004877972,0.0043332952,0.0056708869,0.0004676814,0.0009366974,0.0006783171,0.0044258073,0.0060287248,0.0012128351,0.0018847112,0.0053762544,0.0019158983,0.0017787082,0.0021265483,0.0003026880,0.0040481242,0.0013739029,0.0017335823,0.0015660113,0.0009870634,0.0033109352,0.0023979099,0.0020306652,0.0044769293,0.0011527201,0.0023358394,0.0037842087,0.0012530967,0.0004874767,0.0030913625,0.0063834220,0.0040712486,0.0024337507,0.0015493383
KurdishCJafi,0.0005077383,0.0003822940,0.0023385782,0.0014830942,0.0020465953,0.0002420435,0.0019517177,0.0023398630,0.0010889435,0.0007646093,0.0005663906,0.0001172592,0.0010676944,0.0017979948,0.0021695236,0.0007002266,0.0004091975,0.0007311942,0.0040091668,0.0014073199,0.0003363810,0.0015819043,0.0017788960,0.0047778391,0.0004371131,0.0011144788,0.0008236681,0.0009706323,0.0003126259,0.0006281103,0.0000133128,0.0002083988,0.0015694483,0.0017873905,0.0010025149,0.0013609981,0.0000221781,0.0000362561,0.0005064190,0.0010045383,0.0036802538,0.0001885193,0.0017906857,0.0013710674,0.0006116085,0.0004545963,0.0003642866,0.0012281909,0.0011844417,0.0009121218,0.0003807345,0.0008888188,0.0005756542,0.0022402974,0.0004005359,0.0008124793,0.0008907746,0.0008512468,0.0005828453,0.0010458105,0.0020197860,0.0022141607,0.0002362854,0.0016913871,0.0011506665,0.0016354456,0.0009923931,0.0030865699,0.0007713794,0.0001764413,0.0188299451,0.0012020777,0.0019600939,0.0008985576,0.0016254633,0.0004583402,0.0024898966,0.0007527768,0.0015365073,0.0012377037,0.0005623949,0.0045738318,0.0010822763,0.0007684493,0.0003561085,0.0042146693,0.0034245195,0.0008682725,0.0044744275,0.0026707466,0.0020469325,0.0024789738,0.0007130689,0.0015468729,0.0011802443,0.0023991139,0.0010633114,0.0000741264,0.0019630862,0.0004372247,0.0000542410,0.0017123143,0.0013154591,0.0012898052,0.0001299893,0.0015813521,0.0006725736,0.0022135450,0.0020111304,0.0025532026,0.0012535854,0.0028509126,0.0002552565,0.0009580148,0.0001209007,0.0034690693,0.0009319593,0.0007011902,0.0024596159,0.0005166108,0.0019104448,0.0004874250,0.0004144835,0.0001239403,0.0010691901,0.0007525697,0.0005486424,0.0004738942,0.0020653018,0.0014062740,0.0006884099,0.0008297547,0.0011435132,0.0016673541,0.0008769646,0.0022862253,0.0002719851,0.0027098466,0.0026063090,0.0007919835,0.0023063606,0.0021661202,0.0008076114,0.0022387779,0.0023460386,0.0051850396,0.0001142560,0.0012221397,0.0005307598,0.0003898138,0.0009470741,0.0013039737,0.0028394709,0.0042663947,0.0028827335,0.0023116381,0.0013681591,0.0003975714,0.0017268470,0.0007293882,0.0014178527,0.0012010759,0.0016461474,0.0010981970,0.0002327726,0.0001106866,0.0015260611,0.0005338522,0.0007199930,0.0005733558,0.0018619867,0.0000246624,0.0025761329,0.0023413215,0.0012178489,0.0014160100,0.0012624560,0.0011610418,0.0012965566,0.0005176198,0.0007540218,0.0023210340,0.0010001955,0.0033992305,0.0011272509,0.0002598684,0.0005886082,0.0017325086,0.0034630357,0.0000748425,0.0002645598,0.0001526315,0.0001814380,0.0005345004,0.0003910221,0.0009666211,0.0008506805,0.0007269934,0.0010372182,0.0010791564
KurdishSElami,0.0027428481,0.0002643358,0.0002703060,0.0007421438,0.0051730431,0.0004157979,0.0015438313,0.0003994308,0.0023787757,0.0014145258,0.0035700341,0.0008768298,0.0019882109,0.0002823176,0.0015606822,0.0012918636,0.0032025598,0.0020443407,0.0012757107,0.0012273207,0.0018286066,0.0084544777,0.0007462901,0.0041337374,0.0006430780,0.0012790463,0.0007978533,0.0019302216,0.0021506066,0.0004802608,0.0020871639,0.0012838542,0.0034827558,0.0002807273,0.0013202493,0.0001135079,0.0002808300,0.0015177051,0.0032265323,0.0017906822,0.0046865338,0.0011331969,0.0017977577,0.0059986621,0.0005054104,0.0015231210,0.0020792907,0.0008142641,0.0009852189,0.0012020738,0.0022075328,0.0001365600,0.0009505348,0.0031919910,0.0002604194,0.0008527388,0.0015850307,0.0014039726,0.0002561586,0.0005534319,0.0001617295,0.0009399730,0.0020006296,0.0001200917,0.0022572480,0.0004233443,0.0019125733,0.0029092577,0.0034867487,0.0061330484,0.0050479171,0.0004627737,0.0062715610,0.0013119438,0.0012822693,0.0022151975,0.0011661292,0.0033426000,0.0027264106,0.0013989454,0.0015838225,0.0062199398,0.0009372987,0.0019776865,0.0017676480,0.0132549980,0.0045619235,0.0025212291,0.0011749136,0.0014967746,0.0071236971,0.0009445099,0.0008438326,0.0034339060,0.0015056048,0.0013701397,0.0002408103,0.0038872778,0.0047835578,0.0003833538,0.0001976562,0.0016210751,0.0010753576,0.0011232043,0.0005817506,0.0083184105,0.0023880019,0.0020724104,0.0014937780,0.0026235457,0.0010546560,0.0031615845,0.0003036848,0.0003158799,0.0044192439,0.0008903339,0.0005592180,0.0011048549,0.0017402597,0.0010451429,0.0001145568,0.0040062561,0.0000748435,0.0040814993,0.0006025065,0.0008533644,0.0006539969,0.0002902860,0.0033569757,0.0011382577,0.0021068420,0.0032189304,0.0048674773,0.0010571928,0.0016459815,0.0014517945,0.0009854811,0.0019584764,0.0058896041,0.0014749898,0.0069952354,0.0028776038,0.0021187664,0.0007410264,0.0018187420,0.0035676473,0.0006870779,0.0002933638,0.0027624698,0.0001515989,0.0013029475,0.0007530744,0.0010343805,0.0027225068,0.0019938662,0.0010554796,0.0079917496,0.0011267224,0.0014369998,0.0001394975,0.0021446233,0.0013356654,0.0056298625,0.0016350622,0.0016653481,0.0018753501,0.0003878143,0.0019964476,0.0033320023,0.0014046873,0.0010833592,0.0021035201,0.0033589342,0.0055563403,0.0017045248,0.0014527938,0.0044039746,0.0035540194,0.0026274178,0.0008201746,0.0004731385,0.0024520310,0.0012641274,0.0014685330,0.0009887480,0.0007755999,0.0031505595,0.0033613659,0.0007332118,0.0002429273,0.0005860159,0.0008727434,0.0004197814,0.0030129626,0.0019710810,0.0035991117,0.0010600759,0.0014611861,0.0039877785,0.0009048322
KurdishSQorveh,0.00064609490,0.00231555954,0.00199937311,0.00392919240,0.00209843503,0.00102498335,0.00140348768,0.00213844182,0.00294289600,0.00092102678,0.00283529161,0.00000496408,0.00192778674,0.00128228122,0.00070978996,0.00076684584,0.00097022887,0.00123252036,0.00095719392,0.00604015714,0.00079837435,0.01039182900,0.00150624330,0.00302715174,0.00053138104,0.00265006959,0.00202951574,0.00229300282,0.00188900925,0.00065559758,0.00012072273,0.00082671648,0.00120652948,0.00138434280,0.00046408818,0.00293220444,0.00133228612,0.00319977186,0.00166795694,0.00287663735,0.00121460579,0.00169768999,0.00231416410,0.00416802683,0.00393778683,0.00077564094,0.00181032416,0.00210475880,0.00097387706,0.00226155663,0.00152111423,0.00368619523,0.00117810647,0.00304625554,0.00079220001,0.00166277090,0.00058998480,0.00174191766,0.00155262983,0.00261870644,0.00077479768,0.00242409035,0.00342815904,0.00120860214,0.00724293448,0.00372594116,0.00201657628,0.00373978590,0.00104453095,0.00246118209,0.00193869144,0.00152671555,0.00416837414,0.00162847898,0.00052819440,0.00113998590,0.00141853348,0.00050304256,0.00067207323,0.00040336271,0.00043543761,0.00134491577,0.00236444190,0.00286195117,0.00194563647,0.00327826754,0.00092206788,0.00571668782,0.00498166532,0.00071451771,0.00296659303,0.00019720571,0.00370824146,0.00047091601,0.00226497347,0.00321434406,0.00122520109,0.00145860125,0.00061120800,0.00023480265,0.00042047208,0.00194045868,0.00119941393,0.00100166872,0.00164553094,0.00023953678,0.00442440203,0.00162974004,0.00466259580,0.00134569353,0.00114270244,0.00297653532,0.00022069186,0.00043133485,0.00836416811,0.00060236293,0.00140044034,0.00394930351,0.00160419686,0.00185846709,0.00109609744,0.01220319519,0.00115448273,0.00021585909,0.00194775657,0.00092751478,0.00026728024,0.00229615424,0.00322069893,0.00029547859,0.00213085266,0.00187606616,0.00287607101,0.00053985747,0.00081524553,0.00107122836,0.00092529914,0.00168997082,0.00328340263,0.00043084683,0.00118336757,0.00134031014,0.00292501750,0.00439085228,0.00243517158,0.00182848638,0.00159320313,0.00162828175,0.00172766328,0.00565678298,0.00527068727,0.00256855877,0.00010725827,0.00191874984,0.00310686790,0.00289211227,0.01001441762,0.00351221433,0.00017138318,0.00202943832,0.00075790978,0.00064632275,0.00096836073,0.00107823978,0.00119896512,0.00375848557,0.00045452097,0.00043728015,0.00179971091,0.00278422262,0.00090676446,0.00110365637,0.00547295126,0.00150548200,0.00166524719,0.00142834922,0.00324364965,0.00049422191,0.00055007734,0.00111427852,0.00050973135,0.00135539976,0.00088516992,0.00158782343,0.00076136119,0.00101557643,0.00155382434,0.00113399253,0.00715510223,0.00111374684,0.00323932904,0.00218048196,0.00041301560,0.00035392122,0.00061262912,0.00178598902,0.00146816299,0.00092766826,0.00092708645,0.00209855568
Hawrami,0.00191847701,0.00124604518,0.00189016566,0.00024974556,0.00129044924,0.00115102811,0.00019701299,0.00325767589,0.00202985282,0.00139480453,0.00031672541,0.00213002263,0.00391424728,0.00106644482,0.00112296841,0.00139701082,0.00082157863,0.00462825177,0.00200822202,0.00258977670,0.00055197874,0.00293617845,0.00090027823,0.00736151029,0.00105970463,0.00077472120,0.00080699360,0.00046013028,0.00148519529,0.00064350504,0.00016324977,0.00153580328,0.00295509419,0.00418062267,0.00227875921,0.00048237878,0.00125895681,0.00350391186,0.00168359766,0.00186668193,0.00158934565,0.00053471843,0.00171438853,0.00439088549,0.00187016400,0.00048385372,0.00098950423,0.00291998001,0.00105751908,0.00103967914,0.00228329208,0.00004316737,0.00191316563,0.00260929837,0.00059819577,0.00165559593,0.00046302657,0.00049633833,0.00296858512,0.00268190620,0.00076717555,0.00194345836,0.00383196811,0.00587677602,0.00102296640,0.00142196166,0.00169232322,0.00156599015,0.00100662404,0.00349313623,0.00275504124,0.00089259537,0.00396842698,0.00169289367,0.00029281750,0.00075018523,0.00076465360,0.00331126995,0.00012424613,0.00154785893,0.00144433665,0.00282783418,0.00312515667,0.00105181483,0.00009214082,0.00918888148,0.00417267605,0.00540867987,0.00156792677,0.00180484486,0.00286759120,0.00230008802,0.00001855146,0.00377959425,0.00135859798,0.00193116543,0.00103429803,0.00038840812,0.00113814451,0.00041783564,0.00019046500,0.00289343553,0.00144054039,0.00123552376,0.00062621608,0.00572940346,0.00100571839,0.00000402815,0.00469495430,0.00347406621,0.00299389283,0.00238027047,0.00109391139,0.00128182390,0.00726688291,0.00129709092,0.00001428070,0.00189037014,0.00111266856,0.00174663013,0.00257416062,0.00723556766,0.00258546237,0.00152597938,0.00077378956,0.00015567622,0.00048609181,0.00068038600,0.00325573844,0.00159993494,0.00059319891,0.00185136366,0.00305591092,0.00291038032,0.00296580341,0.00025856240,0.00042334868,0.00063373965,0.00231534516,0.00016177773,0.00197689581,0.00537625094,0.00087965247,0.00228068120,0.00148327220,0.00709427648,0.00128419220,0.00144418702,0.00243519291,0.00054951870,0.00198056309,0.00130806767,0.00009491060,0.00058386436,0.00091020424,0.00108684259,0.00869134947,0.00290824464,0.00333716304,0.00169813679,0.00056650626,0.00154058539,0.00195066887,0.00190333987,0.00237434468,0.00081609776,0.00017889285,0.00029958674,0.00063484321,0.00320324370,0.00144067751,0.00270432942,0.00055805291,0.00048131674,0.00433298700,0.00159990519,0.00107146758,0.00034734464,0.00266879886,0.00114103811,0.00086523803,0.00069103480,0.00022146784,0.00132679131,0.00061574034,0.00066147874,0.00027712620,0.00223038140,0.00377969544,0.00442254402,0.00002405614,0.00265643510,0.00232388478,0.00144918710,0.00143463858,0.00260525262,0.00331298923,0.00097574505,0.00653712895,0.00439594820
RajiBarzoki,0.0006211065,0.0008804656,0.0016129913,0.0017402662,0.0005183855,0.0012929721,0.0003889588,0.0013091078,0.0003426765,0.0005786965,0.0021710303,0.0018448988,0.0045573925,0.0029310168,0.0033862789,0.0004117386,0.0011134834,0.0006369184,0.0030667722,0.0032537051,0.0005631349,0.0002783378,0.0020358563,0.0053232492,0.0037098561,0.0028331611,0.0015498489,0.0028270631,0.0004087037,0.0006479480,0.0010447056,0.0025221181,0.0024449352,0.0010695069,0.0011085521,0.0005360928,0.0012536810,0.0019175184,0.0003543784,0.0015684150,0.0005756107,0.0011122796,0.0003143060,0.0011261857,0.0061684028,0.0004244815,0.0008335582,0.0016730295,0.0021504691,0.0038426041,0.0012806256,0.0005136500,0.0007390065,0.0059613790,0.0000588003,0.0010741301,0.0006876360,0.0030662118,0.0021904279,0.0036224432,0.0022535678,0.0010638693,0.0005585141,0.0017626115,0.0044136166,0.0008800249,0.0019831908,0.0002751460,0.0023846718,0.0032645710,0.0017788099,0.0015568401,0.0045389143,0.0010042487,0.0025000148,0.0002446804,0.0005228085,0.0028127128,0.0015444481,0.0010565008,0.0020656857,0.0018192093,0.0018518920,0.0004995440,0.0042571415,0.0064822996,0.0016479720,0.0042846138,0.0023053017,0.0031807973,0.0031375752,0.0003033999,0.0015227951,0.0009810214,0.0008579982,0.0014967828,0.0026558987,0.0012576020,0.0019747750,0.0010764947,0.0004436425,0.0016459440,0.0002503580,0.0011874905,0.0007881016,0.0013668474,0.0019537864,0.0025810525,0.0039021780,0.0064651881,0.0012942573,0.0010411886,0.0010613631,0.0011204595,0.0045135300,0.0006448999,0.0021513476,0.0021820251,0.0023870836,0.0001550145,0.0048777398,0.0085227007,0.0018752550,0.0009316462,0.0012283700,0.0005726963,0.0009161575,0.0015859569,0.0015696148,0.0016214627,0.0039425904,0.0016872900,0.0014484228,0.0011746925,0.0008982817,0.0011449506,0.0011240873,0.0013315686,0.0012137759,0.0016558424,0.0025351074,0.0056550395,0.0032752202,0.0007607117,0.0000904925,0.0005484602,0.0006181240,0.0005181767,0.0011570116,0.0033587311,0.0007846991,0.0003334002,0.0010874268,0.0013135669,0.0037412673,0.0023721561,0.0063087397,0.0018051529,0.0003582163,0.0013393836,0.0027241294,0.0012314972,0.0002315556,0.0012771781,0.0023650408,0.0023928388,0.0007636085,0.0005841662,0.0021766950,0.0009792660,0.0007147400,0.0025680856,0.0017461222,0.0019585137,0.0001309798,0.0035255550,0.0025516425,0.0021071553,0.0026819686,0.0025255351,0.0009081698,0.0005176293,0.0004256315,0.0009060933,0.0017735275,0.0003881139,0.0021253224,0.0012985294,0.0078016601,0.0014760542,0.0012455798,0.0007097404,0.0019686248,0.0001638169,0.0022280470,0.0003668965,0.0029779904,0.0009317377,0.0001634440,0.0013915336
Tati,0.0011452764,0.0011504901,0.0018450731,0.0020691936,0.0019787376,0.0009494290,0.0028877517,0.0000902131,0.0006284174,0.0011170305,0.0007087303,0.0015964985,0.0004835767,0.0028172504,0.0001435871,0.0006497217,0.0008978349,0.0010604756,0.0002712856,0.0024034459,0.0015375812,0.0002622977,0.0002971812,0.0025660190,0.0013869518,0.0004139983,0.0001953626,0.0026384921,0.0006026692,0.0008577237,0.0012034238,0.0011330669,0.0023001424,0.0008039105,0.0003397155,0.0016932867,0.0000699002,0.0006832433,0.0012760843,0.0014915447,0.0012081846,0.0016522803,0.0007176273,0.0006408111,0.0031928335,0.0007833211,0.0011146935,0.0015696619,0.0006132425,0.0016816936,0.0005740064,0.0011964533,0.0025329575,0.0012816205,0.0016643638,0.0004211422,0.0013525107,0.0014411790,0.0013854938,0.0006532011,0.0006426110,0.0012686791,0.0007975604,0.0010379188,0.0013589088,0.0011912046,0.0007388074,0.0015098354,0.0026910306,0.0001604345,0.0076257070,0.0007671523,0.0036979879,0.0029883131,0.0002023160,0.0004949815,0.0011991682,0.0002238706,0.0010686631,0.0004795371,0.0021459693,0.0032108867,0.0013347599,0.0027868291,0.0006870099,0.0036168745,0.0048170191,0.0044699696,0.0014020357,0.0058196858,0.0032586328,0.0013432103,0.0004139484,0.0013025707,0.0005163237,0.0008379936,0.0003913489,0.0006738795,0.0021452254,0.0015770484,0.0003765521,0.0007343385,0.0004317491,0.0010499496,0.0006068445,0.0042480512,0.0003544021,0.0001528205,0.0020549324,0.0017705721,0.0009582862,0.0007319658,0.0006050152,0.0021637500,0.0061486497,0.0014552668,0.0000057190,0.0021981392,0.0008384230,0.0006897114,0.0021755293,0.0008903360,0.0006973515,0.0005588486,0.0001772765,0.0019781403,0.0019130642,0.0002419945,0.0007204830,0.0018167909,0.0007198432,0.0030613976,0.0005946095,0.0038253555,0.0031693721,0.0044429951,0.0010138921,0.0018020537,0.0009191486,0.0013973995,0.0019989289,0.0039302265,0.0019656920,0.0032881724,0.0026011377,0.0057120976,0.0005722338,0.0004515405,0.0004739943,0.0012191924,0.0019584848,0.0001615667,0.0006198659,0.0001932772,0.0013171956,0.0010064863,0.0037899198,0.0009304692,0.0023984136,0.0009884026,0.0007139199,0.0006413751,0.0012696497,0.0008632139,0.0004937612,0.0012236341,0.0001897921,0.0003331770,0.0010249025,0.0014486531,0.0010062490,0.0005300974,0.0016666707,0.0009681405,0.0007923709,0.0017944685,0.0004052144,0.0021209438,0.0013379952,0.0003776828,0.0025991938,0.0006777595,0.0032094927,0.0004961494,0.0003469143,0.0010744482,0.0014361554,0.0036456789,0.0002417378,0.0011545902,0.0014743904,0.0006197177,0.0000961720,0.0001310677,0.0009541744,0.0012035423,0.0012201211,0.0034247277,0.0010826157,0.0006694928
Mazanderani,0.0017722747,0.0019270858,0.0006117402,0.0028469378,0.0036000937,0.0011156615,0.0031304884,0.0008672759,0.0018175776,0.0005403782,0.0012170675,0.0036931676,0.0019551692,0.0007643177,0.0014211507,0.0020465965,0.0010858235,0.0027393624,0.0008036540,0.0047352651,0.0017679549,0.0049345969,0.0013660163,0.0025247355,0.0024633045,0.0019203094,0.0017858246,0.0017356773,0.0022517246,0.0001116540,0.0001600382,0.0042077729,0.0048579786,0.0039147221,0.0033877541,0.0012182117,0.0010232848,0.0029151541,0.0032313150,0.0032515651,0.0007790172,0.0016060711,0.0015724743,0.0011798968,0.0019417163,0.0009414268,0.0021913553,0.0025859305,0.0024640975,0.0002806539,0.0006197339,0.0019011581,0.0003998427,0.0020501019,0.0007026822,0.0006669614,0.0007956453,0.0005077981,0.0018353578,0.0030371693,0.0024288979,0.0010789601,0.0032496900,0.0060226922,0.0080155911,0.0001801614,0.0006794310,0.0023932821,0.0029744889,0.0005399470,0.0044283992,0.0011772264,0.0011186230,0.0047483632,0.0007305876,0.0009938651,0.0004975589,0.0017996595,0.0035917406,0.0013618704,0.0026804093,0.0052214799,0.0036266279,0.0039191903,0.0021131548,0.0099125947,0.0079854978,0.0029968375,0.0019913358,0.0009136129,0.0054946970,0.0002033491,0.0026593304,0.0044264450,0.0010216900,0.0005336819,0.0006630571,0.0020131002,0.0057526850,0.0007583146,0.0002539369,0.0083439656,0.0009789819,0.0013218486,0.0004253716,0.0021841977,0.0012662706,0.0022089360,0.0012520780,0.0013220274,0.0003378894,0.0004976249,0.0001774271,0.0017686756,0.0105490150,0.0043700468,0.0012792698,0.0010186424,0.0008451887,0.0007732721,0.0042439378,0.0113788372,0.0015234646,0.0009974339,0.0015115105,0.0012813467,0.0002168045,0.0004895684,0.0024442055,0.0005154843,0.0005112578,0.0011090232,0.0032599659,0.0000811337,0.0015559281,0.0041093727,0.0024485718,0.0011474725,0.0016797256,0.0008348496,0.0043646240,0.0035208322,0.0043630809,0.0046236723,0.0009382226,0.0026103367,0.0012437132,0.0014403724,0.0009295327,0.0030042484,0.0003156767,0.0039684166,0.0019986578,0.0012837086,0.0019407261,0.0006239444,0.0030835368,0.0012997481,0.0002487925,0.0014249469,0.0014226138,0.0003209144,0.0036158095,0.0004337974,0.0015667437,0.0032072463,0.0005199362,0.0005042545,0.0011744126,0.0047392283,0.0008937698,0.0005681978,0.0071028324,0.0058745276,0.0037244226,0.0034083306,0.0003134595,0.0015963759,0.0013432188,0.0010321125,0.0005450949,0.0039298245,0.0026394088,0.0024653590,0.0007254261,0.0013276929,0.0010983679,0.0010101906,0.0006387371,0.0029965503,0.0014713439,0.0013158348,0.0016248822,0.0004178842,0.0012902011,0.0024118447,0.0009484109,0.0038929606,0.0034785338,0.0044574905
BalochiSistani,0.000843160,0.001332583,0.003969984,0.001380554,0.001458321,0.002856820,0.001421498,0.002216832,0.000773975,0.000939663,0.001070266,0.002040707,0.003043898,0.002970584,0.002296830,0.000778743,0.001349547,0.001827966,0.002744038,0.003249998,0.008217932,0.002178524,0.001350070,0.002654012,0.003287742,0.000576333,0.002411107,0.005390868,0.001504843,0.000846852,0.003562138,0.004703969,0.006267206,0.003240391,0.003470360,0.002573068,0.000852630,0.006419107,0.001260606,0.001654340,0.000120895,0.002515021,0.001567518,0.001462512,0.009512543,0.001070796,0.002636294,0.002529736,0.004661547,0.004789941,0.002422086,0.001541944,0.000607194,0.003516284,0.003702678,0.000665624,0.000948427,0.002654974,0.000644072,0.001307569,0.001544798,0.002037302,0.005625141,0.003516771,0.011500436,0.001361736,0.003201147,0.001213737,0.003363315,0.003152469,0.026499751,0.000856525,0.009971425,0.003850543,0.000378815,0.001471681,0.001394352,0.000152079,0.002958590,0.003851246,0.002523693,0.007199936,0.004585529,0.001794771,0.001845406,0.003066559,0.005542476,0.007154662,0.007783269,0.002261101,0.002579830,0.001557422,0.003865282,0.004797066,0.002894147,0.004649050,0.001990786,0.001883679,0.003611073,0.000425210,0.000474732,0.003847166,0.001790774,0.001231660,0.001522511,0.002647883,0.001558501,0.002427633,0.004422149,0.003306012,0.006825996,0.003609162,0.001149907,0.000994677,0.007605564,0.002398708,0.002666255,0.007723076,0.002101517,0.003495699,0.000085882,0.003915408,0.001858576,0.001673050,0.002639417,0.000175805,0.000941853,0.000579849,0.000489765,0.003052308,0.002522010,0.002961313,0.000940033,0.002341584,0.005157916,0.002006409,0.007866678,0.010088620,0.002973001,0.004084946,0.002468154,0.003766416,0.000908100,0.009770385,0.000315029,0.003790071,0.000895394,0.003135612,0.001945326,0.001796392,0.001239588,0.000259965,0.001688581,0.001796106,0.006786568,0.001016006,0.002140021,0.000949731,0.000627802,0.001809915,0.001290719,0.000415295,0.001372708,0.002382846,0.001799889,0.000975114,0.000259058,0.005546876,0.000188303,0.006155805,0.000468384,0.002835033,0.000226216,0.002232055,0.008486306,0.003756405,0.006503445,0.004015966,0.001511674,0.000974263,0.000604864,0.003455118,0.006400244,0.005970277,0.000697107,0.001450750,0.003538789,0.004211808,0.004004883,0.003322098,0.002473592,0.001155857,0.001655661,0.001355999,0.001845645,0.002999785,0.008804201,0.003070776,0.000725754,0.003059998
OsseticIron,0.00028976973,0.00068402884,0.00104370700,0.00033227847,0.00122172506,0.00114338448,0.00187516468,0.00060432034,0.00184955623,0.00082132029,0.00003181714,0.00077022924,0.00131007681,0.00285910310,0.00093417636,0.00088709743,0.00018868530,0.00203114925,0.00095982177,0.00321181821,0.00116574912,0.00509652498,0.00200617005,0.00205803320,0.00104544203,0.00074024848,0.00070275482,0.00135267470,0.00168384438,0.00099821418,0.00225511706,0.00029466240,0.00305853477,0.00031217181,0.00033383982,0.00152753836,0.00135644296,0.00228299486,0.00044761010,0.00064124802,0.00141451300,0.00114360951,0.00115522548,0.00135011469,0.00189834546,0.00218643714,0.00127818264,0.00086299012,0.00038215083,0.00161229157,0.00154629547,0.00245317529,0.00182348913,0.00123350091,0.00068318163,0.00012714627,0.00349935505,0.00108335737,0.00180644212,0.00156806332,0.00112981198,0.00168661996,0.00110134243,0.00017453637,0.00482153925,0.00063697857,0.00097491918,0.00168524524,0.00000236756,0.00204294674,0.01210286306,0.00255107277,0.00132431788,0.00063245249,0.00098719181,0.00199141569,0.00131922461,0.00214109353,0.00151699555,0.00058264166,0.00132392423,0.00355793420,0.00124316047,0.00175355039,0.00272502212,0.00193799235,0.00311409032,0.00431702775,0.00349848235,0.00152182632,0.00417099715,0.00091267251,0.00157449349,0.00008617175,0.00122775716,0.00053854112,0.00142421008,0.00206992833,0.00077942163,0.00044976830,0.00026936262,0.00384608571,0.00061272477,0.00084670117,0.00048376521,0.00271405393,0.00142381969,0.00358039643,0.00082020831,0.00193003819,0.00246555870,0.00022019876,0.00037168273,0.00065501637,0.00467474321,0.00093904128,0.00166761080,0.00161987521,0.00087767411,0.00086060918,0.00283644978,0.00788486516,0.00107224852,0.00089071683,0.00071383308,0.00034288004,0.00046988443,0.00096301330,0.00183566204,0.00105804825,0.00207935578,0.00208105849,0.00173387403,0.00200338790,0.00052286651,0.00109184212,0.00049724386,0.00199473785,0.00185663951,0.00020986541,0.00046659632,0.00224970739,0.00063227054,0.00459518410,0.00195402177,0.00138634613,0.00065164959,0.00073996417,0.00058725564,0.00221876156,0.00211206894,0.00027574629,0.00153008530,0.00234394487,0.00049188285,0.00243550211,0.00245202820,0.00277513876,0.00062610762,0.00128269746,0.00018437480,0.00008469764,0.00208916219,0.00182423864,0.00099856823,0.00257960171,0.00055365127,0.00139685982,0.00041659031,0.00005619820,0.00007314629,0.00086057515,0.00186544685,0.00115075648,0.00050858635,0.00097738188,0.00228184135,0.00181783825,0.00015968511,0.00026967072,0.00135059870,0.00008731666,0.00198396511,0.00198377863,0.00052128210,0.00153210141,0.00106713902,0.00300432183,0.00116377003,0.00236099657,0.00033794950,0.00062746923,0.00063631024,0.00055293621,0.00110147165,0.00146765312,0.00075798594,0.00118558206,0.00112469776,0.00131193540
OsseticDigor,0.0002985921,0.0012571223,0.0013378515,0.0009252015,0.0004744429,0.0008278433,0.0000303374,0.0005116008,0.0009362722,0.0003277427,0.0008565074,0.0002042524,0.0005589416,0.0008152091,0.0014398773,0.0009776827,0.0014576360,0.0011797587,0.0015711799,0.0029679265,0.0007243881,0.0016260888,0.0002438120,0.0052889009,0.0011556751,0.0017028508,0.0012986974,0.0011875367,0.0010590130,0.0003348436,0.0006872124,0.0005368980,0.0006909527,0.0003293920,0.0005705413,0.0001234604,0.0009475670,0.0034351261,0.0014148688,0.0021793139,0.0001123370,0.0012420736,0.0005376609,0.0008075040,0.0024686800,0.0006063737,0.0005527411,0.0011481505,0.0015986853,0.0007183126,0.0002553875,0.0001787621,0.0007604636,0.0019132346,0.0012133902,0.0015374212,0.0010824303,0.0006278604,0.0004671382,0.0010231594,0.0003266699,0.0005469177,0.0013730241,0.0001742156,0.0007244538,0.0005194185,0.0010152289,0.0001567045,0.0006561712,0.0013306669,0.0036853406,0.0003449969,0.0016126472,0.0011033309,0.0011631818,0.0005295518,0.0000445217,0.0014351872,0.0012362940,0.0007791910,0.0017567683,0.0036881784,0.0007104549,0.0007039946,0.0007644042,0.0020701906,0.0031662508,0.0030226409,0.0016969914,0.0017349987,0.0039553695,0.0015309362,0.0010915607,0.0018582770,0.0004244961,0.0013899252,0.0013959958,0.0011526042,0.0013775021,0.0010000410,0.0009715469,0.0018115165,0.0005407417,0.0007760008,0.0006269483,0.0011569932,0.0026235682,0.0017211247,0.0000500724,0.0014430393,0.0016407214,0.0020543821,0.0005258151,0.0009003881,0.0034892807,0.0020450663,0.0002622159,0.0011103690,0.0004871158,0.0000241163,0.0014898235,0.0039150182,0.0011009027,0.0001534352,0.0010345258,0.0004777888,0.0002985255,0.0004757604,0.0011076922,0.0006675863,0.0007882086,0.0010243745,0.0008843055,0.0004698992,0.0007348373,0.0002275697,0.0012757925,0.0006950833,0.0013578083,0.0005592588,0.0014022790,0.0010495222,0.0013143341,0.0020820908,0.0003736318,0.0014716483,0.0006283359,0.0006256372,0.0002980304,0.0014548532,0.0003728707,0.0017904120,0.0001928804,0.0013318189,0.0017607726,0.0022996449,0.0019028368,0.0000300573,0.0012829366,0.0006069297,0.0001123589,0.0003512043,0.0004530990,0.0006318015,0.0008353362,0.0002659083,0.0006018332,0.0010993614,0.0015652562,0.0040888393,0.0006162245,0.0008591085,0.0001738923,0.0002359752,0.0002631063,0.0005955605,0.0015980965,0.0013904917,0.0002214461,0.0022442413,0.0005249184,0.0003703754,0.0001047460,0.0012525120,0.0016352878,0.0004575126,0.0017280312,0.0023482468,0.0042641312,0.0002633616,0.0014340359,0.0005305076,0.0003673314,0.0023150741,0.0018039515,0.0008151573,0.0023111188,0.0011308291,0.0010086630,0.0008225305
OldPersian,0.0002421738,0.0005174504,0.0019174014,0.0024247889,0.0010092294,0.0009539303,0.0017860990,0.0000141102,0.0028171716,0.0013491631,0.0036982219,0.0002306438,0.0042253689,0.0020904659,0.0030055375,0.0041989254,0.0011071229,0.0005398611,0.0006911313,0.0023204104,0.0002975563,0.0012158029,0.0005815180,0.0132987876,0.0028559545,0.0027927722,0.0015584950,0.0002515521,0.0014322578,0.0024705388,0.0007250568,0.0021105235,0.0027615666,0.0002904187,0.0012328128,0.0014139254,0.0013716334,0.0047580560,0.0007954404,0.0007276900,0.0001109815,0.0029563094,0.0001985985,0.0004192928,0.0024796412,0.0017131066,0.0006301467,0.0018960224,0.0019703749,0.0009201813,0.0005032966,0.0007909956,0.0037935805,0.0006513160,0.0009046206,0.0013626623,0.0039209112,0.0009154313,0.0006565328,0.0014641804,0.0005953257,0.0019225921,0.0018284719,0.0023407644,0.0050290648,0.0017713246,0.0066370703,0.0025097116,0.0005054832,0.0002214166,0.0117718644,0.0017844472,0.0041446716,0.0033574556,0.0006721697,0.0008938311,0.0018983711,0.0052479946,0.0019225384,0.0038145220,0.0007201851,0.0051358565,0.0004965393,0.0009281770,0.0026259946,0.0018640617,0.0147028658,0.0109788177,0.0020400537,0.0049718918,0.0032392442,0.0016201815,0.0016856058,0.0024667890,0.0008460798,0.0030360989,0.0023862036,0.0030166547,0.0033286088,0.0006223722,0.0014680835,0.0053963726,0.0006406852,0.0022141623,0.0014199781,0.0055623887,0.0001872877,0.0038059381,0.0030546209,0.0023533544,0.0016936609,0.0034543889,0.0025312965,0.0009173084,0.0024190758,0.0031607976,0.0014381377,0.0002790847,0.0013773895,0.0006925381,0.0015144066,0.0029641042,0.0007686642,0.0028331603,0.0021520046,0.0018638261,0.0024167249,0.0006578583,0.0040206047,0.0010530668,0.0008159045,0.0004123783,0.0008610201,0.0056732045,0.0021458208,0.0028593850,0.0012174669,0.0047716543,0.0009976856,0.0011503635,0.0024104325,0.0035988908,0.0029162840,0.0043114362,0.0004448968,0.0053831288,0.0013052603,0.0010591339,0.0019577731,0.0009702869,0.0021578966,0.0014169174,0.0019052152,0.0024947567,0.0046041398,0.0031082798,0.0010118725,0.0013609434,0.0033423356,0.0019810576,0.0021868000,0.0005528326,0.0024018208,0.0019994094,0.0002193347,0.0009774848,0.0008944760,0.0013689368,0.0026146141,0.0019583534,0.0013709004,0.0024746451,0.0029680922,0.0039466722,0.0016858938,0.0009934415,0.0023989759,0.0068229624,0.0024604887,0.0006211184,0.0002407538,0.0027520109,0.0023680513,0.0013221522,0.0004444196,0.0015031125,0.0011097807,0.0034987923,0.0014551329,0.0028829744,0.0031725724,0.0019052270,0.0004819320,0.0017961121,0.0007938668,0.0019467571,0.0032406303,0.0022444626,0.0025823722,0.0011815997
MiddlePersian,0.0010167611,0.0007713999,0.0011821554,0.0010033427,0.0010252537,0.0017187936,0.0014013536,0.0034878560,0.0008358563,0.0010388184,0.0013457763,0.0006859891,0.0032715949,0.0014653722,0.0005890787,0.0008510718,0.0034649737,0.0011911632,0.0001497830,0.0065095639,0.0020319219,0.0036523974,0.0002212220,0.0025981331,0.0008093422,0.0008369114,0.0026045284,0.0030782022,0.0006143905,0.0005072595,0.0003726666,0.0015474616,0.0011742640,0.0013394317,0.0003887652,0.0007050211,0.0013614181,0.0025856762,0.0036138996,0.0013889039,0.0005633446,0.0018903414,0.0008397414,0.0021217830,0.0029391549,0.0006405987,0.0008993757,0.0013989473,0.0029300791,0.0000909908,0.0025328328,0.0012198758,0.0017146393,0.0046234397,0.0012206881,0.0020053775,0.0037299991,0.0033980453,0.0029780686,0.0008435651,0.0006368910,0.0023445272,0.0030284633,0.0031818429,0.0009584726,0.0014476365,0.0009976731,0.0016604622,0.0005858841,0.0019822922,0.0053777249,0.0012670113,0.0009246048,0.0006560392,0.0029788872,0.0010548099,0.0018203844,0.0008974324,0.0015101712,0.0002719446,0.0026835368,0.0009048176,0.0030546665,0.0010782445,0.0020292168,0.0025662075,0.0025249924,0.0024104676,0.0035551565,0.0027015886,0.0101798115,0.0024218348,0.0008113463,0.0015497147,0.0026491252,0.0027853865,0.0022555043,0.0027214086,0.0022827109,0.0018409309,0.0010078282,0.0022307230,0.0002487832,0.0011494247,0.0015937064,0.0004465365,0.0062390885,0.0007718547,0.0027174010,0.0013984050,0.0009697283,0.0019811151,0.0001183598,0.0033218831,0.0054223890,0.0011803840,0.0027160830,0.0007063407,0.0025495949,0.0020254360,0.0045288486,0.0089020480,0.0010420496,0.0007996014,0.0003580030,0.0008778903,0.0005524236,0.0002221068,0.0044611300,0.0009100686,0.0035012845,0.0030313913,0.0019125336,0.0033040411,0.0035166759,0.0044645006,0.0049043055,0.0023071660,0.0011531846,0.0005718542,0.0042824984,0.0029595435,0.0031430639,0.0045596925,0.0013447700,0.0062069083,0.0013604598,0.0017055900,0.0004548739,0.0015158993,0.0011910690,0.0020133593,0.0009295805,0.0042789056,0.0018234732,0.0007524496,0.0042198243,0.0009357829,0.0024510774,0.0025574453,0.0011731968,0.0014822126,0.0018753801,0.0016313604,0.0008610079,0.0018966326,0.0008221844,0.0012024414,0.0027776101,0.0016747741,0.0033040043,0.0001667488,0.0019663607,0.0020265793,0.0010878217,0.0034834775,0.0013949963,0.0016922753,0.0005709813,0.0022138748,0.0004379639,0.0032309772,0.0013944057,0.0011078368,0.0006606847,0.0020554424,0.0009879310,0.0020860077,0.0029159640,0.0005699035,0.0010344169,0.0012086959,0.0002955621,0.0035270879,0.0020151008,0.0009529418,0.0025434829,0.0014574004,0.0022675403,0.0003560396
PersianTehran,0.0005991608,0.0004331312,0.0014612619,0.0009774834,0.0000711186,0.0015962102,0.0002862452,0.0024454510,0.0020041254,0.0007136947,0.0019976628,0.0006680542,0.0037053192,0.0006683374,0.0015724538,0.0004107197,0.0006857152,0.0025211258,0.0002491670,0.0011551594,0.0036228050,0.0025194414,0.0010473323,0.0152539234,0.0005362453,0.0013704142,0.0000887226,0.0026081633,0.0025468711,0.0007622413,0.0016408644,0.0010098713,0.0013092869,0.0003184322,0.0021200707,0.0004848933,0.0006714745,0.0008285767,0.0012264506,0.0031580390,0.0006867726,0.0023786304,0.0022368194,0.0027351297,0.0010780126,0.0004938185,0.0012974516,0.0005442751,0.0008308596,0.0042121776,0.0010740747,0.0009590233,0.0021802586,0.0019629993,0.0021739572,0.0002587763,0.0015792806,0.0008812154,0.0010704952,0.0013220891,0.0001930665,0.0031285155,0.0021728480,0.0009299423,0.0017448047,0.0038507981,0.0031772848,0.0023777792,0.0006426750,0.0033834853,0.0053967777,0.0044016211,0.0018588891,0.0018635309,0.0009879703,0.0002924869,0.0009554072,0.0016145249,0.0026601443,0.0012481072,0.0010038199,0.0007910495,0.0028045942,0.0006237133,0.0022884537,0.0072264117,0.0019502598,0.0009384469,0.0037328636,0.0020891012,0.0068492910,0.0011714081,0.0001298281,0.0002322921,0.0007652317,0.0002444623,0.0014946343,0.0018589937,0.0011733569,0.0002960863,0.0015338157,0.0004139641,0.0007515012,0.0004451276,0.0003216837,0.0028705066,0.0035649002,0.0008180990,0.0002540811,0.0037968343,0.0015753942,0.0016986639,0.0016584923,0.0026577033,0.0038397729,0.0014783512,0.0017832792,0.0027519498,0.0017528565,0.0005339080,0.0019621726,0.0074872238,0.0015888919,0.0018421327,0.0002883392,0.0009323688,0.0009642760,0.0008232648,0.0006005075,0.0001051484,0.0015452816,0.0003164792,0.0028934215,0.0021208469,0.0032356921,0.0040192035,0.0002011032,0.0012240583,0.0018118214,0.0002387882,0.0035001120,0.0040730719,0.0013987783,0.0007414995,0.0022071331,0.0014626772,0.0004770424,0.0012294276,0.0005793363,0.0002182256,0.0007946002,0.0017607172,0.0020068877,0.0030315239,0.0026046015,0.0017894077,0.0039390461,0.0015669390,0.0015462876,0.0009260510,0.0014696681,0.0004225738,0.0021035777,0.0017944480,0.0009745486,0.0008274575,0.0003003521,0.0017050133,0.0020009222,0.0020347597,0.0003445279,0.0002318589,0.0010087148,0.0017528740,0.0014127134,0.0003087705,0.0039856850,0.0014922419,0.0017470554,0.0007141716,0.0001748245,0.0007717021,0.0007794841,0.0018511813,0.0010989668,0.0010194706,0.0020841564,0.0008068880,0.0002871047,0.0003405755,0.0004499654,0.0005445824,0.0005079456,0.0003206270,0.0002290499,0.0025619507,0.0018964665,0.0012219855,0.0022038142,0.0014320048
Bakhtiari,0.0013922568,0.0008224682,0.0010767343,0.0002353069,0.0037444126,0.0031962014,0.0008288417,0.0014835539,0.0018207673,0.0019251329,0.0007774364,0.0009619398,0.0024998845,0.0023120982,0.0021803572,0.0017539865,0.0020847070,0.0026625005,0.0003972309,0.0015082888,0.0004001191,0.0020216517,0.0004589874,0.0116890747,0.0036804836,0.0016219458,0.0006019503,0.0014508396,0.0028413578,0.0013016926,0.0020493939,0.0025592918,0.0031291196,0.0023233666,0.0012325178,0.0003056133,0.0026362485,0.0007079887,0.0024501609,0.0014415144,0.0001572338,0.0019993354,0.0012826508,0.0018726199,0.0014244138,0.0001870101,0.0016964586,0.0013074529,0.0018831700,0.0014910119,0.0007991359,0.0015142764,0.0042000310,0.0033076035,0.0006021028,0.0013753591,0.0015794324,0.0030734568,0.0010738708,0.0021684133,0.0006268188,0.0015680306,0.0016720486,0.0000546955,0.0004705683,0.0012996447,0.0022802229,0.0000327799,0.0003320306,0.0018185091,0.0088087443,0.0054763933,0.0017604040,0.0008556322,0.0008904434,0.0011628729,0.0004043739,0.0015639876,0.0005108070,0.0019283127,0.0023845048,0.0105443572,0.0006249812,0.0002406957,0.0021402332,0.0017687691,0.0007669973,0.0031668114,0.0008215110,0.0055929159,0.0040004659,0.0002991331,0.0017936075,0.0018936747,0.0004610021,0.0044226339,0.0017944423,0.0031756616,0.0006050488,0.0005377747,0.0004941585,0.0005266016,0.0011457775,0.0016414225,0.0009912963,0.0022407919,0.0017421613,0.0041581085,0.0008353002,0.0023591254,0.0004724453,0.0001699529,0.0006984355,0.0006154700,0.0016564275,0.0016662451,0.0028942327,0.0006602191,0.0012534229,0.0017163179,0.0035173716,0.0122497688,0.0004363586,0.0006574617,0.0020016686,0.0003340516,0.0002556582,0.0009473403,0.0028703161,0.0005896347,0.0019330425,0.0017002386,0.0012605610,0.0015321704,0.0023208420,0.0038906606,0.0003288876,0.0079692209,0.0001243154,0.0013834458,0.0031142676,0.0006055158,0.0041013908,0.0028644688,0.0046776427,0.0034344233,0.0004765428,0.0020620529,0.0011676332,0.0014335258,0.0001240203,0.0010023613,0.0005154355,0.0010181763,0.0016109711,0.0016317751,0.0049658998,0.0006057347,0.0016337302,0.0014854723,0.0016113509,0.0005523619,0.0007719673,0.0044731775,0.0008900456,0.0006013210,0.0007789517,0.0000187790,0.0018177265,0.0005524280,0.0042409422,0.0030331581,0.0027802151,0.0012492369,0.0031247294,0.0012355702,0.0018159272,0.0013679233,0.0016678282,0.0008292632,0.0000631357,0.0011071260,0.0010411190,0.0022010681,0.0004887030,0.0007523490,0.0013235982,0.0027975254,0.0034408431,0.0002700207,0.0005340623,0.0017217298,0.0009919380,0.0013661386,0.0007465516,0.0026391320,0.0007646578,0.0017910803,0.0020052448,0.0017072497
Delvari,0.000509453590,0.000380582265,0.002975793002,0.001711346992,0.002300927532,0.000309704551,0.000871266216,0.000731336217,0.001799708692,0.000445973819,0.000176184654,0.003060102648,0.001941470055,0.000869466662,0.001885842047,0.000531256800,0.001778402434,0.000115022620,0.003110128994,0.000337162317,0.001218637306,0.001881232209,0.001740082175,0.014966470428,0.000370567658,0.001385212901,0.002260832135,0.001245418137,0.001695571423,0.000131311533,0.000943198995,0.001158424283,0.002745438234,0.000455704665,0.001700737156,0.000923112430,0.000242231640,0.000585784932,0.002166402640,0.001430348350,0.000073704727,0.000853432674,0.002984626424,0.006168934524,0.001568744631,0.000367865995,0.001245488016,0.001125764431,0.000560835119,0.000725245699,0.001190964848,0.001409778287,0.000125934819,0.000881741252,0.000785968535,0.001354447757,0.002232363916,0.000893453123,0.000793618359,0.000232841557,0.000560721800,0.001431391261,0.000549976509,0.001131601271,0.000984027468,0.000216699457,0.000890780967,0.000784197803,0.000000441576,0.005143931192,0.003189671433,0.001304189948,0.003566393629,0.000672802209,0.000684250658,0.000256450695,0.000222406842,0.001306264221,0.000416760348,0.001944486462,0.000970575895,0.000795715186,0.000391369171,0.000915463602,0.001996198158,0.005809013701,0.004068278916,0.002102553061,0.001194443663,0.003736646521,0.003020101995,0.001171448505,0.000784151503,0.001291754319,0.000850053693,0.000797160921,0.001787565640,0.001029485362,0.000056130897,0.000339414138,0.001434426647,0.003144363572,0.000843215140,0.000635967626,0.000618070406,0.002289232823,0.005421311035,0.002639999348,0.000012841289,0.001723671495,0.000742250658,0.004246151837,0.000187214187,0.000239134807,0.000020405812,0.000827905967,0.002337791698,0.003373838486,0.000304770635,0.001381600859,0.000878007554,0.006939026597,0.001685890196,0.000631615915,0.000995710512,0.000737475392,0.000138498570,0.001274674519,0.002152153887,0.000404424078,0.001012441183,0.000846651078,0.001350939307,0.001641329061,0.001201150282,0.000795071701,0.001381184523,0.000058111591,0.001362410197,0.000210367690,0.002905825155,0.002455618555,0.000479627756,0.000681205658,0.001418817205,0.003497630995,0.000258644522,0.001190601057,0.000148143511,0.001433763568,0.001807125914,0.002346205862,0.000457592313,0.001710999323,0.000885843054,0.001190302990,0.000755355243,0.002078587958,0.001063896291,0.004159494439,0.000258926561,0.000234316771,0.000427192073,0.001702513619,0.001567017174,0.000458497123,0.000362576043,0.000780448173,0.001157245217,0.000804657339,0.000937470700,0.000275881375,0.002075064275,0.001342960749,0.000512915376,0.000849027681,0.004033623579,0.000538736818,0.000958991325,0.000806683363,0.000173393166,0.000292782913,0.001496759283,0.000228181141,0.001042415650,0.001587578196,0.000913275193,0.002109237541,0.001891868102,0.000378041989,0.000590970827,0.000456548384,0.000179551425,0.001244338229,0.000313600849,0.001004283749,0.002278197691,0.002120953035,0.002043972569,0.001497643154
Lari,0.0005086028,0.0007488417,0.0019432117,0.0011880434,0.0021944027,0.0014206561,0.0014231886,0.0003904574,0.0023496972,0.0008643303,0.0019499432,0.0059812068,0.0029227109,0.0030461844,0.0022860409,0.0011511684,0.0013312326,0.0046431862,0.0005965609,0.0005573211,0.0020311160,0.0019901536,0.0005823865,0.0036976409,0.0037015679,0.0014049431,0.0011931837,0.0034221709,0.0015395502,0.0004091926,0.0012078877,0.0009253248,0.0029734370,0.0000803064,0.0013164779,0.0021970019,0.0024500121,0.0003274956,0.0011062319,0.0009073385,0.0027858645,0.0005788505,0.0029465978,0.0016717130,0.0053349235,0.0005524321,0.0000691437,0.0006495088,0.0015446652,0.0014197280,0.0020364352,0.0010897246,0.0008314193,0.0012743039,0.0007112223,0.0008096198,0.0003063891,0.0011001646,0.0008288442,0.0022385893,0.0008457544,0.0001567698,0.0052692851,0.0007338535,0.0048251635,0.0044819673,0.0087651048,0.0042662594,0.0047286482,0.0009099960,0.0145945623,0.0017074285,0.0009197239,0.0039571680,0.0008742647,0.0014035078,0.0000633979,0.0045170639,0.0017093827,0.0008654312,0.0018034054,0.0015141932,0.0035983992,0.0011639382,0.0033758108,0.0110173184,0.0035037320,0.0073488442,0.0025061680,0.0014167362,0.0017419461,0.0010111589,0.0010109503,0.0026381278,0.0007687242,0.0006363403,0.0020592828,0.0011535754,0.0003605590,0.0003018133,0.0001841110,0.0078714160,0.0004795619,0.0011099592,0.0006797750,0.0078806839,0.0042844091,0.0014664848,0.0038261217,0.0006225696,0.0011224385,0.0026251573,0.0008637715,0.0021875133,0.0028744320,0.0017852418,0.0032271472,0.0007602910,0.0063177236,0.0008145171,0.0030001034,0.0027361101,0.0008002916,0.0017220374,0.0007363145,0.0003014000,0.0007617303,0.0016390760,0.0023732346,0.0004307013,0.0005042717,0.0015307152,0.0052186998,0.0008529761,0.0040823714,0.0021151128,0.0018309668,0.0024106726,0.0011642680,0.0036327550,0.0041475133,0.0072655622,0.0006725636,0.0111206159,0.0007513440,0.0018922133,0.0003019514,0.0001761515,0.0021746333,0.0011767067,0.0023838497,0.0020742972,0.0007383916,0.0035789146,0.0012652053,0.0010854361,0.0064128174,0.0041074885,0.0020292825,0.0025145014,0.0015072051,0.0003659601,0.0029269510,0.0016551344,0.0023529504,0.0011839834,0.0007938327,0.0000229461,0.0030522872,0.0023993913,0.0007354434,0.0012849521,0.0068400846,0.0009390039,0.0062638711,0.0005650283,0.0085452059,0.0024815205,0.0006811644,0.0024500191,0.0008376835,0.0027592127,0.0014945957,0.0009704167,0.0019419747,0.0006005913,0.0013985299,0.0020212608,0.0032043239,0.0009777264,0.0025991686,0.0004573677,0.0051272322,0.0016590806,0.0025785206,0.0038039026,0.0008146044,0.0042196247,0.0057898901,0.0031169621
Kumzari,0.0001011502,0.0008166305,0.0053738474,0.0021947936,0.0009293383,0.0014919436,0.0014773985,0.0041331748,0.0012885371,0.0006951472,0.0005040323,0.0021546260,0.0012474581,0.0030725158,0.0008150022,0.0038801144,0.0035882326,0.0054078161,0.0003285078,0.0021179973,0.0022162702,0.0054883805,0.0006216181,0.0026378082,0.0022123895,0.0007953269,0.0013689008,0.0012899175,0.0013470547,0.0017744940,0.0017510927,0.0028661455,0.0045776460,0.0021782040,0.0006822046,0.0014321874,0.0027104797,0.0018763890,0.0021185782,0.0031817828,0.0013685075,0.0004296137,0.0020420437,0.0022741743,0.0035861217,0.0008422833,0.0032970831,0.0007397207,0.0003194380,0.0042875428,0.0028949147,0.0037581923,0.0015136287,0.0011949291,0.0012724038,0.0022056385,0.0014283405,0.0015472893,0.0028179599,0.0015151460,0.0002309569,0.0010400151,0.0022515874,0.0037073544,0.0050199008,0.0021861895,0.0022624586,0.0011241745,0.0019003805,0.0032349539,0.0086516337,0.0007827619,0.0061892278,0.0010981878,0.0016341065,0.0009473335,0.0003002935,0.0006741939,0.0007693373,0.0006869130,0.0023166295,0.0012979846,0.0018558860,0.0000932809,0.0028422793,0.0119560600,0.0120694450,0.0013559139,0.0097339550,0.0011801415,0.0130806460,0.0021791719,0.0018116094,0.0054685061,0.0005478660,0.0019977858,0.0034913614,0.0022108779,0.0024752816,0.0006672339,0.0011872311,0.0021079957,0.0021574019,0.0034958413,0.0017460562,0.0024550508,0.0014496213,0.0032692658,0.0061919363,0.0008661644,0.0014569260,0.0006569245,0.0015427317,0.0006385136,0.0110436449,0.0017063794,0.0012502425,0.0023903077,0.0034528103,0.0053266988,0.0020366703,0.0075493720,0.0015341515,0.0006677060,0.0014979011,0.0037660730,0.0038136751,0.0014120281,0.0013116424,0.0022408672,0.0010787398,0.0010658859,0.0006489245,0.0007135402,0.0009574589,0.0059546995,0.0021512383,0.0061119808,0.0029039233,0.0001674605,0.0036874141,0.0062192037,0.0004621602,0.0013056804,0.0007421355,0.0015828445,0.0014085104,0.0009124548,0.0018367718,0.0075079035,0.0038436715,0.0002650779,0.0020494757,0.0027895779,0.0076707175,0.0010955525,0.0115083031,0.0034047977,0.0007663635,0.0026084971,0.0040264390,0.0004551276,0.0034093916,0.0034061438,0.0009877234,0.0007655632,0.0018691149,0.0023060726,0.0064388735,0.0023948314,0.0024878129,0.0004068687,0.0110245107,0.0030583150,0.0070373302,0.0019736996,0.0035972525,0.0011427463,0.0018684078,0.0015467877,0.0002149306,0.0055235753,0.0010201199,0.0031294559,0.0006503178,0.0005206071,0.0009626450,0.0051206490,0.0173813923,0.0047130351,0.0003442635,0.0021331971,0.0009029383,0.0001779353,0.0013964815,0.0034872314,0.0022445837,0.0004652599,0.0034538359,0.0019543428
Latvian,0.0003848131,0.0005242301,0.0017487503,0.0022825980,0.0012924611,0.0016935355,0.0030061186,0.0017499546,0.0002864090,0.0004391681,0.0031003019,0.0005810347,0.0029520856,0.0006446469,0.0009407471,0.0009395084,0.0003267505,0.0030216832,0.0026952099,0.0025260496,0.0012071613,0.0029482886,0.0018407369,0.0043275034,0.0017936728,0.0020840683,0.0025496633,0.0016340307,0.0002312968,0.0008257386,0.0013073288,0.0018077277,0.0029751621,0.0003233207,0.0002569078,0.0017970498,0.0011071415,0.0005904790,0.0014210008,0.0012204009,0.0003741135,0.0017769956,0.0007248212,0.0043271140,0.0023317485,0.0006510922,0.0011867759,0.0018844841,0.0007175729,0.0031016100,0.0024926877,0.0015912972,0.0026999212,0.0010173564,0.0027360262,0.0011968366,0.0013398878,0.0014211203,0.0015259027,0.0015204147,0.0000840815,0.0031513424,0.0005142783,0.0029404972,0.0043923836,0.0002877427,0.0016820037,0.0004861203,0.0028607057,0.0072250545,0.0073626563,0.0009114565,0.0029976794,0.0004396939,0.0030302977,0.0006488406,0.0029105889,0.0043147855,0.0007885857,0.0006615190,0.0013373620,0.0007077891,0.0016761563,0.0016380101,0.0024540989,0.0070272610,0.0017604495,0.0032683735,0.0008586447,0.0012840362,0.0056829831,0.0010543971,0.0024548906,0.0015538848,0.0010642529,0.0008924479,0.0007982190,0.0020998591,0.0021652115,0.0007456752,0.0013827242,0.0056803317,0.0010056779,0.0003926304,0.0005459283,0.0010298521,0.0024703029,0.0035337890,0.0010777740,0.0011032723,0.0060667771,0.0005679371,0.0008793634,0.0007782129,0.0094552724,0.0018089129,0.0016285853,0.0021861128,0.0014423557,0.0041547814,0.0032466452,0.0042520456,0.0010801507,0.0000527511,0.0023882139,0.0006914622,0.0016365318,0.0017829458,0.0007715870,0.0004485348,0.0015009684,0.0003910817,0.0042656328,0.0020916921,0.0059744947,0.0045994250,0.0006329400,0.0040925475,0.0014079008,0.0009855001,0.0018478916,0.0024121695,0.0027919859,0.0020359794,0.0030735819,0.0017779335,0.0005905442,0.0005564382,0.0002897336,0.0011055224,0.0041960227,0.0013273207,0.0003135459,0.0016591181,0.0029509203,0.0030920017,0.0031640088,0.0023932320,0.0013329130,0.0012610237,0.0004155589,0.0005447811,0.0004503614,0.0011736525,0.0018210465,0.0012794718,0.0011531389,0.0005538126,0.0014984838,0.0023852726,0.0005656721,0.0020237101,0.0025561889,0.0030264258,0.0028132155,0.0022549188,0.0002585370,0.0020947374,0.0018622667,0.0014324447,0.0002103827,0.0011802426,0.0014812458,0.0027850822,0.0005828294,0.0003739761,0.0012294380,0.0015829009,0.0002386236,0.0008706962,0.0019863118,0.0004194942,0.0037891637,0.0020546997,0.0003349975,0.0015045514,0.0029718823,0.0021027366,0.0037651052,0.0034722579
Latgalian,0.0005101810,0.0007314094,0.0011081276,0.0005751714,0.0007405294,0.0003026724,0.0006301228,0.0008969755,0.0015643290,0.0005437938,0.0000385664,0.0002259632,0.0010015078,0.0006766633,0.0014357219,0.0012549423,0.0007530447,0.0012850602,0.0010305475,0.0011795568,0.0013098246,0.0015960144,0.0007434348,0.0046763178,0.0009463771,0.0013107344,0.0013120907,0.0022119175,0.0007716246,0.0001255636,0.0011161069,0.0006600902,0.0007281109,0.0016453490,0.0004998511,0.0002481624,0.0006239727,0.0017912777,0.0006421311,0.0010952407,0.0009365776,0.0005563858,0.0012587871,0.0020621638,0.0009572325,0.0004811248,0.0007679414,0.0006496807,0.0008855358,0.0013242109,0.0011805202,0.0006014884,0.0012091967,0.0006735423,0.0003051503,0.0013382857,0.0004107799,0.0007650585,0.0005093245,0.0017170838,0.0004158200,0.0005790063,0.0007357632,0.0007634905,0.0019690450,0.0007031709,0.0024446343,0.0011549055,0.0006400093,0.0032762328,0.0039362509,0.0003999846,0.0019874588,0.0017708817,0.0001996569,0.0006628964,0.0006894948,0.0008000191,0.0016233729,0.0008215458,0.0009173089,0.0002703399,0.0012857791,0.0015736529,0.0020011843,0.0022869176,0.0022831012,0.0021795478,0.0002864061,0.0024757729,0.0016581447,0.0006204080,0.0015697895,0.0016646228,0.0011488194,0.0007815188,0.0013410872,0.0025810835,0.0015628106,0.0013456636,0.0009020500,0.0036509918,0.0006111056,0.0008281264,0.0011135360,0.0022008431,0.0008431744,0.0012424982,0.0017382152,0.0039247334,0.0009068901,0.0013732156,0.0003509205,0.0008661837,0.0001970738,0.0017639725,0.0002266199,0.0007295050,0.0022648384,0.0009204657,0.0020309008,0.0033773795,0.0004596830,0.0002173531,0.0004330430,0.0002708329,0.0014252489,0.0006467043,0.0014135422,0.0004288008,0.0004508845,0.0004720483,0.0015319597,0.0019036010,0.0012906860,0.0041434535,0.0004249642,0.0042477447,0.0012481573,0.0004189462,0.0018506452,0.0014054202,0.0011139064,0.0013914411,0.0005920303,0.0026983711,0.0010583352,0.0003641457,0.0005652957,0.0009159219,0.0004329369,0.0013754964,0.0008844072,0.0004425660,0.0020964234,0.0009399591,0.0021585419,0.0015270764,0.0004418051,0.0000544415,0.0005900716,0.0000682958,0.0013150831,0.0006985118,0.0005906777,0.0006120073,0.0002080350,0.0002988825,0.0006917698,0.0026448827,0.0004070380,0.0002689109,0.0001677854,0.0005155682,0.0009962557,0.0004616557,0.0016932630,0.0003201165,0.0012678952,0.0015285835,0.0009657567,0.0025804702,0.0013160121,0.0010509119,0.0007787940,0.0005191753,0.0002665304,0.0007460117,0.0048557367,0.0002533497,0.0007393437,0.0012650164,0.0023927743,0.0002653783,0.0019352542,0.0015665815,0.0003305033,0.0010295291,0.0017962492,0.0030428370
Lithuanian,0.0000196272,0.0021295443,0.0018666591,0.0007560779,0.0051043771,0.0033417002,0.0006847746,0.0008498491,0.0018590784,0.0011805565,0.0022582238,0.0060640397,0.0005379087,0.0042046451,0.0062230669,0.0014717802,0.0017656040,0.0007534809,0.0029482537,0.0005621341,0.0007034796,0.0029034539,0.0017532711,0.0034262599,0.0021076584,0.0018425921,0.0027610765,0.0011417323,0.0007967215,0.0010070713,0.0043557933,0.0021159449,0.0044609954,0.0016844156,0.0016321386,0.0035177904,0.0004103288,0.0046023527,0.0012475344,0.0036189559,0.0042143384,0.0048304531,0.0024520223,0.0013962997,0.0048561795,0.0019953518,0.0032770753,0.0034224796,0.0027887644,0.0037758712,0.0024703925,0.0021569113,0.0039815032,0.0059514393,0.0029422157,0.0014455454,0.0050780744,0.0040470559,0.0017147741,0.0001948514,0.0019371027,0.0051072466,0.0002259716,0.0035654972,0.0140829054,0.0014176945,0.0070176795,0.0029078530,0.0032776823,0.0071701776,0.0085438554,0.0013382908,0.0019351754,0.0017135168,0.0005453249,0.0015847744,0.0029945675,0.0031086785,0.0005390821,0.0035270229,0.0024039919,0.0005088947,0.0029833006,0.0008877853,0.0092694600,0.0075109789,0.0007966574,0.0103158950,0.0042548446,0.0014707142,0.0030400723,0.0019540865,0.0048598210,0.0011316936,0.0013530123,0.0019791814,0.0006340292,0.0067842109,0.0060177616,0.0010251322,0.0001029838,0.0045363767,0.0017358139,0.0004908986,0.0015249041,0.0091525009,0.0070029498,0.0001769570,0.0047012739,0.0104459673,0.0063282525,0.0042956551,0.0012352334,0.0021813752,0.0043506845,0.0031477021,0.0019840245,0.0021386803,0.0022353007,0.0031056160,0.0046793529,0.0024447418,0.0021956217,0.0020351244,0.0040068793,0.0024565505,0.0018686734,0.0028872865,0.0021010756,0.0015559181,0.0050776183,0.0017139813,0.0054068426,0.0012733492,0.0014698135,0.0047513834,0.0045722331,0.0017401196,0.0010223880,0.0003942117,0.0078665317,0.0060269604,0.0055547766,0.0012922241,0.0019680933,0.0014840755,0.0033540346,0.0004646133,0.0004809430,0.0011852813,0.0029490097,0.0027760351,0.0018588854,0.0037778236,0.0020863668,0.0020074184,0.0034075479,0.0021884235,0.0034038416,0.0026648072,0.0021880026,0.0009735442,0.0017144112,0.0013248843,0.0010918160,0.0005232255,0.0018809347,0.0018402544,0.0026540566,0.0024392894,0.0022119292,0.0018105170,0.0011656588,0.0030643726,0.0033181252,0.0025986733,0.0004765199,0.0037818072,0.0012040531,0.0011924995,0.0007590360,0.0054821885,0.0011878039,0.0060899455,0.0035114062,0.0028550162,0.0010815221,0.0035492894,0.0063414368,0.0029653110,0.0004698656,0.0007231574,0.0019052465,0.0019485794,0.0009750106,0.0015746532,0.0012146087,0.0017076448,0.0039116848,0.0012448388
OldPrussian,0.009282119,0.001597502,0.007343957,0.003422532,0.007264433,0.001499632,0.001789971,0.007989531,0.005217079,0.001806347,0.005715310,0.003160289,0.005598226,0.003257170,0.001910293,0.001899990,0.006118299,0.007486326,0.006931037,0.004485421,0.003811996,0.018529330,0.000104954,0.012079806,0.003727951,0.003232076,0.003572825,0.003900199,0.004073158,0.002812631,0.002176171,0.004152237,0.006648900,0.004966845,0.002912500,0.000926796,0.004218386,0.004578323,0.000556307,0.011149375,0.006778478,0.002424916,0.002449087,0.005923039,0.006640071,0.000297395,0.003032039,0.002753806,0.002212546,0.001229680,0.000734170,0.006117675,0.003310135,0.009968480,0.003925073,0.006069479,0.001434435,0.002179073,0.002297493,0.002495361,0.001217620,0.005526752,0.005490240,0.003437429,0.000304102,0.004103925,0.017137105,0.001081145,0.003009905,0.005736256,0.012926242,0.003160148,0.012438877,0.002717113,0.002245098,0.002933430,0.000187124,0.002469166,0.000137736,0.003026375,0.005698391,0.003512542,0.001997387,0.001842377,0.006471408,0.007782518,0.005546187,0.007321516,0.007304265,0.004027416,0.009594350,0.002724553,0.001766942,0.004840288,0.001259423,0.000772493,0.002144053,0.004185226,0.002508712,0.001266791,0.002919413,0.011477623,0.002344057,0.002916247,0.000944699,0.002737190,0.013527268,0.006951954,0.006454683,0.006016533,0.011037514,0.006892520,0.003113391,0.002341382,0.008485131,0.009329417,0.002998099,0.010411058,0.001941242,0.002678046,0.001982422,0.027161295,0.005254637,0.003443164,0.000387929,0.002341773,0.001446168,0.003534306,0.002702506,0.001523132,0.002885851,0.004635407,0.004091002,0.004811439,0.004582938,0.007424614,0.001482872,0.021897004,0.002536432,0.004610601,0.002772087,0.004647190,0.003949485,0.004481681,0.006368919,0.002753301,0.002855784,0.003773738,0.007397132,0.001072636,0.006415240,0.000418018,0.003575726,0.005815052,0.002544777,0.006541064,0.015463129,0.003941753,0.001330079,0.005141181,0.002291503,0.000741627,0.004452253,0.003674277,0.003547277,0.001638058,0.001238427,0.003611263,0.008570808,0.008848578,0.001041458,0.003723917,0.003906503,0.006168984,0.001959181,0.003078639,0.007431001,0.004103128,0.001816080,0.003728800,0.002739729,0.004891606,0.003794267,0.005195422,0.002891168,0.004361134,0.001663949,0.001969377,0.008816330,0.008834417,0.000436415,0.000790682,0.009292569,0.003586959,0.003224870,0.003034156,0.002514666,0.003732577,0.003429293,0.005777326
OldChurchSlavonic,0.0005074065,0.0013912612,0.0008925925,0.0008165412,0.0022340596,0.0015431922,0.0001674079,0.0008431113,0.0001471171,0.0007827489,0.0007746212,0.0014283459,0.0010167408,0.0007730766,0.0016033544,0.0006237299,0.0008166990,0.0014861429,0.0014336180,0.0024574823,0.0006725174,0.0014972990,0.0006685702,0.0088332715,0.0006742584,0.0018834482,0.0001853847,0.0006497422,0.0011680209,0.0011070033,0.0010017881,0.0004637428,0.0040911360,0.0003477620,0.0009348928,0.0000743344,0.0010360660,0.0038203838,0.0020788246,0.0026656863,0.0007793925,0.0004804499,0.0004573248,0.0003268505,0.0012006425,0.0010162099,0.0004928713,0.0016261447,0.0004875140,0.0014071810,0.0008029630,0.0013936714,0.0013628870,0.0009920290,0.0014608681,0.0003361877,0.0016880026,0.0006325416,0.0008337321,0.0007624923,0.0009813357,0.0008248582,0.0018734358,0.0014741058,0.0024339784,0.0008778834,0.0004439391,0.0012934843,0.0008687163,0.0002436859,0.0022144979,0.0012644218,0.0010617425,0.0007509504,0.0008094945,0.0017773638,0.0008071332,0.0020576196,0.0008686316,0.0003372559,0.0002380035,0.0016520247,0.0012207439,0.0004362402,0.0001012912,0.0038225739,0.0003972161,0.0022470462,0.0013695074,0.0006237322,0.0038078468,0.0004282183,0.0005212704,0.0000512288,0.0004443871,0.0002842242,0.0016628930,0.0007460094,0.0003116506,0.0002658659,0.0008183203,0.0007027329,0.0007478950,0.0021709206,0.0015417202,0.0035656635,0.0016070345,0.0013817948,0.0002823853,0.0012794070,0.0018811547,0.0003909106,0.0005215289,0.0014215397,0.0013663544,0.0020509454,0.0005949469,0.0007563764,0.0009076169,0.0010056716,0.0009609134,0.0047689465,0.0004790507,0.0004894480,0.0000830814,0.0006491102,0.0010720452,0.0001482515,0.0020292744,0.0001373784,0.0008839657,0.0020958375,0.0002858821,0.0008000314,0.0010278074,0.0024089356,0.0019270857,0.0029791721,0.0005411795,0.0006592946,0.0010801585,0.0022096023,0.0021240613,0.0013407930,0.0013386092,0.0010363019,0.0005634876,0.0001556681,0.0004714043,0.0007390054,0.0016904089,0.0005575055,0.0010721760,0.0047328301,0.0015298139,0.0010854249,0.0008370559,0.0016555466,0.0003738354,0.0014368275,0.0009563497,0.0006699794,0.0011603889,0.0007933771,0.0011337598,0.0010106210,0.0007434872,0.0009487225,0.0017043835,0.0000714560,0.0007187291,0.0010192936,0.0009954759,0.0029865062,0.0015625281,0.0020802475,0.0021695113,0.0007326045,0.0014114252,0.0019505466,0.0013292489,0.0018984137,0.0008697325,0.0013835567,0.0001406530,0.0006240421,0.0009754595,0.0013020387,0.0026370208,0.0006835084,0.0007569967,0.0014174072,0.0017290457,0.0013291322,0.0000716552,0.0009789656,0.0006071711,0.0011291537,0.0016116132,0.0014556057
Bulgarian,0.0003425362,0.0015290283,0.0011518771,0.0012499589,0.0015341053,0.0012344686,0.0010935277,0.0013794948,0.0028852475,0.0007996156,0.0003591744,0.0018915107,0.0017668637,0.0013647926,0.0015204950,0.0009530487,0.0021056422,0.0034240434,0.0028853905,0.0024428135,0.0029229037,0.0006114172,0.0001770964,0.0093704592,0.0021226791,0.0012254356,0.0014029443,0.0011354677,0.0005956144,0.0018776655,0.0008041297,0.0020124120,0.0020529840,0.0001422352,0.0006906127,0.0011587421,0.0012527770,0.0015420237,0.0015801818,0.0003764741,0.0008886292,0.0005521630,0.0005750032,0.0013571100,0.0043061549,0.0004278925,0.0009598596,0.0000959786,0.0006689726,0.0001895040,0.0001056222,0.0007055108,0.0008861734,0.0013083047,0.0007434186,0.0013875759,0.0047489633,0.0008505657,0.0014552264,0.0017030874,0.0010145516,0.0004405179,0.0005912053,0.0007832766,0.0031875997,0.0001960227,0.0031121716,0.0026962287,0.0001748611,0.0066935168,0.0076495458,0.0024654093,0.0013505889,0.0017043369,0.0007530367,0.0009340158,0.0011831264,0.0020253230,0.0003952773,0.0009927539,0.0016661696,0.0081486420,0.0015732282,0.0003500860,0.0030990720,0.0095068784,0.0037481022,0.0035781015,0.0023690988,0.0003297510,0.0016382412,0.0004448865,0.0004579803,0.0029008077,0.0005910839,0.0027798645,0.0007760061,0.0015588670,0.0007912567,0.0004494824,0.0002248186,0.0040486574,0.0007767101,0.0015665599,0.0007711922,0.0023827542,0.0034484986,0.0001452434,0.0037632858,0.0032354301,0.0029199225,0.0029499290,0.0008783022,0.0005337750,0.0100412076,0.0015375348,0.0016756272,0.0003938537,0.0007973990,0.0000737826,0.0011389817,0.0012150829,0.0017638027,0.0015977309,0.0002905543,0.0019486737,0.0005092537,0.0001802772,0.0011128556,0.0001623396,0.0005118296,0.0008827360,0.0013229909,0.0001346354,0.0043837525,0.0035186655,0.0008474017,0.0019852561,0.0018992897,0.0007559464,0.0013326692,0.0030657986,0.0015835068,0.0019508582,0.0002383280,0.0018999438,0.0002657142,0.0007885496,0.0002648845,0.0007196490,0.0006643518,0.0021672378,0.0011473518,0.0012612382,0.0013281876,0.0006457753,0.0040815104,0.0008089387,0.0017289772,0.0020453635,0.0003153429,0.0012613448,0.0013354467,0.0012949160,0.0019135931,0.0020306079,0.0009709074,0.0002010853,0.0016445900,0.0015022647,0.0009184651,0.0004011848,0.0026322808,0.0017184944,0.0025253201,0.0005241570,0.0017289933,0.0015794990,0.0005061714,0.0008994530,0.0016319639,0.0033051615,0.0036581245,0.0035095829,0.0004957584,0.0005907937,0.0015462541,0.0047015006,0.0028689404,0.0026637844,0.0011521854,0.0016709869,0.0028496666,0.0025464209,0.0020265317,0.0036854622,0.0010951811,0.0007182604,0.0009273505,0.0020850774
Macedonian,0.0010305139,0.0012020720,0.0013926625,0.0012186693,0.0022011217,0.0004041247,0.0008869731,0.0011346768,0.0009825896,0.0003123305,0.0001733606,0.0018329007,0.0012192878,0.0002692812,0.0005412779,0.0003325985,0.0000912157,0.0023200872,0.0014893339,0.0020784285,0.0009374600,0.0027864884,0.0001555444,0.0013413414,0.0008142995,0.0006398197,0.0003933503,0.0017664359,0.0004541129,0.0010113915,0.0001917039,0.0012017947,0.0018342710,0.0002155398,0.0011812777,0.0001414165,0.0018532911,0.0001956701,0.0007602411,0.0005784161,0.0008362240,0.0010772015,0.0004911268,0.0044246539,0.0005707834,0.0004810860,0.0002125220,0.0006518915,0.0012812230,0.0007267497,0.0002900649,0.0002374544,0.0016858660,0.0007339891,0.0010545599,0.0008250401,0.0008821379,0.0019943858,0.0008515757,0.0001191452,0.0011121911,0.0002999774,0.0003619638,0.0011029884,0.0007420225,0.0003340783,0.0019314801,0.0004098270,0.0013191694,0.0012714055,0.0016232845,0.0013289429,0.0010259207,0.0003173786,0.0003603274,0.0005770793,0.0009326425,0.0007781988,0.0005210565,0.0011286212,0.0012438413,0.0021278586,0.0006071323,0.0001915447,0.0016160598,0.0020694910,0.0009897742,0.0023571123,0.0015260093,0.0011788653,0.0026426658,0.0006836973,0.0010437980,0.0009556600,0.0005392746,0.0004973480,0.0023026376,0.0007374918,0.0007968338,0.0002429158,0.0001262850,0.0041991167,0.0008379389,0.0012432333,0.0004537730,0.0007993450,0.0022732318,0.0033771553,0.0017982935,0.0011613583,0.0003686264,0.0010567280,0.0000360058,0.0011138808,0.0056723316,0.0012235530,0.0006950845,0.0034931272,0.0008279701,0.0012140556,0.0020237845,0.0024204364,0.0004874527,0.0007655291,0.0017577297,0.0003244551,0.0000685972,0.0002465794,0.0017696179,0.0001734394,0.0007780899,0.0029141498,0.0011471148,0.0006627480,0.0018693126,0.0034649444,0.0004952868,0.0009867443,0.0003069622,0.0020744903,0.0004359288,0.0001673997,0.0008023076,0.0021603904,0.0005479301,0.0030476166,0.0002905136,0.0002159399,0.0009772774,0.0017592484,0.0005282262,0.0010549888,0.0005302481,0.0008711651,0.0004173028,0.0023148386,0.0011343774,0.0007330697,0.0000858368,0.0013229205,0.0009338191,0.0002685652,0.0006158615,0.0000775854,0.0007811147,0.0006132344,0.0010497943,0.0000629882,0.0019703135,0.0022126282,0.0005847498,0.0013678548,0.0023564570,0.0019227239,0.0004028486,0.0002455365,0.0011242559,0.0012278564,0.0011257011,0.0008958814,0.0003328464,0.0016156335,0.0003059384,0.0022161658,0.0006795827,0.0005259969,0.0005415131,0.0005001373,0.0005735065,0.0013585387,0.0013679373,0.0009301695,0.0016297068,0.0003058273,0.0005702097,0.0014126926,0.0009963419,0.0002132072,0.0021186567,0.0011992812
MacedonianSuho,0.0011958849,0.0006046067,0.0011112482,0.0004681799,0.0013857444,0.0011633938,0.0002137871,0.0013063462,0.0012660846,0.0007169970,0.0012297792,0.0007258849,0.0009893009,0.0006059084,0.0005198609,0.0003549670,0.0004365882,0.0007801694,0.0009948651,0.0019532835,0.0010984342,0.0012337639,0.0008676122,0.0043818255,0.0015604013,0.0011056115,0.0010821373,0.0016782155,0.0004608821,0.0005914553,0.0006363397,0.0017093266,0.0016651384,0.0003725386,0.0007647516,0.0002359970,0.0003239782,0.0006356508,0.0003344698,0.0012355507,0.0008283938,0.0007612786,0.0006660689,0.0030587277,0.0020576861,0.0001329040,0.0008870613,0.0014050468,0.0009004306,0.0014431536,0.0005770178,0.0015208979,0.0023256827,0.0009349441,0.0005017185,0.0007414864,0.0012419542,0.0019606484,0.0009244891,0.0004751646,0.0001859783,0.0007927248,0.0008504502,0.0011331482,0.0016148190,0.0016764124,0.0031343956,0.0011786064,0.0001343885,0.0013983993,0.0054636290,0.0014021836,0.0021258208,0.0008770618,0.0006620741,0.0004842905,0.0009890625,0.0010687719,0.0006707108,0.0007426241,0.0020604310,0.0036638492,0.0008580974,0.0013299219,0.0000869205,0.0034739602,0.0019346925,0.0033647192,0.0019537816,0.0019787006,0.0034288652,0.0004589522,0.0014413162,0.0022877305,0.0007453322,0.0005790121,0.0014654701,0.0014079925,0.0009956909,0.0013127258,0.0007643426,0.0015213162,0.0012841620,0.0013895266,0.0008649801,0.0001267811,0.0010999761,0.0021131796,0.0004730335,0.0013567011,0.0012568875,0.0017848429,0.0007606373,0.0003007709,0.0014034950,0.0016828006,0.0007856450,0.0007252832,0.0004422139,0.0015165740,0.0025778063,0.0013379078,0.0010648474,0.0003235411,0.0009457180,0.0004222002,0.0005702753,0.0009896731,0.0013564351,0.0004998044,0.0009335776,0.0014621268,0.0019494412,0.0006315674,0.0015862848,0.0010770756,0.0006890383,0.0020475180,0.0011375871,0.0005245014,0.0004459580,0.0018480655,0.0010307807,0.0012882885,0.0008835002,0.0016992987,0.0005690202,0.0010726376,0.0003729442,0.0010698257,0.0016384728,0.0008712620,0.0010625572,0.0005599642,0.0007546915,0.0013116276,0.0010158839,0.0008477875,0.0007548130,0.0016360012,0.0003374648,0.0001858675,0.0005644702,0.0004264467,0.0009515841,0.0008252878,0.0009099612,0.0009786789,0.0015533447,0.0008504500,0.0011670959,0.0008860372,0.0007446143,0.0009257606,0.0008187414,0.0013629148,0.0015758527,0.0008754096,0.0000595547,0.0010925451,0.0004035969,0.0005487398,0.0003832098,0.0018901435,0.0004311594,0.0001836575,0.0003719890,0.0017302434,0.0012822693,0.0008012716,0.0008018324,0.0012072100,0.0017048875,0.0013869662,0.0007967168,0.0015523813,0.0007334588,0.0007677535,0.0004228355,0.0006678954
MacedonianVisoka,0.000498759781,0.000426492278,0.000432455062,0.000656754893,0.000528594985,0.000848494363,0.000554418027,0.000226026674,0.000211536455,0.000251492958,0.000719339410,0.000380536760,0.000999229867,0.000023301270,0.000585771448,0.000361622747,0.001754109878,0.000684347733,0.001130295365,0.001870654032,0.000090682119,0.000974572392,0.000651681988,0.001250097936,0.000831046959,0.000711450223,0.000494038377,0.000244802364,0.000876037544,0.000301479557,0.000471331877,0.001137121968,0.000720779039,0.000033379047,0.000332834439,0.000372694243,0.000527584477,0.000697141264,0.000725638210,0.000828710956,0.000482665449,0.001363586583,0.000726732591,0.000467849190,0.000206155260,0.000215735879,0.000429002050,0.000676593546,0.001192338883,0.000186000620,0.000556808123,0.000471553017,0.000863366535,0.000746664780,0.000287713515,0.000611211365,0.000453212192,0.000918805046,0.000643947020,0.000362009301,0.000232751645,0.001844364278,0.000520115581,0.000626546644,0.000830704297,0.000444007916,0.002181209407,0.000720942781,0.000560374531,0.000863875785,0.001494996009,0.000548811158,0.000780849944,0.001285084155,0.000490386115,0.000797383736,0.000341601314,0.000342975386,0.000679966462,0.000216323911,0.000934075267,0.000951623485,0.000220967988,0.000794938549,0.000721665789,0.001148766921,0.000326735502,0.000822686916,0.001821353232,0.001620396493,0.001974382539,0.000894433735,0.000797004259,0.000733579141,0.000657657391,0.001183671678,0.000505267443,0.000571902533,0.001155560446,0.000222355251,0.000726135514,0.000728243516,0.000151589762,0.000623784974,0.001246380304,0.002128717015,0.001182506274,0.001925358898,0.001039471531,0.000690380769,0.000603150694,0.000579923849,0.000161477596,0.000645844147,0.000000986283,0.000844545042,0.000177475650,0.001727388168,0.000755451228,0.000213086945,0.001671998529,0.003708885459,0.000498492508,0.001019125179,0.000807483986,0.000462552875,0.000418549962,0.000652447688,0.000920645057,0.000212566322,0.000710573753,0.000269461751,0.000830007237,0.000494944758,0.001163887087,0.001153835680,0.000563462641,0.000301173603,0.000644078279,0.000535186672,0.000421110747,0.001173440361,0.000517008125,0.002054908505,0.000522701952,0.000985688427,0.001260482514,0.000547186563,0.000313909298,0.002194358929,0.001247115970,0.000179678921,0.000858547487,0.000447005713,0.000789204446,0.000439423654,0.001543252499,0.000396397039,0.000166529285,0.000308616605,0.000102621521,0.000228519644,0.000393133964,0.000857253873,0.000419717106,0.000054416661,0.000160713362,0.000312196549,0.000834193356,0.001240586883,0.000340514773,0.000254019718,0.001063904341,0.001387394059,0.001330996448,0.001432317727,0.000870502712,0.000492802816,0.000483747942,0.000257796568,0.000479727219,0.000346948051,0.000908466332,0.001086871698,0.000635480297,0.000190091638,0.000140001002,0.000491394026,0.000072126583,0.000168985923,0.000314097134,0.000194249511,0.000368112026,0.000661654741,0.000424108016,0.000439334471,0.000754229472,0.000981984742,0.000394654871,0.000452028859
SerboCroatian,0.0004413423,0.0000794627,0.0002287467,0.0006850331,0.0022897291,0.0003221269,0.0004592861,0.0012146103,0.0008729132,0.0002430367,0.0001180993,0.0008403651,0.0001314398,0.0007738002,0.0005170552,0.0004165132,0.0003362342,0.0010448195,0.0010202298,0.0002115859,0.0014267470,0.0006021575,0.0004995635,0.0017399936,0.0003773367,0.0006101673,0.0013974121,0.0011875258,0.0003729131,0.0003249014,0.0004638498,0.0009836876,0.0017190219,0.0011429771,0.0003809267,0.0002101553,0.0006383838,0.0010049494,0.0002226886,0.0008563627,0.0008538327,0.0009193672,0.0008700824,0.0012243072,0.0007919441,0.0003841178,0.0015761760,0.0010973206,0.0001849771,0.0012560178,0.0000818910,0.0013471633,0.0007102849,0.0002414111,0.0004831628,0.0006860388,0.0006491904,0.0009205178,0.0005064923,0.0000947401,0.0008225877,0.0022633468,0.0008253158,0.0003281916,0.0029001329,0.0006832695,0.0026321555,0.0000376403,0.0000275765,0.0026895727,0.0048202629,0.0009867618,0.0010126132,0.0009671966,0.0004810147,0.0010732753,0.0006238483,0.0012413606,0.0006280105,0.0012299092,0.0021970698,0.0075663884,0.0008438537,0.0021453018,0.0005452352,0.0017334155,0.0018104262,0.0014336235,0.0006745344,0.0005599551,0.0017252261,0.0003787634,0.0004934648,0.0002137489,0.0015013269,0.0012247319,0.0004636019,0.0035088836,0.0013295982,0.0010296604,0.0004080045,0.0025566203,0.0006565465,0.0008461653,0.0003830999,0.0023617155,0.0019776470,0.0004770620,0.0017217980,0.0006035608,0.0008389678,0.0003713781,0.0007904157,0.0004391383,0.0001005843,0.0010482271,0.0000397927,0.0010219532,0.0009630845,0.0007915136,0.0011795377,0.0005125635,0.0011427668,0.0000708894,0.0006162472,0.0004195200,0.0013207704,0.0011484679,0.0011045404,0.0009218825,0.0003970639,0.0002735520,0.0004547222,0.0009784795,0.0005088394,0.0026167542,0.0006302938,0.0041957674,0.0004267400,0.0004967749,0.0003762139,0.0009312477,0.0011648742,0.0008269541,0.0000499595,0.0005621149,0.0004101897,0.0004461567,0.0009596523,0.0008555641,0.0010865621,0.0005927838,0.0004779116,0.0021484964,0.0012582609,0.0003078840,0.0007429593,0.0000185091,0.0010758939,0.0013337293,0.0003701331,0.0001382108,0.0000639214,0.0012014910,0.0007465576,0.0012184205,0.0004988839,0.0004902917,0.0014101818,0.0009271926,0.0005375782,0.0009155212,0.0009517026,0.0003855342,0.0015271273,0.0010489813,0.0003789123,0.0006661361,0.0009376387,0.0009730245,0.0002813964,0.0002951411,0.0008745107,0.0019247190,0.0003989250,0.0003717432,0.0005786165,0.0022034339,0.0002291210,0.0002624334,0.0002388118,0.0003824055,0.0006282109,0.0004402113,0.0014976400,0.0016158863,0.0006995022,0.0006989741,0.0009071156,0.0025228441
SloveneEarlyModern,0.0008545098,0.0008426903,0.0004513812,0.0006906435,0.0004283055,0.0009413869,0.0004294537,0.0018942488,0.0016076529,0.0007937606,0.0011642901,0.0008940139,0.0017180568,0.0008629362,0.0007345993,0.0017727117,0.0016704480,0.0013865365,0.0009509910,0.0011309777,0.0005354018,0.0014049289,0.0006790507,0.0057029236,0.0009935676,0.0007700919,0.0008931606,0.0001145208,0.0013673507,0.0001346334,0.0012816556,0.0016271874,0.0003914313,0.0020615516,0.0009266446,0.0003047113,0.0012900052,0.0010485912,0.0007980872,0.0020683653,0.0009265618,0.0013351554,0.0009084987,0.0012460980,0.0019819049,0.0008510254,0.0004894619,0.0004991864,0.0020344453,0.0009187326,0.0016574195,0.0010057555,0.0015824810,0.0008786055,0.0010808528,0.0007867097,0.0002707239,0.0018778529,0.0009947237,0.0019392157,0.0002485000,0.0013715147,0.0006727362,0.0007704834,0.0013251962,0.0010415594,0.0005525990,0.0013911360,0.0013199416,0.0051585659,0.0004221967,0.0018911733,0.0012670876,0.0010923889,0.0008685282,0.0012205941,0.0005073479,0.0020247326,0.0010138417,0.0006409459,0.0020024412,0.0046416974,0.0010974981,0.0010476184,0.0004922150,0.0020514873,0.0037074311,0.0028936695,0.0008038649,0.0021582156,0.0026397656,0.0027235930,0.0012613584,0.0011437228,0.0022948096,0.0025866410,0.0017498497,0.0005435006,0.0000360741,0.0003472300,0.0005921721,0.0020445923,0.0003373654,0.0006124771,0.0006640490,0.0021702550,0.0017265002,0.0015170133,0.0021626672,0.0006494407,0.0004543812,0.0013937661,0.0018745311,0.0003023937,0.0004967556,0.0007540812,0.0002985677,0.0019037214,0.0009090062,0.0017215481,0.0043639600,0.0029840169,0.0005688833,0.0001377358,0.0008668118,0.0015755154,0.0009312756,0.0005060130,0.0005677481,0.0004480264,0.0010594674,0.0018369401,0.0001472568,0.0011353815,0.0021187626,0.0015069568,0.0003394484,0.0009800581,0.0009442471,0.0001580072,0.0005140413,0.0016085440,0.0011768511,0.0021168470,0.0004626958,0.0010224075,0.0001735681,0.0008613664,0.0008774435,0.0009515593,0.0027532804,0.0017628427,0.0018145128,0.0008816290,0.0017928680,0.0006964325,0.0029904171,0.0006453681,0.0011675047,0.0002492268,0.0013736226,0.0001780238,0.0003051175,0.0008632488,0.0005569814,0.0003941352,0.0005528251,0.0012653117,0.0011350984,0.0000551343,0.0009533224,0.0006822353,0.0014582702,0.0019085428,0.0021149036,0.0012041086,0.0008978063,0.0010135956,0.0005472335,0.0009021434,0.0004023859,0.0017434815,0.0005969835,0.0016709932,0.0007638804,0.0008716790,0.0008798301,0.0020024896,0.0031133257,0.0004933640,0.0006680201,0.0004092270,0.0008047024,0.0024999776,0.0012298368,0.0007165759,0.0016101293,0.0015865177,0.0009821269,0.0008440491
Slovene,0.00022773335,0.00033247527,0.00010507566,0.00049732379,0.00054010422,0.00055077102,0.00038278601,0.00051009746,0.00025327783,0.00064072508,0.00032773934,0.00029309883,0.00197005364,0.00048924521,0.00024580621,0.00027735764,0.00038748772,0.00069816800,0.00064271557,0.00105828022,0.00013081143,0.00049744259,0.00038395369,0.00369304748,0.00061040079,0.00007840469,0.00063226493,0.00008925414,0.00109835394,0.00033364003,0.00032634262,0.00066246081,0.00111103309,0.00039249907,0.00024952480,0.00078481713,0.00012074263,0.00050336829,0.00013954937,0.00026539753,0.00076299895,0.00031631419,0.00018572772,0.00028512956,0.00152942606,0.00028911314,0.00054063323,0.00051201688,0.00014312856,0.00128126149,0.00046478105,0.00088196381,0.00119828937,0.00084786931,0.00054323312,0.00002901579,0.00046037056,0.00066995467,0.00028812363,0.00034558276,0.00047121990,0.00058766192,0.00063540808,0.00017651226,0.00012569112,0.00040762511,0.00089340233,0.00021607898,0.00049262168,0.00025465356,0.00284358428,0.00066150866,0.00031881625,0.00021453209,0.00028213801,0.00046794289,0.00017231923,0.00113244609,0.00074754300,0.00034835946,0.00040744340,0.00120881806,0.00050078581,0.00023225453,0.00032077786,0.00258388240,0.00125842083,0.00017247073,0.00166946230,0.00102812770,0.00108747820,0.00047472618,0.00033611206,0.00034542414,0.00077771489,0.00117252653,0.00071033070,0.00077973807,0.00010368734,0.00017475307,0.00028117024,0.00147582188,0.00004191792,0.00043206843,0.00064473276,0.00259746206,0.00024897582,0.00044284936,0.00008009458,0.00118531116,0.00044194251,0.00086375689,0.00010137334,0.00034606746,0.00065579724,0.00079118299,0.00088612410,0.00008597649,0.00052316177,0.00029370319,0.00028229511,0.00216430211,0.00018608470,0.00010212469,0.00041395331,0.00022668866,0.00026223433,0.00042308340,0.00051782539,0.00013899713,0.00030357723,0.00051624218,0.00012359914,0.00125177530,0.00056725701,0.00030590173,0.00047822491,0.00147391345,0.00010457969,0.00017751442,0.00036701586,0.00106312067,0.00010439017,0.00051041735,0.00122177389,0.00328968587,0.00050924613,0.00048348544,0.00022262262,0.00028606018,0.00015431131,0.00059700542,0.00006952692,0.00141570817,0.00053929283,0.00096832130,0.00059508550,0.00018555369,0.00031149987,0.00028812977,0.00075367234,0.00042681012,0.00035636199,0.00019495777,0.00044292212,0.00002505349,0.00012642699,0.00032820451,0.00070335956,0.00083428985,0.00047182384,0.00039571296,0.00089364248,0.00026776300,0.00019018244,0.00077031200,0.00032511252,0.00023215430,0.00027239441,0.00049187069,0.00000997386,0.00031558795,0.00030774152,0.00072043297,0.00068559771,0.00015475835,0.00099266781,0.00055858131,0.00193275871,0.00024332622,0.00029230887,0.00053262802,0.00018677284,0.00096726285,0.00055603077,0.00021177578,0.00033371381,0.00039459678,0.00059232274,0.00016115040
SloveneKostel,0.0012437770,0.0006815876,0.0013434448,0.0006515734,0.0008758454,0.0010047732,0.0005165711,0.0007806021,0.0008670744,0.0009860338,0.0006095977,0.0010415269,0.0015069375,0.0007988749,0.0007194379,0.0013089383,0.0009110299,0.0009200826,0.0013562121,0.0010768644,0.0008390044,0.0003593048,0.0001762946,0.0036863705,0.0014618870,0.0004504105,0.0011013748,0.0007110343,0.0007012525,0.0001195572,0.0000533707,0.0011259538,0.0018452416,0.0001813228,0.0005711941,0.0011193988,0.0018417615,0.0015291082,0.0006601246,0.0009313988,0.0012598685,0.0006651689,0.0005320908,0.0004424401,0.0008406139,0.0004794644,0.0008668145,0.0015510652,0.0004115598,0.0004420781,0.0001235155,0.0012742671,0.0019867816,0.0014638979,0.0004727660,0.0006389084,0.0014348666,0.0003779527,0.0008636265,0.0001704080,0.0006806436,0.0004329267,0.0006331766,0.0001113965,0.0017969243,0.0001366226,0.0015131902,0.0001946588,0.0005355810,0.0024551409,0.0031887628,0.0002061716,0.0010371423,0.0003493972,0.0008740837,0.0004205933,0.0001577832,0.0001437266,0.0011375157,0.0006129379,0.0008481041,0.0011642784,0.0008599802,0.0005374506,0.0008917487,0.0023102986,0.0029599788,0.0004293426,0.0012627933,0.0020824375,0.0013197617,0.0005426155,0.0010608663,0.0014335259,0.0011126131,0.0008704146,0.0009870637,0.0017713298,0.0003812040,0.0002330345,0.0005060074,0.0017978223,0.0005693031,0.0003491496,0.0000542816,0.0029613895,0.0013836096,0.0003613741,0.0014908361,0.0010011928,0.0002455624,0.0005620918,0.0009982402,0.0009625194,0.0034244961,0.0003201477,0.0006616098,0.0017087482,0.0010364881,0.0009300356,0.0004975303,0.0010575189,0.0007962383,0.0002283353,0.0001003523,0.0002042971,0.0003386740,0.0006736389,0.0016397865,0.0006868678,0.0011449421,0.0009151084,0.0007562476,0.0005027568,0.0016707530,0.0017886648,0.0004481358,0.0028959343,0.0004579573,0.0003970228,0.0014314226,0.0026767059,0.0007551238,0.0015186061,0.0002063770,0.0021921833,0.0008971502,0.0015423815,0.0012392505,0.0003295074,0.0007897101,0.0007210733,0.0002874802,0.0017032401,0.0013582875,0.0009419559,0.0011835755,0.0006900890,0.0006340437,0.0003847802,0.0013905861,0.0008910763,0.0009604914,0.0012881995,0.0007191706,0.0002348259,0.0005682211,0.0011126390,0.0006320244,0.0004803399,0.0009486181,0.0010799279,0.0018158093,0.0011092180,0.0003593387,0.0008476557,0.0011201966,0.0007007083,0.0004495663,0.0006209797,0.0008739333,0.0004828448,0.0003917237,0.0015966498,0.0015240668,0.0006028764,0.0012342153,0.0007956087,0.0015555835,0.0002904027,0.0004051779,0.0004760924,0.0008561413,0.0027909329,0.0006946531,0.0013075415,0.0017783353,0.0009558767,0.0004480127,0.0013349347
OldPolish,0.0007711752,0.0004791114,0.0012603868,0.0000689144,0.0009771455,0.0007925644,0.0004521860,0.0009456128,0.0006182099,0.0005163617,0.0004410437,0.0001019776,0.0043929817,0.0002755634,0.0013517538,0.0030093426,0.0012445367,0.0001454798,0.0014974581,0.0024243659,0.0008584116,0.0002232794,0.0006154356,0.0069487767,0.0010787699,0.0019692471,0.0005056579,0.0004974983,0.0012362105,0.0003775169,0.0000289029,0.0004507446,0.0013185574,0.0009827908,0.0005576089,0.0029116154,0.0003195943,0.0014630138,0.0015744768,0.0008815197,0.0004357500,0.0004167811,0.0003706374,0.0044391423,0.0032989553,0.0006925244,0.0007775431,0.0003505627,0.0003637923,0.0031284544,0.0002312867,0.0013441588,0.0019208177,0.0015591347,0.0003943128,0.0004902965,0.0013446596,0.0000283078,0.0009610287,0.0011488678,0.0007425244,0.0005554768,0.0008806007,0.0020452651,0.0002968198,0.0007836742,0.0002944084,0.0000496342,0.0003688843,0.0008171027,0.0047897484,0.0018791088,0.0007326599,0.0000726236,0.0006355136,0.0013640019,0.0024838517,0.0005738074,0.0004571084,0.0012939686,0.0015700711,0.0031255093,0.0005714120,0.0001083363,0.0004899095,0.0031314676,0.0037553801,0.0044458853,0.0010984554,0.0040048662,0.0030688698,0.0009552788,0.0018568573,0.0012554434,0.0016731552,0.0003399714,0.0010711532,0.0026663632,0.0005728447,0.0004045325,0.0007084687,0.0006878478,0.0006946791,0.0010485681,0.0023098083,0.0014369036,0.0022664682,0.0008481987,0.0001960436,0.0028993385,0.0007068626,0.0004539798,0.0003784749,0.0012888887,0.0001638150,0.0004848436,0.0010870383,0.0009500831,0.0012178519,0.0016434058,0.0030318144,0.0018090851,0.0019793595,0.0000590874,0.0008508759,0.0005449843,0.0000899439,0.0003813590,0.0025370173,0.0003128580,0.0002574091,0.0005722684,0.0032212835,0.0017966977,0.0007196342,0.0004030049,0.0007996834,0.0017656472,0.0011623319,0.0021797055,0.0034259062,0.0034014916,0.0011078688,0.0011144425,0.0015932157,0.0018678916,0.0011860292,0.0004224960,0.0004791518,0.0003125232,0.0003536623,0.0007790106,0.0010297473,0.0020269304,0.0020039939,0.0021166306,0.0084024361,0.0005390717,0.0012860198,0.0008822800,0.0008722415,0.0005535376,0.0004986678,0.0017778786,0.0012926533,0.0031894705,0.0006393523,0.0009160778,0.0020117664,0.0005284474,0.0004381130,0.0028032799,0.0006011816,0.0007034234,0.0009822638,0.0013766720,0.0007038191,0.0021188003,0.0002309498,0.0007797576,0.0003286282,0.0008125914,0.0005557838,0.0019141754,0.0012279887,0.0005456901,0.0003017336,0.0024448332,0.0044244434,0.0006901664,0.0000179252,0.0018131744,0.0015630111,0.0005270491,0.0002655183,0.0009251875,0.0018785774,0.0011997894,0.0052360429,0.0002844188
Polish,0.0001332788,0.0002542176,0.0002640232,0.0006209046,0.0005123374,0.0003668895,0.0000725324,0.0013645859,0.0006294036,0.0003917768,0.0011379985,0.0008273177,0.0003258438,0.0003382420,0.0015865048,0.0006641855,0.0002411917,0.0003083129,0.0009430577,0.0014503338,0.0006123215,0.0011665705,0.0002391019,0.0015497123,0.0008405212,0.0004828430,0.0008798501,0.0002932646,0.0004082982,0.0005173669,0.0000248469,0.0003144863,0.0021911617,0.0007455940,0.0001864320,0.0001413675,0.0002257468,0.0007438315,0.0007187982,0.0004223921,0.0005024755,0.0002896158,0.0013468954,0.0005237133,0.0014447445,0.0000134043,0.0002894997,0.0006540590,0.0002337073,0.0008232837,0.0008539696,0.0004006998,0.0003480538,0.0013049342,0.0004542819,0.0002170551,0.0009120077,0.0006176002,0.0009802214,0.0012935002,0.0001064164,0.0005681140,0.0002136821,0.0011627726,0.0008380971,0.0008282410,0.0010381947,0.0007112531,0.0003216584,0.0001675637,0.0007891161,0.0005126138,0.0007543113,0.0019942918,0.0004188239,0.0001150329,0.0004293288,0.0006420534,0.0007409741,0.0003118584,0.0016005061,0.0021381804,0.0009896422,0.0008289989,0.0008211048,0.0006957221,0.0007139682,0.0022366990,0.0008458103,0.0007263575,0.0019092884,0.0009701883,0.0006987220,0.0003957321,0.0007487735,0.0006888256,0.0002483688,0.0014142971,0.0011796179,0.0001003227,0.0004921537,0.0012889673,0.0001598252,0.0007042709,0.0005991570,0.0011986924,0.0015793593,0.0009579311,0.0005378398,0.0003682772,0.0004855004,0.0009326537,0.0004612060,0.0002080761,0.0019931370,0.0008711422,0.0002333448,0.0009756047,0.0002693170,0.0001289764,0.0010187601,0.0023698280,0.0006789897,0.0001097663,0.0003633683,0.0004496332,0.0001880313,0.0000189840,0.0012858614,0.0004855263,0.0007348746,0.0001815865,0.0012031886,0.0005547045,0.0005366416,0.0013856509,0.0008045998,0.0005647120,0.0007944377,0.0004103784,0.0012511495,0.0011939435,0.0002695215,0.0011182130,0.0012614850,0.0006034307,0.0003461101,0.0001093781,0.0000690012,0.0008861717,0.0002024215,0.0006473614,0.0002567702,0.0010903205,0.0002566489,0.0014816993,0.0025717780,0.0000488063,0.0002023573,0.0004736504,0.0014817078,0.0008625024,0.0000356145,0.0008400427,0.0005922239,0.0000941168,0.0009866391,0.0000496829,0.0002259695,0.0004331398,0.0003271132,0.0006196481,0.0007301519,0.0013981330,0.0010663005,0.0006944774,0.0004221522,0.0002223651,0.0002306601,0.0008499772,0.0001290418,0.0002683274,0.0007568786,0.0016770279,0.0004032927,0.0004059263,0.0002753372,0.0019611548,0.0022546105,0.0006754221,0.0001180263,0.0007594532,0.0005960578,0.0008037292,0.0005118472,0.0005005328,0.0010262933,0.0004897839,0.0003630661,0.0008774717
Kashubian,0.0022073178,0.0021148189,0.0028785117,0.0022149690,0.0004484826,0.0011787068,0.0010481552,0.0028857756,0.0034301223,0.0024385006,0.0027702157,0.0007108877,0.0022269070,0.0009644845,0.0000918235,0.0008952234,0.0032808779,0.0016511943,0.0026923587,0.0043197456,0.0012269025,0.0028082908,0.0014760807,0.0015762777,0.0023991831,0.0008823879,0.0001326054,0.0011609607,0.0014693792,0.0003850939,0.0002145028,0.0017724046,0.0015275818,0.0015568247,0.0009923981,0.0018618718,0.0002991248,0.0016618604,0.0026910714,0.0018053977,0.0001095615,0.0015077466,0.0028261110,0.0074659969,0.0024314497,0.0004556997,0.0009744452,0.0016198649,0.0013155084,0.0008564551,0.0023201801,0.0024896953,0.0006038981,0.0016657638,0.0026601179,0.0001065770,0.0026638957,0.0002209989,0.0020461608,0.0032207874,0.0010123452,0.0002226010,0.0007960256,0.0019217858,0.0048843923,0.0017920496,0.0038236776,0.0024252129,0.0018013861,0.0013161191,0.0001501880,0.0009194644,0.0016445741,0.0037606655,0.0005611789,0.0003356510,0.0014452654,0.0004668367,0.0006356000,0.0006559456,0.0012630593,0.0045493019,0.0021255415,0.0007323609,0.0019060000,0.0012679504,0.0032794835,0.0009195993,0.0016072992,0.0036022336,0.0030509747,0.0006862786,0.0006015427,0.0026666357,0.0010073825,0.0017894921,0.0014394816,0.0009687659,0.0034548560,0.0013394207,0.0009941317,0.0021839290,0.0015029132,0.0014432357,0.0008658457,0.0032613297,0.0048907494,0.0017343465,0.0032481440,0.0023222075,0.0012048551,0.0019897084,0.0003179416,0.0007456232,0.0074920382,0.0026486021,0.0021585917,0.0008883578,0.0017327911,0.0024437650,0.0009708836,0.0013867162,0.0015720915,0.0010833562,0.0018387596,0.0003139964,0.0019048427,0.0010373451,0.0014552635,0.0012098450,0.0009576447,0.0027027718,0.0030087066,0.0013460825,0.0011337562,0.0055620381,0.0008635708,0.0033254367,0.0006783509,0.0010273338,0.0029986363,0.0048964760,0.0038238564,0.0043824874,0.0007493664,0.0016271476,0.0007183987,0.0022483776,0.0003376157,0.0014737633,0.0023966850,0.0040377978,0.0021197413,0.0015827402,0.0033701289,0.0018453949,0.0050308251,0.0021464164,0.0011344940,0.0030039667,0.0006960713,0.0001470985,0.0005018052,0.0006784822,0.0024676794,0.0012846452,0.0003791742,0.0021578892,0.0015080956,0.0023671597,0.0004082415,0.0005365095,0.0035458909,0.0043074110,0.0028150831,0.0023844087,0.0023778371,0.0021144296,0.0004050856,0.0008459659,0.0010892421,0.0013091938,0.0028465293,0.0016401866,0.0011204186,0.0002378415,0.0006751113,0.0005617809,0.0023343846,0.0022801096,0.0003579009,0.0019256142,0.0025552310,0.0015904850,0.0014858469,0.0002909937,0.0009368390,0.0016129230,0.0021169750,0.0029303405
Polabian,0.002158799,0.001688511,0.003714743,0.000639337,0.001127683,0.004663098,0.002036085,0.001385236,0.000603135,0.000693804,0.001850966,0.003035959,0.005996928,0.002711903,0.002131069,0.001517499,0.003806030,0.007138602,0.000884955,0.012172774,0.002771056,0.001375764,0.001823208,0.005941652,0.000479872,0.003123771,0.001239123,0.002634200,0.001468794,0.001680273,0.001228019,0.001130150,0.003217654,0.001445810,0.000518636,0.002498180,0.003701190,0.006222618,0.002141793,0.000390174,0.003050831,0.000438111,0.000629445,0.000641561,0.003820877,0.002670153,0.002668916,0.002408862,0.001092539,0.004555094,0.002495908,0.002798341,0.005223422,0.001116839,0.002577016,0.001202355,0.003449762,0.000768097,0.000874243,0.000178904,0.000636029,0.000949471,0.002609743,0.001204427,0.007862694,0.003945767,0.000762180,0.003140501,0.001989027,0.007036966,0.000925669,0.002902023,0.002067570,0.001887286,0.001065577,0.002924465,0.002691505,0.002968982,0.001075160,0.001289003,0.002387110,0.002481543,0.001171111,0.002500024,0.000339090,0.012903655,0.013247501,0.000696900,0.001968503,0.003084939,0.003342187,0.003853183,0.002437741,0.002681782,0.001285519,0.001124856,0.001948966,0.000649392,0.001735648,0.000486327,0.000597399,0.003604129,0.000691560,0.000505460,0.001821808,0.006978167,0.002469406,0.000873154,0.007286142,0.000728213,0.001595778,0.003712713,0.001268269,0.000291736,0.000519486,0.009038528,0.001498008,0.001109542,0.003370526,0.002181943,0.004655563,0.002067395,0.003265465,0.002431998,0.002303671,0.002368280,0.000981112,0.001541485,0.001345602,0.000456171,0.002119105,0.003001235,0.002383284,0.000779805,0.003526736,0.004882573,0.000474992,0.002058743,0.000785455,0.003858737,0.003109301,0.001419978,0.000967701,0.002724320,0.004909483,0.001001756,0.000266755,0.000335376,0.000913051,0.003794625,0.005568173,0.001122122,0.004123354,0.001827113,0.002791057,0.003938203,0.006093022,0.001562060,0.003715784,0.001680507,0.001563259,0.000476661,0.002044758,0.003590469,0.002992594,0.003789587,0.000578893,0.000799730,0.000442061,0.004193156,0.002072094,0.000908790,0.000950580,0.006265538,0.005898009,0.000750909,0.006067603,0.004318946,0.001229680,0.002746162,0.001619354,0.000897113,0.004744458,0.005558567,0.000773437,0.000486059,0.000255113,0.003143258,0.004781235,0.003748902,0.002843257,0.001118373,0.000639607,0.002946877,0.000808214,0.003671600,0.001506647,0.000785544,0.004685001,0.005114817
Slovak,0.0001873732,0.0012145068,0.0011205639,0.0009692592,0.0005445591,0.0020746376,0.0001197482,0.0006968089,0.0001487826,0.0008004605,0.0006297290,0.0016458806,0.0024043160,0.0017966568,0.0007521020,0.0001837544,0.0007719779,0.0012130417,0.0004328233,0.0020224824,0.0002197590,0.0034730962,0.0016456766,0.0041292325,0.0015516256,0.0002972530,0.0016409546,0.0001616579,0.0007046958,0.0005441152,0.0018046005,0.0006624969,0.0021077325,0.0012980159,0.0013690698,0.0002765320,0.0010321810,0.0017309596,0.0013916825,0.0018799114,0.0002423844,0.0007871029,0.0000298266,0.0010535192,0.0036089159,0.0000553963,0.0001843751,0.0011512055,0.0007087806,0.0000740260,0.0000152448,0.0009686033,0.0009400814,0.0018442832,0.0006430875,0.0007154120,0.0016323586,0.0004335662,0.0001751651,0.0003216238,0.0006450919,0.0006826113,0.0005459227,0.0010716751,0.0016982558,0.0017551717,0.0028478637,0.0003853020,0.0019062303,0.0026927243,0.0049069071,0.0007465996,0.0011669167,0.0016052949,0.0008528142,0.0002186181,0.0008659003,0.0006764384,0.0006613862,0.0011810297,0.0011143640,0.0020244870,0.0013322288,0.0010570369,0.0008951664,0.0032069647,0.0017359547,0.0015588492,0.0030635518,0.0013579530,0.0015867496,0.0006636737,0.0011671433,0.0007488152,0.0009387586,0.0002090053,0.0016534491,0.0005081034,0.0027371350,0.0005890741,0.0004843715,0.0006103326,0.0002580007,0.0008041662,0.0001945245,0.0037150823,0.0013728963,0.0014597251,0.0013373084,0.0016134285,0.0015996427,0.0010479452,0.0011442123,0.0006838215,0.0008534346,0.0020559984,0.0015191306,0.0007582376,0.0006472888,0.0004786974,0.0034880946,0.0029821614,0.0006737655,0.0001177871,0.0001639200,0.0005185730,0.0001919843,0.0006575832,0.0009523170,0.0007314842,0.0015286509,0.0004547381,0.0000578801,0.0004951466,0.0008253920,0.0009846272,0.0022415681,0.0020888560,0.0011389367,0.0008102183,0.0027919620,0.0008395558,0.0005182461,0.0015685522,0.0027107952,0.0013213219,0.0004548629,0.0009944253,0.0008460066,0.0005560186,0.0007403910,0.0017140246,0.0008606572,0.0002053074,0.0007254224,0.0012617309,0.0021779086,0.0004545841,0.0007843160,0.0014696187,0.0010531370,0.0002191116,0.0002877616,0.0017937027,0.0001328826,0.0011425386,0.0004613313,0.0007952386,0.0007026258,0.0013711428,0.0007849704,0.0016078014,0.0002287034,0.0009081621,0.0005701300,0.0008718912,0.0009956391,0.0001169264,0.0001966987,0.0011930383,0.0001084406,0.0001417363,0.0010233332,0.0009188185,0.0008745719,0.0005922741,0.0002665164,0.0005872073,0.0033060119,0.0001251805,0.0001028977,0.0009110087,0.0002155204,0.0020862720,0.0005963718,0.0002705274,0.0001984413,0.0020124341,0.0003567118,0.0001189484
OldCzech,0.0004568683,0.0006911708,0.0001114615,0.0004669027,0.0009277016,0.0007243784,0.0005145297,0.0014005431,0.0009693119,0.0004305180,0.0007692600,0.0007388856,0.0007435936,0.0004123893,0.0007801477,0.0002107388,0.0006932207,0.0000626844,0.0011942500,0.0007122219,0.0003159245,0.0016827097,0.0005190757,0.0037678359,0.0011661881,0.0005118371,0.0005553931,0.0010990132,0.0004539033,0.0004254449,0.0003906643,0.0002555253,0.0011021010,0.0002086468,0.0016622504,0.0008650499,0.0007189574,0.0005875863,0.0012305434,0.0012566948,0.0016118182,0.0008687677,0.0010036194,0.0013707521,0.0029339614,0.0012673638,0.0005139654,0.0006938345,0.0005304790,0.0008936787,0.0011717042,0.0006418630,0.0010892334,0.0025731481,0.0004008723,0.0000220251,0.0008192250,0.0005798349,0.0006154593,0.0001883838,0.0005737567,0.0013341533,0.0008616315,0.0002041615,0.0003662099,0.0013453184,0.0019577970,0.0008725729,0.0004292198,0.0020531125,0.0029554126,0.0009190452,0.0010476545,0.0009361436,0.0006198993,0.0008572872,0.0003050777,0.0009478181,0.0005884946,0.0008074924,0.0014710935,0.0017477807,0.0006755514,0.0005230219,0.0003276356,0.0014877615,0.0008973767,0.0020569418,0.0016146572,0.0015366120,0.0003892229,0.0012467252,0.0008103515,0.0024183820,0.0006578959,0.0013552773,0.0009967140,0.0008939860,0.0021546259,0.0002578855,0.0005868627,0.0010149973,0.0002928526,0.0007806871,0.0006326589,0.0002201544,0.0004856428,0.0010006744,0.0018134915,0.0008267997,0.0007987214,0.0004153057,0.0002631576,0.0000748104,0.0001483370,0.0012597567,0.0004794545,0.0001994995,0.0003885740,0.0008945400,0.0012236648,0.0049136487,0.0007637481,0.0007804567,0.0006060233,0.0007519558,0.0003212119,0.0011374339,0.0006064127,0.0001483493,0.0003676142,0.0014997172,0.0005405348,0.0007390312,0.0010852843,0.0011377522,0.0008604198,0.0001935124,0.0007994628,0.0002237318,0.0009672415,0.0004800245,0.0018713527,0.0026154890,0.0002111038,0.0002638493,0.0003759737,0.0008978623,0.0007850347,0.0015186873,0.0004476967,0.0013169917,0.0005186665,0.0023269209,0.0008771627,0.0014856988,0.0006939734,0.0002964262,0.0000621183,0.0012115880,0.0004666874,0.0007713484,0.0006875714,0.0011915873,0.0004636202,0.0009253842,0.0003147433,0.0005851258,0.0010345478,0.0009372658,0.0001413520,0.0003566043,0.0010695491,0.0015243374,0.0004741636,0.0005586687,0.0010057099,0.0010103411,0.0011469270,0.0008280545,0.0005481670,0.0001777865,0.0005056128,0.0009028626,0.0006472456,0.0003103922,0.0007282984,0.0003324240,0.0031434353,0.0006698623,0.0000889383,0.0003269225,0.0006601696,0.0004292902,0.0007429592,0.0016766524,0.0009069704,0.0008530997,0.0009815298,0.0002503160
Czech,0.0002025758,0.0004234228,0.0013055553,0.0000505860,0.0013565218,0.0011388601,0.0004399007,0.0008035600,0.0005041912,0.0003199127,0.0000576892,0.0012883860,0.0007961145,0.0013521581,0.0007937823,0.0006015711,0.0009004400,0.0010440767,0.0009549769,0.0022742307,0.0012855320,0.0024435465,0.0002178310,0.0015084652,0.0010774378,0.0006264716,0.0007537622,0.0004129357,0.0012959551,0.0005106203,0.0000366522,0.0008545855,0.0017649020,0.0011812576,0.0003631583,0.0008831724,0.0013335631,0.0020053312,0.0001458835,0.0021233106,0.0005503292,0.0008658745,0.0006758377,0.0009915492,0.0024875825,0.0005266546,0.0012105989,0.0003260407,0.0011989479,0.0008822212,0.0005214196,0.0000859463,0.0019891470,0.0016333609,0.0007037977,0.0007434704,0.0005084791,0.0005983443,0.0003491520,0.0005427497,0.0003074605,0.0000492082,0.0003197214,0.0008414225,0.0012105314,0.0004912495,0.0028616672,0.0024819804,0.0016199539,0.0009971222,0.0055902113,0.0016599220,0.0014364616,0.0009352056,0.0003525684,0.0008287189,0.0006104429,0.0006967059,0.0001280818,0.0008437944,0.0019287203,0.0006261580,0.0003228781,0.0017551692,0.0003382900,0.0012794196,0.0016837157,0.0016073483,0.0012445303,0.0008156612,0.0003875140,0.0008790913,0.0008266064,0.0012927133,0.0009283025,0.0017037878,0.0010519446,0.0013797059,0.0017101050,0.0004066117,0.0002480571,0.0020152346,0.0001669937,0.0006617810,0.0004280402,0.0045958926,0.0015714367,0.0011655067,0.0000266294,0.0018482551,0.0029760860,0.0013369754,0.0003264597,0.0003610947,0.0007071240,0.0022551056,0.0011414142,0.0003204865,0.0002925623,0.0017972402,0.0015521650,0.0024134322,0.0007057669,0.0001384675,0.0005770038,0.0010701756,0.0004814246,0.0007101709,0.0008997008,0.0005138189,0.0014241069,0.0010150934,0.0009588790,0.0003891224,0.0018454072,0.0005134600,0.0003829603,0.0004213772,0.0014879031,0.0016874738,0.0019231974,0.0028751996,0.0003291249,0.0011287186,0.0002323627,0.0014158924,0.0002854286,0.0003261165,0.0005875284,0.0014445949,0.0015730216,0.0003413036,0.0011338652,0.0013197396,0.0010397443,0.0014563395,0.0016292224,0.0019502338,0.0004342347,0.0007633409,0.0005463789,0.0004207588,0.0003355731,0.0016435736,0.0006854005,0.0002259987,0.0005038605,0.0002740591,0.0007687098,0.0006886385,0.0007387653,0.0008064468,0.0006765262,0.0016304354,0.0009713188,0.0008978091,0.0026468916,0.0005928837,0.0008854924,0.0008745236,0.0002618861,0.0002685489,0.0012709779,0.0003159550,0.0009873801,0.0010695668,0.0002353483,0.0036042532,0.0022155079,0.0001883550,0.0003182841,0.0007675802,0.0010495526,0.0004101594,0.0012630602,0.0017135770,0.0012641752,0.0006159901,0.0007459718,0.0018769287
SorbianUpper,0.0010116068,0.0007332512,0.0016336007,0.0002115190,0.0022771945,0.0004446924,0.0005402874,0.0006988170,0.0006392949,0.0008980390,0.0004992884,0.0007117827,0.0010347400,0.0005834996,0.0008982895,0.0004084600,0.0019322483,0.0013342010,0.0015907705,0.0021520981,0.0005695476,0.0006801208,0.0005986275,0.0027714223,0.0006344992,0.0006177782,0.0003530180,0.0005568197,0.0010954547,0.0001432822,0.0006205437,0.0014657229,0.0009640410,0.0004646035,0.0012960619,0.0001571087,0.0003209252,0.0018692927,0.0010956081,0.0004196031,0.0004674772,0.0003445880,0.0001447463,0.0000939101,0.0005244549,0.0002592228,0.0009482547,0.0003926434,0.0000922191,0.0003271421,0.0000382589,0.0008480570,0.0008213832,0.0007028088,0.0007761222,0.0000308092,0.0002644619,0.0005595003,0.0001162081,0.0002725612,0.0006581091,0.0004238581,0.0000923810,0.0012497142,0.0003942840,0.0007784138,0.0019700821,0.0002846035,0.0003187180,0.0011830611,0.0047556234,0.0013389136,0.0012606281,0.0019004764,0.0005433549,0.0002492368,0.0009181006,0.0003343342,0.0004838911,0.0015868915,0.0006800702,0.0021633150,0.0004434202,0.0009214569,0.0008011360,0.0012933061,0.0005050264,0.0011125445,0.0017326758,0.0008072761,0.0009499396,0.0005271686,0.0002036086,0.0017055430,0.0015223402,0.0002499504,0.0005659649,0.0006940824,0.0009746018,0.0009485540,0.0009476074,0.0016504430,0.0001314718,0.0000733431,0.0007583570,0.0008766380,0.0009854147,0.0002646960,0.0000810500,0.0010321678,0.0014383910,0.0009964618,0.0000398308,0.0001528834,0.0000338756,0.0017168838,0.0004418520,0.0026474631,0.0006184054,0.0006950231,0.0003383014,0.0034245688,0.0006968408,0.0005120430,0.0001032557,0.0004939311,0.0006859783,0.0005014574,0.0011379681,0.0002149381,0.0005870385,0.0006740383,0.0006128483,0.0004982987,0.0003762868,0.0012139616,0.0004761772,0.0040859264,0.0004101639,0.0004477591,0.0001781547,0.0012208171,0.0015383911,0.0043907963,0.0009579351,0.0017427720,0.0002462827,0.0001694275,0.0004422164,0.0017725710,0.0016483304,0.0005741535,0.0000949157,0.0022084637,0.0019792335,0.0023871211,0.0021178368,0.0006279532,0.0009305467,0.0016998040,0.0005802656,0.0003531258,0.0012266356,0.0002651607,0.0006793311,0.0002457121,0.0010184492,0.0000761435,0.0004470113,0.0014115080,0.0010585610,0.0004594444,0.0002650221,0.0007934530,0.0013206863,0.0005380255,0.0007075879,0.0001386081,0.0004788296,0.0008644937,0.0006915950,0.0002506626,0.0007510259,0.0005999680,0.0011817505,0.0008511944,0.0004682817,0.0001374282,0.0012934065,0.0010963504,0.0000245911,0.0002971803,0.0001217766,0.0003454730,0.0007393286,0.0005094335,0.0003281576,0.0002393452,0.0007017732,0.0007230353
SorbianLower,0.0025768695,0.0013256176,0.0015569081,0.0012280798,0.0034859514,0.0006127598,0.0009130159,0.0012029119,0.0000678495,0.0004194846,0.0011802529,0.0027441299,0.0023739999,0.0014840283,0.0015183233,0.0004474008,0.0009121389,0.0020214965,0.0024528821,0.0034893697,0.0005324523,0.0027811486,0.0014275363,0.0033505356,0.0024687172,0.0015823518,0.0014876048,0.0009357270,0.0006197893,0.0009181168,0.0005334117,0.0011079995,0.0029716937,0.0013576020,0.0011960390,0.0000916631,0.0006043603,0.0045918546,0.0015414699,0.0011673733,0.0001330550,0.0013750564,0.0011366955,0.0024417611,0.0014231816,0.0000756897,0.0011782182,0.0022307553,0.0017276824,0.0028486692,0.0003460650,0.0005217206,0.0004641400,0.0019545169,0.0008636313,0.0000673176,0.0010853152,0.0013840670,0.0015334565,0.0003999321,0.0002061523,0.0006315761,0.0026432908,0.0028753204,0.0014836925,0.0025191383,0.0027186835,0.0010752920,0.0000409027,0.0053456844,0.0046010043,0.0021469720,0.0006100253,0.0032937365,0.0009542638,0.0011716822,0.0010506774,0.0005642087,0.0004921618,0.0007546673,0.0019508079,0.0053720000,0.0009672022,0.0010700326,0.0003637909,0.0005779475,0.0028100782,0.0009168033,0.0008930750,0.0001070993,0.0018703141,0.0015740288,0.0004281682,0.0002250695,0.0016013876,0.0012731846,0.0004051346,0.0002834443,0.0011165517,0.0003361832,0.0015775177,0.0027329506,0.0008214587,0.0004618806,0.0009475191,0.0025435964,0.0021199814,0.0008674634,0.0006254602,0.0028357437,0.0009525831,0.0023207129,0.0010756961,0.0012498115,0.0001182709,0.0031867980,0.0013010917,0.0027876328,0.0020926183,0.0026262438,0.0007728021,0.0044257825,0.0003804053,0.0014035944,0.0015883657,0.0003839647,0.0002764312,0.0005814836,0.0006739640,0.0002464074,0.0027911968,0.0017711153,0.0002083395,0.0001915440,0.0004756832,0.0050032931,0.0006634198,0.0026173121,0.0021892253,0.0002073726,0.0013942280,0.0035634949,0.0031555954,0.0037991233,0.0030165782,0.0030641837,0.0006925409,0.0017209195,0.0010853729,0.0001884980,0.0020164271,0.0016400959,0.0013266547,0.0020187381,0.0026703751,0.0022053903,0.0030572060,0.0020608076,0.0005784903,0.0011706668,0.0031156783,0.0007438735,0.0008997796,0.0021570127,0.0005406843,0.0010224841,0.0004095555,0.0002363553,0.0006031296,0.0033147112,0.0003967248,0.0011885155,0.0035207687,0.0007526416,0.0023292989,0.0009676096,0.0012884471,0.0017339053,0.0018944773,0.0016090194,0.0026916047,0.0006044814,0.0019507543,0.0009701306,0.0012250741,0.0026365087,0.0009807383,0.0028939169,0.0079240887,0.0000599259,0.0021017249,0.0041387103,0.0004875610,0.0010558776,0.0002380051,0.0006604249,0.0018204727,0.0010609083,0.0014401178,0.0013020131
OldNovgorod,0.0018088875,0.0008794122,0.0014245043,0.0009028289,0.0007666240,0.0012132057,0.0020600918,0.0009064316,0.0018722620,0.0004425979,0.0003405028,0.0005776284,0.0020169323,0.0010366270,0.0004705830,0.0006316049,0.0016843027,0.0035648549,0.0028553166,0.0021740568,0.0008399074,0.0027384399,0.0012014392,0.0038710772,0.0010403048,0.0009118581,0.0023195688,0.0004761651,0.0014037911,0.0004470453,0.0000243415,0.0016828791,0.0006364331,0.0004813377,0.0005521193,0.0003436925,0.0004486396,0.0012204449,0.0006506048,0.0024552229,0.0013598421,0.0014242476,0.0008723705,0.0004326019,0.0023601936,0.0014243450,0.0011963406,0.0014490788,0.0017934066,0.0008151315,0.0003295811,0.0015332270,0.0016517418,0.0025407325,0.0007199369,0.0004321772,0.0016487491,0.0005815748,0.0008725150,0.0005730691,0.0011651319,0.0006743350,0.0009093288,0.0012989126,0.0005693196,0.0006585484,0.0018289476,0.0005666637,0.0009184497,0.0001576541,0.0052850350,0.0026444215,0.0008437321,0.0014205146,0.0002897799,0.0005735547,0.0004510301,0.0007031943,0.0004937926,0.0005578019,0.0043522883,0.0039972372,0.0017921784,0.0012732849,0.0011220801,0.0078753617,0.0006607719,0.0019176570,0.0005328451,0.0014601756,0.0017007555,0.0007984083,0.0024702356,0.0010198088,0.0006649306,0.0015397121,0.0008315489,0.0014724606,0.0033541483,0.0010671423,0.0005510702,0.0015708958,0.0004730311,0.0007083178,0.0010481796,0.0047440210,0.0018394182,0.0032779660,0.0016545461,0.0018586072,0.0010960716,0.0027763252,0.0007421565,0.0011729350,0.0094608494,0.0003277056,0.0008793997,0.0002350640,0.0008926175,0.0011883987,0.0021111952,0.0031756223,0.0009372141,0.0001349281,0.0017035721,0.0008586443,0.0005182235,0.0004678586,0.0024502021,0.0018561906,0.0003344305,0.0012920313,0.0010432336,0.0004501978,0.0003242523,0.0028848035,0.0008320542,0.0012804629,0.0016113678,0.0014904064,0.0012111771,0.0027457150,0.0003134551,0.0026580977,0.0021697440,0.0022949854,0.0002848172,0.0020537412,0.0001794275,0.0005753790,0.0013943073,0.0006942927,0.0014258342,0.0023389195,0.0009253974,0.0019072117,0.0016400408,0.0017461897,0.0006385381,0.0017187536,0.0003373339,0.0003753810,0.0003967617,0.0008450425,0.0009353718,0.0012453027,0.0010530753,0.0005325021,0.0016521409,0.0014051094,0.0010906443,0.0003418205,0.0007468605,0.0003786507,0.0024497005,0.0014389977,0.0022146114,0.0028135071,0.0009721397,0.0010666807,0.0019906035,0.0006204871,0.0018504476,0.0007050493,0.0009811971,0.0002134907,0.0008096528,0.0018363973,0.0009619266,0.0011445568,0.0009886577,0.0013243787,0.0018124639,0.0021574856,0.0008238144,0.0025734394,0.0005032757,0.0017349878,0.0019250478,0.0011574407
Russian,0.00014233100,0.00155438827,0.00125060074,0.00063101804,0.00311839188,0.00132408890,0.00155450065,0.00070806563,0.00093142932,0.00074672983,0.00227006378,0.00157577760,0.00291618505,0.00028146182,0.00186775963,0.00090065342,0.00141739153,0.00174114076,0.00114673336,0.00081506486,0.00086408746,0.00260877243,0.00128976671,0.01116487715,0.00076939538,0.00114711736,0.00094075736,0.00040795201,0.00085988567,0.00019761741,0.00122347158,0.00095931062,0.00289497358,0.00044806160,0.00021843937,0.00129699805,0.00053989747,0.00218505611,0.00097444944,0.00299885427,0.00336826749,0.00061306694,0.00048683524,0.00023046738,0.00649357442,0.00161704871,0.00104523693,0.00066216086,0.00103716970,0.00180761515,0.00005808351,0.00035017927,0.00091209271,0.00221660675,0.00090825089,0.00047148062,0.00308333488,0.00140544793,0.00064349746,0.00280167955,0.00100049818,0.00217053205,0.00212115061,0.00016544293,0.00104118285,0.00053314656,0.00072981485,0.00220261421,0.00012246651,0.00192817744,0.00930319306,0.00155785026,0.00364769025,0.00110693574,0.00180231955,0.00018949468,0.00042817601,0.00300692021,0.00109446344,0.00109379587,0.00216333730,0.00436830504,0.00133338275,0.00087261628,0.00250024716,0.00435867961,0.00327267192,0.00109186062,0.00061423367,0.00052810735,0.00429719253,0.00029048822,0.00113401011,0.00211929143,0.00079709248,0.00098133836,0.00094358301,0.00045044108,0.00143477353,0.00021438691,0.00027304246,0.00196390250,0.00069581350,0.00050226358,0.00014719625,0.00321054766,0.00194291647,0.00337330090,0.00023157564,0.00168942256,0.00166187496,0.00033959293,0.00059792170,0.00143227246,0.00450380159,0.00247942611,0.00240792854,0.00044675221,0.00194155337,0.00101217945,0.00317913317,0.00366670169,0.00124957835,0.00000873788,0.00098432898,0.00051903729,0.00014937423,0.00143482037,0.00060240287,0.00146276152,0.00149566519,0.00072459267,0.00343934129,0.00272737377,0.00272695978,0.00529483611,0.00055280773,0.00297286406,0.00014200698,0.00062754986,0.00244209612,0.00467049797,0.00177472124,0.00240119185,0.00261333368,0.00091349918,0.00048042418,0.00063128377,0.00059796814,0.00044420578,0.00161540471,0.00457872212,0.00135537800,0.00190330173,0.00320192061,0.00043681866,0.00558850521,0.00199743885,0.00213842636,0.00360002021,0.00224258973,0.00129199722,0.00257244694,0.00139045842,0.00072913686,0.00166319606,0.00079897319,0.00130237552,0.00254698030,0.00219945302,0.00083985260,0.00067474962,0.00097758486,0.00301348183,0.00235182297,0.00131566132,0.00205311348,0.00012538955,0.00108475275,0.00093420124,0.00016867972,0.00080231132,0.00156757395,0.00145790417,0.00107085420,0.00197824925,0.00162778048,0.00306080515,0.00428285380,0.00116667496,0.00090273646,0.00128872728,0.00156897615,0.00071546235,0.00151208843,0.00082057346,0.00098085627,0.00104581351,0.00211104394,0.00092070374
Belarusian,0.00084317538,0.00031259690,0.00144543585,0.00124706949,0.00083124661,0.00165676793,0.00114123271,0.00267146925,0.00270586574,0.00160159955,0.00143539037,0.00165393732,0.00212387407,0.00115434754,0.00164226126,0.00102517536,0.00335933207,0.00088195658,0.00038773978,0.00097689305,0.00122826165,0.00001731020,0.00026860733,0.00985985565,0.00216263235,0.00126688017,0.00012295934,0.00078788356,0.00227604365,0.00037219079,0.00094181738,0.00196863942,0.00233185461,0.00246561493,0.00186764763,0.00073001893,0.00023539696,0.00232021926,0.00116516093,0.00009666465,0.00169065548,0.00163071185,0.00204882177,0.00138057725,0.00540003642,0.00041691600,0.00108331339,0.00149103623,0.00076605602,0.00221823244,0.00160082080,0.00034366867,0.00187173623,0.00292773493,0.00156239517,0.00149561810,0.00255639993,0.00034711935,0.00156984266,0.00228894796,0.00157157950,0.00141101692,0.00107787625,0.00155113206,0.00334651296,0.00156926298,0.00463193159,0.00191037815,0.00108338797,0.00535145643,0.00706926048,0.00135434409,0.00196615862,0.00291976214,0.00158539450,0.00173692749,0.00000488549,0.00045862620,0.00121960521,0.00178718186,0.00277160178,0.00768285710,0.00087528958,0.00134952468,0.00328442144,0.00449046689,0.00280616803,0.00267889015,0.00332447280,0.00338592397,0.00507937778,0.00232363996,0.00212309117,0.00057637414,0.00064715931,0.00336942039,0.00264817554,0.00178090287,0.00284187531,0.00046680070,0.00061973605,0.00186166758,0.00126623060,0.00194900319,0.00044434897,0.00275698910,0.00215571227,0.00056734454,0.00084379808,0.00058285434,0.00364590902,0.00208251767,0.00140778590,0.00163493170,0.00220587832,0.00434804978,0.00160115695,0.00062121426,0.00138703232,0.00209569377,0.00374838722,0.00652878801,0.00004465293,0.00010269343,0.00116500507,0.00164515064,0.00064677068,0.00064529616,0.00191605124,0.00117195142,0.00145067398,0.00191249193,0.00184965435,0.00189332093,0.00090571278,0.00503066106,0.00078635583,0.00049525292,0.00048572761,0.00190648868,0.00243331350,0.00491094602,0.00052525665,0.00232769288,0.00018809129,0.00193958037,0.00042161589,0.00125567644,0.00122064679,0.00309427904,0.00029487554,0.00022917733,0.00094827527,0.00201388059,0.00261445285,0.00235046378,0.00210398087,0.00181376990,0.00158753910,0.00375281208,0.00154206147,0.00090657553,0.00120191491,0.00226080883,0.00215778164,0.00099584263,0.00056497361,0.00092483485,0.00035177435,0.00132839241,0.00060782774,0.00080910128,0.00115071959,0.00197159778,0.00018966376,0.00199326909,0.00232039710,0.00063641159,0.00084983359,0.00218403678,0.00115631616,0.00023965260,0.00216029049,0.00044158554,0.00048491160,0.00107394703,0.00129479880,0.00446979458,0.00593165559,0.00032287051,0.00134775763,0.00064589385,0.00261507994,0.00069538919,0.00084174691,0.00037178324,0.00265054173,0.00134172453,0.00118248835,0.00283990921
Ukrainian,0.0004981817,0.0002138019,0.0006968268,0.0011995769,0.0008272801,0.0012098269,0.0004441094,0.0015861566,0.0008784497,0.0002205069,0.0009690541,0.0006706543,0.0014321222,0.0006423888,0.0011090161,0.0005135674,0.0000599144,0.0013615904,0.0013147746,0.0018759115,0.0014942263,0.0014363341,0.0003640086,0.0019417313,0.0003207725,0.0006175051,0.0008865091,0.0005190566,0.0009913737,0.0008416575,0.0006971128,0.0006913040,0.0009836740,0.0011364876,0.0003542764,0.0001862457,0.0003820769,0.0020925447,0.0012912087,0.0003443638,0.0007571628,0.0003313495,0.0006293727,0.0001550936,0.0030263536,0.0004464846,0.0005113797,0.0008937991,0.0005947847,0.0012722089,0.0005928277,0.0008357494,0.0001973365,0.0007886905,0.0008673178,0.0011026796,0.0012686329,0.0002924919,0.0004041393,0.0002717090,0.0008193933,0.0012490651,0.0006920055,0.0010136722,0.0005710655,0.0006146695,0.0009345344,0.0015031305,0.0000290515,0.0002049745,0.0022657253,0.0005775673,0.0005677379,0.0002535610,0.0004051229,0.0005452741,0.0002992226,0.0006782406,0.0002756826,0.0005994252,0.0007741504,0.0015051131,0.0004156494,0.0006392576,0.0009289117,0.0012362743,0.0015030853,0.0008224747,0.0018319129,0.0008443174,0.0005973548,0.0006227068,0.0006599156,0.0002639905,0.0006599590,0.0004595763,0.0016314359,0.0007854837,0.0010684145,0.0003455703,0.0003864288,0.0011905625,0.0008862512,0.0010145389,0.0003015707,0.0014299294,0.0008510155,0.0012625148,0.0008940202,0.0016017905,0.0006071169,0.0005591579,0.0004119979,0.0008787194,0.0013632030,0.0016894638,0.0001521234,0.0011050008,0.0000484874,0.0005822879,0.0012630248,0.0012470509,0.0006056097,0.0001513948,0.0006769219,0.0003652578,0.0005729699,0.0002219513,0.0014210740,0.0002725936,0.0008259160,0.0010308419,0.0002007326,0.0014537584,0.0015290441,0.0017519671,0.0011240400,0.0004114703,0.0004356002,0.0004944702,0.0015292699,0.0006334824,0.0003774785,0.0007655758,0.0006581605,0.0022915126,0.0002109385,0.0005299839,0.0002709364,0.0006823723,0.0000340122,0.0003119657,0.0001277811,0.0006470471,0.0005410645,0.0012856196,0.0011424506,0.0003132735,0.0003766537,0.0009112324,0.0003885445,0.0001844677,0.0006211904,0.0004135400,0.0008717371,0.0003110301,0.0004265301,0.0005926603,0.0005680884,0.0008830260,0.0005863575,0.0003680536,0.0003638443,0.0005735435,0.0000621354,0.0015680368,0.0020604008,0.0000999626,0.0013063817,0.0003355790,0.0001780010,0.0000645894,0.0005744275,0.0010457501,0.0010376419,0.0001180923,0.0005946181,0.0007027269,0.0006303250,0.0003540596,0.0000557200,0.0005476757,0.0008870327,0.0012832632,0.0007098843,0.0005230622,0.0008255673,0.0013902173,0.0009763402,0.0008624618
Rusyn,0.00014702606,0.00035120725,0.00057466258,0.00090767996,0.00042724212,0.00164423141,0.00059178730,0.00053108690,0.00068129828,0.00042360687,0.00022134944,0.00085840629,0.00060406373,0.00116202241,0.00140282521,0.00049622138,0.00061004079,0.00130971992,0.00176865161,0.00059055936,0.00092006882,0.00081515995,0.00025408165,0.00726086599,0.00060277913,0.00053106891,0.00105694740,0.00134917161,0.00053562485,0.00026713886,0.00056463708,0.00276482127,0.00063575053,0.00091415691,0.00086450221,0.00035207003,0.00113781500,0.00021255937,0.00038564811,0.00013238611,0.00012600969,0.00097990317,0.00194056564,0.00042069318,0.00075563495,0.00045341012,0.00079300655,0.00075804149,0.00097220648,0.00108551502,0.00062051222,0.00038379727,0.00108681521,0.00100455101,0.00007903347,0.00104331329,0.00188538095,0.00029474323,0.00037810539,0.00127600010,0.00064171501,0.00122481676,0.00164276250,0.00014514130,0.00251390755,0.00027889741,0.00301944159,0.00114928920,0.00088434752,0.00006102496,0.00918661527,0.00197094920,0.00094377020,0.00073186193,0.00025852731,0.00035023168,0.00102685050,0.00056683247,0.00127752563,0.00100485070,0.00055729566,0.00280735287,0.00064640291,0.00135045957,0.00171934988,0.00323471523,0.00145911921,0.00043229754,0.00079596358,0.00046452294,0.00162333360,0.00177431726,0.00061658956,0.00076788842,0.00104421581,0.00154962821,0.00204331519,0.00097763544,0.00115843181,0.00043778091,0.00019881505,0.00187660469,0.00034842913,0.00039145273,0.00032332825,0.00061047738,0.00028518345,0.00105682525,0.00015673024,0.00039099720,0.00136822252,0.00056620606,0.00020354886,0.00198468738,0.00433713240,0.00148904427,0.00057588675,0.00072058988,0.00121299857,0.00024695101,0.00303162778,0.00477682093,0.00176309678,0.00005385062,0.00158968659,0.00057038495,0.00057085697,0.00026099230,0.00200862664,0.00028450545,0.00070446369,0.00218343621,0.00028639096,0.00040086303,0.00134189591,0.00289719991,0.00015715419,0.00043356556,0.00103635811,0.00040819741,0.00224160016,0.00289332315,0.00219776830,0.00329753205,0.00055792172,0.00124429531,0.00065192446,0.00059335177,0.00069391687,0.00158865904,0.00057632163,0.00044795876,0.00015856688,0.00061318062,0.00220919804,0.00099169658,0.00159262113,0.00148937990,0.00039224453,0.00071470570,0.00000253716,0.00033919556,0.00039106235,0.00057098624,0.00092180304,0.00048032219,0.00038016022,0.00143610430,0.00065119022,0.00132290376,0.00062324020,0.00058760786,0.00090147361,0.00016693182,0.00099088351,0.00084414916,0.00179782121,0.00031679115,0.00091266045,0.00223430885,0.00049240542,0.00062680416,0.00115110321,0.00090961951,0.00130918200,0.00003209507,0.00010025859,0.00139098242,0.00054912034,0.00072617010,0.00027683818,0.00086047749,0.00061825580,0.00147603174,0.00075134426,0.00102164635,0.00073199941,0.00111782002,0.00092147641,0.00073505774
Gothic,0.000577087,0.000273640,0.001281926,0.000982279,0.001078031,0.002418420,0.000809081,0.000306560,0.003894870,0.000783399,0.003631066,0.000431526,0.004642564,0.002568416,0.000637353,0.001902617,0.002359709,0.002829767,0.002172332,0.001198109,0.001237084,0.001492518,0.002102862,0.004715644,0.003910695,0.003240713,0.002911829,0.002394936,0.000680157,0.002481665,0.001507822,0.001879349,0.002778191,0.000605689,0.001684170,0.001293170,0.004904319,0.002670479,0.000522158,0.002866834,0.003332884,0.002825996,0.000914997,0.003432730,0.003768950,0.001381354,0.001411101,0.000396863,0.002682493,0.004419760,0.002070791,0.002381393,0.001109322,0.001177673,0.003682384,0.002918951,0.000355190,0.002794707,0.000799899,0.002259067,0.001299806,0.001275622,0.001366818,0.003084464,0.003995969,0.002164694,0.000253603,0.002836358,0.001849902,0.002220456,0.014430088,0.002408581,0.002171970,0.002295326,0.001039914,0.000478575,0.002563337,0.002390954,0.000699346,0.002415282,0.001238191,0.006464428,0.002364802,0.000864228,0.002020910,0.005995769,0.007466933,0.000953497,0.001518234,0.007596377,0.001190850,0.001568838,0.001945464,0.005875620,0.001381286,0.001177111,0.002558291,0.002142572,0.001535774,0.000570612,0.003005433,0.002168541,0.001569046,0.002961353,0.000682800,0.001853641,0.003146876,0.003561974,0.001238190,0.004228709,0.003917452,0.000697459,0.001516518,0.000572424,0.001739946,0.000225017,0.001372626,0.002253803,0.001640255,0.001944476,0.002490544,0.004533403,0.001167189,0.004652076,0.002155502,0.001645852,0.000355555,0.002086724,0.001388836,0.001215873,0.000445860,0.003859607,0.000846362,0.001015423,0.002411798,0.000488377,0.002619169,0.008569004,0.001033034,0.000276946,0.001145239,0.004465253,0.001168761,0.003834501,0.000339699,0.001533626,0.001559296,0.001602220,0.001432179,0.000156405,0.004981666,0.005311564,0.001125315,0.004776898,0.002109704,0.000833722,0.003985534,0.002460622,0.001391831,0.003685962,0.002983629,0.001375829,0.001023763,0.003942573,0.001116640,0.001272946,0.003524832,0.000461415,0.003318987,0.000182946,0.001269382,0.000405029,0.004262773,0.005384182,0.005033744,0.001373795,0.003971153,0.000954048,0.001260881,0.000871991,0.002067876,0.000162094,0.004602965,0.003005325,0.002133798,0.001181560,0.000984794,0.000864496,0.003271824,0.001786301,0.000501144,0.000332896,0.001481753,0.001036702,0.002911823,0.001052136,0.002663783,0.000926503,0.005212490,0.003678904
OldIcelandic,0.0024956763,0.0012832027,0.0007853909,0.0004999153,0.0008318418,0.0019661899,0.0018159835,0.0021358015,0.0013475081,0.0009387024,0.0013323392,0.0014560876,0.0011531344,0.0009295826,0.0005546661,0.0009667702,0.0014770208,0.0025994689,0.0026499960,0.0041363641,0.0002211649,0.0005338444,0.0018150202,0.0163414064,0.0013880033,0.0011470368,0.0011005887,0.0015898732,0.0026576506,0.0012842764,0.0017022030,0.0026382744,0.0026117747,0.0006005959,0.0013341111,0.0009990245,0.0010631413,0.0028068441,0.0012476239,0.0010385855,0.0042239580,0.0029576591,0.0016635290,0.0045319209,0.0016242504,0.0003603265,0.0006698734,0.0003982371,0.0018602323,0.0020489238,0.0002707285,0.0019261412,0.0021604368,0.0028734009,0.0017117517,0.0017636440,0.0013260167,0.0016899404,0.0013596526,0.0017932104,0.0023507202,0.0005984011,0.0027175950,0.0006189404,0.0024025820,0.0007712053,0.0013456826,0.0009542270,0.0006089755,0.0029541617,0.0195458079,0.0017493808,0.0024494444,0.0016948914,0.0006316660,0.0010082028,0.0017342677,0.0026978005,0.0020382106,0.0009511268,0.0012489120,0.0042713533,0.0009031621,0.0015665373,0.0028865924,0.0053829304,0.0018116319,0.0050063589,0.0043915705,0.0046140752,0.0010091428,0.0015288846,0.0024449734,0.0001045071,0.0006330078,0.0028909708,0.0015236469,0.0034373915,0.0020631640,0.0003339401,0.0008379319,0.0029174394,0.0000808564,0.0024586045,0.0017568764,0.0043315745,0.0042188137,0.0026254547,0.0021112410,0.0031069873,0.0034769533,0.0018930590,0.0020611801,0.0004573525,0.0032535071,0.0017199482,0.0013454455,0.0021361403,0.0003614481,0.0007633600,0.0037930450,0.0094458006,0.0016796067,0.0020292843,0.0004125904,0.0003831690,0.0003406144,0.0004532450,0.0029023138,0.0010211754,0.0028206985,0.0021424846,0.0000226483,0.0008764932,0.0023096577,0.0008751923,0.0017100118,0.0039936095,0.0013872440,0.0021460259,0.0014873123,0.0022861985,0.0037447979,0.0014527804,0.0019906065,0.0016870739,0.0012658898,0.0009395099,0.0014959865,0.0011378371,0.0003922173,0.0037403013,0.0014182316,0.0013795593,0.0011928740,0.0002419872,0.0040923652,0.0011669628,0.0012327325,0.0019950963,0.0017312210,0.0008943298,0.0012785055,0.0019429966,0.0015032941,0.0022608690,0.0004481191,0.0003096124,0.0025252992,0.0026980170,0.0007308776,0.0018590765,0.0023053845,0.0009985349,0.0020494949,0.0015367863,0.0041163988,0.0023157845,0.0006021016,0.0009371195,0.0011598262,0.0008155465,0.0018958799,0.0015270722,0.0018445293,0.0013794751,0.0012915388,0.0041467405,0.0064486050,0.0018907586,0.0014950491,0.0014112970,0.0020124509,0.0011106056,0.0012401717,0.0004304830,0.0015618981,0.0018321283,0.0008287503,0.0009927475
Icelandic,0.0006766513,0.0007818406,0.0016109746,0.0016239895,0.0017750777,0.0006776968,0.0013118723,0.0006042696,0.0013236065,0.0004507754,0.0005969199,0.0019496995,0.0012847095,0.0026501649,0.0013649858,0.0015198018,0.0003234648,0.0017569958,0.0011935669,0.0036321841,0.0019013644,0.0018445016,0.0003002199,0.0064424213,0.0026857771,0.0024513236,0.0022511073,0.0002693489,0.0011209821,0.0012458598,0.0013370826,0.0005592984,0.0008886446,0.0005875593,0.0004221064,0.0016275917,0.0005589810,0.0008983729,0.0003886212,0.0015701847,0.0031736239,0.0003053746,0.0009155740,0.0013126446,0.0021987105,0.0006792385,0.0005440533,0.0014451842,0.0007360754,0.0008487743,0.0005381735,0.0004919270,0.0020348522,0.0020260603,0.0013006862,0.0007713743,0.0001226871,0.0017524871,0.0011228321,0.0017166476,0.0009821761,0.0008716576,0.0010765314,0.0000217864,0.0036457548,0.0026448808,0.0033219722,0.0002449348,0.0001737067,0.0014114052,0.0035631876,0.0004003998,0.0004344763,0.0010729423,0.0002802754,0.0010562099,0.0003765932,0.0005159334,0.0003406167,0.0016373832,0.0016032566,0.0017595417,0.0017905803,0.0006175943,0.0005162320,0.0057110801,0.0019963744,0.0019151843,0.0033129542,0.0005790991,0.0039081875,0.0007058309,0.0014128085,0.0005579305,0.0004532916,0.0008147431,0.0005587237,0.0003434695,0.0010514015,0.0006274078,0.0001288144,0.0002123456,0.0004183368,0.0001558247,0.0010109604,0.0012988493,0.0028869692,0.0025315296,0.0002772410,0.0009300651,0.0002102292,0.0014557548,0.0011279099,0.0024518128,0.0021343574,0.0021152371,0.0018754846,0.0010294991,0.0029964754,0.0007349964,0.0021202772,0.0011244613,0.0004504505,0.0012007430,0.0004895532,0.0016014464,0.0004533087,0.0005414551,0.0020291334,0.0002528709,0.0022811837,0.0014900943,0.0020154950,0.0023718048,0.0012440078,0.0015155721,0.0000317788,0.0020967891,0.0014983203,0.0002289822,0.0023083358,0.0023172709,0.0004784280,0.0004007693,0.0008145582,0.0043663209,0.0004761565,0.0007719687,0.0007125845,0.0021348446,0.0017764630,0.0003895055,0.0001691892,0.0002306925,0.0035165208,0.0012287083,0.0015039255,0.0011086885,0.0011052851,0.0018126509,0.0008442960,0.0003429554,0.0006089670,0.0020096488,0.0013925525,0.0007367533,0.0010771726,0.0007860186,0.0018304479,0.0013093132,0.0011800138,0.0007359963,0.0024915912,0.0028359233,0.0017947821,0.0016811190,0.0006915543,0.0008611815,0.0024805292,0.0011601183,0.0005725923,0.0000857595,0.0014923372,0.0011181029,0.0017103441,0.0005429279,0.0002365532,0.0002515395,0.0023894316,0.0020741850,0.0000951935,0.0018797494,0.0001932635,0.0032507337,0.0000811246,0.0008375110,0.0008999119,0.0016348357,0.0031474671,0.0026160432
Faroese,0.00067532763,0.00122204790,0.00087453086,0.00136439227,0.00222515052,0.00149582588,0.00005842311,0.00047070435,0.00138700750,0.00088778488,0.00054794036,0.00116831353,0.00119781017,0.00082197765,0.00038776344,0.00101224536,0.00063987394,0.00050073869,0.00183891839,0.00249270523,0.00062729842,0.00169428801,0.00005116247,0.00263072575,0.00053732279,0.00023608675,0.00169610171,0.00072069115,0.00141833800,0.00037570413,0.00019158351,0.00237667807,0.00191818424,0.00047442218,0.00013289579,0.00026741532,0.00063556359,0.00007705828,0.00160579071,0.00149304645,0.00010560095,0.00020985648,0.00094761419,0.00003089998,0.00058050852,0.00033608202,0.00117713189,0.00078050319,0.00029328589,0.00102932709,0.00021163491,0.00089173930,0.00025043400,0.00085578228,0.00007988344,0.00018000920,0.00129277859,0.00160477865,0.00062956872,0.00192355919,0.00017889131,0.00035562894,0.00002890612,0.00128735227,0.00073055725,0.00066239360,0.00070379905,0.00133008177,0.00000307626,0.00144247718,0.00146334438,0.00195100072,0.00227280288,0.00224418982,0.00029269821,0.00033811162,0.00218328843,0.00036130135,0.00080955403,0.00121806590,0.00042054760,0.00163165130,0.00070624549,0.00034733350,0.00043052236,0.00106869262,0.00232281279,0.00029373639,0.00143154145,0.00012048863,0.00364096539,0.00100448310,0.00133617478,0.00102818085,0.00062160918,0.00165928403,0.00085833547,0.00235163156,0.00221959723,0.00029127241,0.00076959912,0.00233641322,0.00121389182,0.00049670932,0.00055211898,0.00360976305,0.00138957412,0.00216644375,0.00066798499,0.00020978956,0.00145460673,0.00010439762,0.00123704597,0.00130111935,0.00001108803,0.00154417292,0.00037349545,0.00097589406,0.00062529483,0.00048921579,0.00049868547,0.00018832809,0.00024491371,0.00015307230,0.00015775590,0.00019919772,0.00002958765,0.00053211085,0.00052920963,0.00100543381,0.00077462327,0.00050227442,0.00217329229,0.00031199548,0.00124332316,0.00054531833,0.00024266325,0.00042617617,0.00112532444,0.00068195973,0.00157667998,0.00088676724,0.00079265126,0.00285906757,0.00027266088,0.00234348486,0.00039190420,0.00084771768,0.00059333888,0.00214348161,0.00017595378,0.00023810218,0.00000671627,0.00063609236,0.00175450110,0.00132100211,0.00233673327,0.00082692807,0.00032074067,0.00073163618,0.00093873248,0.00053410907,0.00076604217,0.00125427883,0.00067066539,0.00130896982,0.00079168199,0.00040996811,0.00061028332,0.00101790433,0.00062857516,0.00038042851,0.00231026319,0.00141597241,0.00099832512,0.00011830286,0.00043735591,0.00008972693,0.00046751113,0.00038102903,0.00072019267,0.00032891669,0.00049785952,0.00010557610,0.00044961811,0.00057241230,0.00011417417,0.00182472986,0.00177973752,0.00035985537,0.00077603132,0.00015416289,0.00022569099,0.00042677976,0.00130248495,0.00054369579,0.00069656641,0.00104659647,0.00028406672,0.00174858789
NorwegianBokmal,0.00038524628,0.00026467910,0.00009943244,0.00021551455,0.00038223886,0.00029588223,0.00020325269,0.00024319568,0.00027988871,0.00028485942,0.00012614703,0.00025729606,0.00057978116,0.00024375299,0.00014751672,0.00033502870,0.00060065729,0.00028285685,0.00019983636,0.00175798965,0.00027892866,0.00053056439,0.00027665645,0.00116701484,0.00059158954,0.00039581907,0.00046790184,0.00013311512,0.00030146750,0.00027011397,0.00027228259,0.00036237948,0.00028503312,0.00006778960,0.00015339781,0.00024731523,0.00023584741,0.00052621260,0.00040148653,0.00008488075,0.00014761350,0.00025159708,0.00041902114,0.00073963873,0.00039302946,0.00027049815,0.00027488419,0.00013661222,0.00012623698,0.00066572057,0.00057210873,0.00051865039,0.00026256664,0.00011146308,0.00027130793,0.00030859057,0.00032723036,0.00022918214,0.00058379688,0.00020826476,0.00026331552,0.00050033987,0.00004399242,0.00018600242,0.00006332095,0.00049466603,0.00083122578,0.00040036289,0.00021626115,0.00103578438,0.00125744863,0.00016306531,0.00019623507,0.00046357709,0.00028537520,0.00047570677,0.00042325669,0.00026983092,0.00025918689,0.00024558566,0.00079926461,0.00170625529,0.00020611536,0.00037893711,0.00001535161,0.00041485996,0.00007615178,0.00098559605,0.00086042721,0.00006440460,0.00080995619,0.00020617443,0.00033178247,0.00012410108,0.00036118325,0.00072601900,0.00011078802,0.00054691397,0.00045797940,0.00033774003,0.00007864538,0.00062776496,0.00036246991,0.00039347646,0.00043191129,0.00072235448,0.00010928704,0.00035273595,0.00029987873,0.00048340112,0.00033272798,0.00068762200,0.00032762251,0.00071315535,0.00010663120,0.00065372960,0.00008961251,0.00097921942,0.00019544624,0.00058964637,0.00081425572,0.00068854563,0.00011535231,0.00020577425,0.00008904246,0.00021022165,0.00020131293,0.00015674157,0.00023722919,0.00012886163,0.00056308312,0.00008245735,0.00011320239,0.00002382734,0.00068724790,0.00019463147,0.00014523691,0.00013884277,0.00043032470,0.00010223809,0.00046513326,0.00075188468,0.00016851183,0.00035767615,0.00015376816,0.00039497137,0.00007326197,0.00082609751,0.00025716325,0.00027703763,0.00005465194,0.00016943565,0.00021513289,0.00025430551,0.00014752017,0.00051593975,0.00009547342,0.00013218435,0.00023180641,0.00015160626,0.00032741552,0.00090949456,0.00063187306,0.00001256996,0.00011284661,0.00009635383,0.00014586999,0.00000564225,0.00020966055,0.00045772511,0.00019477251,0.00028402605,0.00027533740,0.00060538305,0.00043028313,0.00062981141,0.00033624103,0.00011056126,0.00035614191,0.00044994972,0.00007808197,0.00006281754,0.00051985085,0.00035472591,0.00022822879,0.00026839819,0.00023113810,0.00069494589,0.00115478712,0.00015668754,0.00009248209,0.00006954656,0.00054258944,0.00051488143,0.00022382686,0.00029250190,0.00050081201,0.00029988540,0.00030697334,0.00029812445
NorwegianNynorsk,0.0005335135,0.0002510295,0.0001270025,0.0002584225,0.0002368999,0.0005325712,0.0001526689,0.0004824053,0.0010428905,0.0002493053,0.0005444517,0.0004065045,0.0002871215,0.0004277456,0.0003372784,0.0004851657,0.0006191178,0.0003856924,0.0008633729,0.0004495258,0.0006237931,0.0009911057,0.0002153353,0.0046846575,0.0004275271,0.0002608661,0.0006195577,0.0002668485,0.0006612724,0.0001959329,0.0002313236,0.0001816570,0.0001883876,0.0003244037,0.0003975277,0.0001210538,0.0003375064,0.0002792259,0.0004211176,0.0007130337,0.0005938757,0.0003703119,0.0002088993,0.0000581493,0.0006819722,0.0003222328,0.0002742086,0.0003474680,0.0004774603,0.0006418438,0.0003358384,0.0002622158,0.0007025866,0.0003954772,0.0013158872,0.0004676355,0.0003463915,0.0002502822,0.0002314859,0.0001379291,0.0005129701,0.0011184554,0.0001243778,0.0002989298,0.0005066903,0.0004878765,0.0009014775,0.0000458774,0.0001965534,0.0012564614,0.0025424186,0.0007131306,0.0004244804,0.0002781535,0.0006691685,0.0004550078,0.0002016825,0.0011552514,0.0002988615,0.0001505574,0.0004874465,0.0012414847,0.0004464744,0.0002521710,0.0002662804,0.0004365959,0.0007494223,0.0003818035,0.0001649432,0.0016923684,0.0002058036,0.0003875875,0.0008582660,0.0011679350,0.0004770143,0.0003963454,0.0007585310,0.0004727715,0.0004407685,0.0003391911,0.0003961127,0.0004650262,0.0004217225,0.0000904862,0.0001604617,0.0014345549,0.0005814839,0.0000149935,0.0001737908,0.0012327650,0.0006759998,0.0004966016,0.0001278119,0.0003264405,0.0000401389,0.0005140383,0.0003645723,0.0006824548,0.0003093755,0.0007647667,0.0017500781,0.0011644495,0.0004777511,0.0001903353,0.0002487371,0.0005248082,0.0006694122,0.0002025660,0.0006786154,0.0004676684,0.0001864080,0.0005817108,0.0001681928,0.0005317715,0.0005206723,0.0002592618,0.0005056168,0.0007528434,0.0004000256,0.0009107437,0.0004183037,0.0013598981,0.0003163971,0.0004538506,0.0001208164,0.0008337213,0.0001756023,0.0001979691,0.0001308562,0.0004356665,0.0001279134,0.0006453814,0.0007682949,0.0006565395,0.0008500732,0.0014715050,0.0008425155,0.0000942053,0.0001347053,0.0006538235,0.0003628370,0.0004231938,0.0001900082,0.0001155985,0.0001192001,0.0004188320,0.0002398467,0.0001459159,0.0000214350,0.0006392952,0.0003498552,0.0006280547,0.0009884600,0.0008741719,0.0007913079,0.0009366785,0.0002693305,0.0001608253,0.0002759564,0.0001345644,0.0000497416,0.0002077805,0.0004439777,0.0004818362,0.0006195854,0.0000252280,0.0002712009,0.0007747110,0.0003755125,0.0003906440,0.0001775918,0.0001839118,0.0002741954,0.0009987128,0.0005493527,0.0002329171,0.0002565424,0.0003954145,0.0001472327,0.0010544791
Elfdalian,0.0007328690,0.0017841905,0.0006858285,0.0010294456,0.0012570305,0.0004319515,0.0012620150,0.0022243022,0.0004175437,0.0009635501,0.0003029136,0.0036190997,0.0006614530,0.0011492840,0.0013690939,0.0006289725,0.0001855000,0.0030895027,0.0025425884,0.0026521807,0.0020750945,0.0071361843,0.0016748271,0.0146323685,0.0012317051,0.0004088155,0.0043563423,0.0022659934,0.0009638858,0.0005965903,0.0017853492,0.0027261271,0.0004104424,0.0044385781,0.0024268635,0.0055556715,0.0012431306,0.0007247468,0.0054883641,0.0015246702,0.0043299175,0.0005605727,0.0006613859,0.0059715019,0.0090047668,0.0007604217,0.0014024287,0.0004304086,0.0038113773,0.0015713799,0.0004178015,0.0018396082,0.0005885860,0.0029708808,0.0016888081,0.0003199755,0.0018838028,0.0012120726,0.0008043511,0.0033405297,0.0008130682,0.0002458133,0.0050204412,0.0009961634,0.0041116910,0.0009311745,0.0013762355,0.0031260642,0.0052127124,0.0029929119,0.0014633465,0.0008863507,0.0048585883,0.0014378940,0.0016318653,0.0018399047,0.0004259043,0.0004532823,0.0007394334,0.0013638846,0.0013928560,0.0045032253,0.0013930068,0.0019588658,0.0030298936,0.0011770055,0.0097685781,0.0003133659,0.0065966829,0.0014986005,0.0026855484,0.0022616167,0.0023623293,0.0053763002,0.0012039783,0.0027646044,0.0006988594,0.0037326791,0.0005087807,0.0022065039,0.0011148112,0.0022707232,0.0003132996,0.0006441234,0.0035470457,0.0024127237,0.0008980355,0.0008060881,0.0058292834,0.0055461489,0.0016740041,0.0003424520,0.0013208666,0.0010264600,0.0076432310,0.0014627208,0.0002511129,0.0013125159,0.0009859283,0.0002710434,0.0043476054,0.0129216699,0.0012986064,0.0016750434,0.0007830513,0.0013859541,0.0017297863,0.0012132186,0.0024307805,0.0020103181,0.0014549049,0.0045425579,0.0048000336,0.0004764926,0.0006055242,0.0013302518,0.0007512896,0.0024614136,0.0018686718,0.0014529225,0.0005149196,0.0048104968,0.0029455931,0.0027676856,0.0063857716,0.0012939063,0.0003790194,0.0015847648,0.0001928828,0.0007540511,0.0025844174,0.0013141536,0.0014049296,0.0038426435,0.0026357375,0.0038174745,0.0098130203,0.0045295338,0.0016186770,0.0014131563,0.0002564253,0.0010819040,0.0019208102,0.0027489613,0.0008423233,0.0021959787,0.0012342116,0.0011076774,0.0025167249,0.0011438896,0.0005107050,0.0005616461,0.0043874085,0.0085496940,0.0032033350,0.0019187024,0.0028291126,0.0049707616,0.0016555412,0.0021808201,0.0000254194,0.0006793005,0.0022912888,0.0025210727,0.0008160665,0.0009523387,0.0012618268,0.0013775672,0.0062137269,0.0004725460,0.0007659063,0.0007897976,0.0011179731,0.0016480705,0.0040739737,0.0058673423,0.0007316245,0.0032617875,0.0005634598,0.0041439609
OldSwedish,0.0007280218,0.0001752800,0.0020069747,0.0013562720,0.0005705055,0.0013536714,0.0017089808,0.0011786849,0.0004814902,0.0010173419,0.0008831465,0.0009288926,0.0006675914,0.0005705354,0.0016034200,0.0005128115,0.0008464466,0.0001917474,0.0007675978,0.0011103217,0.0016395751,0.0046828288,0.0015615457,0.0072092499,0.0030404029,0.0002495221,0.0010212859,0.0011116492,0.0016685538,0.0004110689,0.0001181369,0.0018155524,0.0003936688,0.0017551067,0.0005088926,0.0004419969,0.0011383148,0.0011782221,0.0007400663,0.0020560631,0.0015675503,0.0007046578,0.0007942773,0.0018527976,0.0022002555,0.0004688594,0.0001145440,0.0016416782,0.0001766219,0.0001778691,0.0000939449,0.0005230742,0.0012741250,0.0008659089,0.0001654357,0.0015358743,0.0015008735,0.0010773883,0.0014338640,0.0010226613,0.0010855249,0.0008996207,0.0018490443,0.0004646467,0.0018677884,0.0014227051,0.0016860659,0.0019915713,0.0013090393,0.0005266806,0.0045084956,0.0006274874,0.0008026086,0.0022960833,0.0003020135,0.0000545640,0.0004231325,0.0015838801,0.0008432995,0.0007082390,0.0005935696,0.0040684115,0.0010382019,0.0023901481,0.0011158954,0.0034727047,0.0026898613,0.0003316272,0.0004128454,0.0001745051,0.0023013473,0.0005016089,0.0012978942,0.0019333864,0.0008692206,0.0036323160,0.0024336075,0.0012932779,0.0010659079,0.0003150334,0.0002703435,0.0031731536,0.0005985780,0.0011949477,0.0011264669,0.0046299624,0.0024274817,0.0003418404,0.0011657129,0.0004549640,0.0018377290,0.0018183676,0.0000303627,0.0002337490,0.0032706410,0.0013349436,0.0034708454,0.0015283175,0.0004392759,0.0002557458,0.0021491106,0.0024081482,0.0005673632,0.0003913555,0.0011144439,0.0001184274,0.0013625484,0.0013173387,0.0013926885,0.0009042825,0.0009515572,0.0017346248,0.0010191227,0.0013480687,0.0020021434,0.0040175938,0.0012616780,0.0019573297,0.0014225543,0.0001667673,0.0027866175,0.0009743219,0.0025511025,0.0008097246,0.0006397838,0.0020568074,0.0006274477,0.0005162506,0.0001271052,0.0012331671,0.0006808602,0.0014628001,0.0002569940,0.0012303987,0.0012634053,0.0007237574,0.0047542056,0.0004833843,0.0017491694,0.0009828396,0.0015173626,0.0006907603,0.0002495213,0.0001935623,0.0011190241,0.0003400755,0.0007339286,0.0000463915,0.0017665441,0.0024299148,0.0011427782,0.0004168448,0.0015164776,0.0005006994,0.0014026640,0.0012993477,0.0010104004,0.0005521434,0.0013684347,0.0015893776,0.0004090317,0.0010022168,0.0010161559,0.0000963378,0.0011399922,0.0015955143,0.0004684237,0.0041050905,0.0052966354,0.0007864186,0.0001417524,0.0000146753,0.0014275125,0.0003105547,0.0011402040,0.0009161035,0.0027348840,0.0006606043,0.0004124147,0.0015789940
Swedish,0.0003494872,0.0003671222,0.0007143477,0.0005513446,0.0009627997,0.0016626475,0.0007865791,0.0018431224,0.0003256329,0.0003142069,0.0001254014,0.0003857875,0.0011513521,0.0003536034,0.0008244697,0.0008372288,0.0009531699,0.0009453953,0.0015582669,0.0013006588,0.0004778198,0.0018491819,0.0011953544,0.0033404189,0.0007693859,0.0004707525,0.0012650370,0.0006852665,0.0008599047,0.0008550617,0.0006927924,0.0008698676,0.0012275825,0.0002656134,0.0013069436,0.0008621703,0.0006055378,0.0023569816,0.0006902295,0.0011355609,0.0009395174,0.0013997446,0.0006512339,0.0006428264,0.0021435887,0.0004621805,0.0017753967,0.0012514651,0.0010954802,0.0011862887,0.0013576916,0.0003823249,0.0007983017,0.0012990349,0.0010819197,0.0000912269,0.0008155255,0.0010423955,0.0012245488,0.0010455933,0.0011875906,0.0003697298,0.0012082648,0.0009683456,0.0011392997,0.0005818299,0.0013607276,0.0007759382,0.0000186789,0.0015077869,0.0013290567,0.0003119766,0.0030923904,0.0008577675,0.0004543664,0.0007261505,0.0002416115,0.0012565108,0.0012729466,0.0005055612,0.0008407724,0.0019116577,0.0020499540,0.0009519718,0.0005764453,0.0002102793,0.0023623317,0.0011228534,0.0008397134,0.0005108088,0.0005252988,0.0009109750,0.0018963086,0.0003828571,0.0003937242,0.0012274448,0.0007049016,0.0003524064,0.0001964803,0.0003119940,0.0005162750,0.0014576878,0.0004267281,0.0011072236,0.0010162428,0.0046333635,0.0009176334,0.0008536779,0.0010520791,0.0005715854,0.0007411820,0.0008071205,0.0001186714,0.0004547355,0.0002661067,0.0019916299,0.0008591497,0.0018109351,0.0005101388,0.0007654123,0.0013601704,0.0011087245,0.0006357357,0.0003517168,0.0015619576,0.0009209597,0.0004165332,0.0003602682,0.0002001895,0.0003720765,0.0015368124,0.0007722129,0.0004392860,0.0004993113,0.0003864722,0.0010411119,0.0013923968,0.0015082683,0.0004442001,0.0014709136,0.0020012910,0.0019859099,0.0015957124,0.0021249066,0.0015533934,0.0032978768,0.0006075327,0.0006954585,0.0004566489,0.0016380873,0.0014731306,0.0006246261,0.0007581924,0.0004697529,0.0006519917,0.0005106396,0.0023125119,0.0018439051,0.0010365929,0.0014477648,0.0005059556,0.0002062515,0.0004541622,0.0012080061,0.0003131879,0.0004629342,0.0010537451,0.0014934422,0.0008526097,0.0000454625,0.0004840335,0.0002447108,0.0011313318,0.0010552853,0.0012129124,0.0005846814,0.0004466956,0.0001445971,0.0015904593,0.0005456477,0.0001751447,0.0006778636,0.0004305282,0.0023824378,0.0005941866,0.0001238343,0.0009474906,0.0015987273,0.0001898892,0.0004927473,0.0010563495,0.0016874754,0.0005127161,0.0005015907,0.0006429888,0.0002779147,0.0003067932,0.0007149401,0.0007976852,0.0017766311
Danish,0.000435063,0.002542273,0.000586241,0.002196816,0.001779724,0.000338941,0.000647344,0.000589103,0.000849707,0.001121999,0.001526592,0.001157558,0.002748223,0.000131767,0.002070674,0.001794193,0.002926182,0.001997102,0.002447820,0.003134448,0.001268655,0.003997708,0.000398842,0.014243211,0.002235373,0.000520035,0.000877089,0.002354585,0.000288818,0.000737683,0.001587332,0.002550463,0.000775366,0.000980626,0.002829797,0.001880019,0.001779614,0.002021612,0.001694519,0.000892793,0.001508187,0.000731605,0.000974497,0.000430434,0.001684063,0.001374308,0.001215063,0.000341277,0.000678502,0.000229654,0.001150458,0.000178986,0.001348468,0.001523638,0.002696708,0.000293668,0.001807813,0.000498536,0.001155717,0.000574332,0.000950860,0.000644628,0.001818396,0.000196444,0.004884529,0.000721117,0.001709677,0.000599567,0.001564595,0.002810122,0.008534347,0.002614947,0.002092694,0.001043978,0.001025247,0.001307341,0.000258782,0.000586843,0.000219724,0.000744741,0.000832495,0.007333247,0.001437188,0.002667585,0.000960120,0.002428242,0.003684636,0.001172518,0.003862889,0.002313902,0.004171287,0.000948291,0.000559469,0.000999742,0.001256556,0.000754673,0.001640306,0.001546902,0.001801557,0.000439354,0.000587487,0.002209598,0.000864140,0.001143754,0.000516209,0.004501241,0.002442811,0.001382178,0.002742413,0.000753615,0.000814884,0.000547990,0.000237713,0.000499690,0.007169409,0.002841970,0.000569572,0.001165537,0.000959814,0.000390186,0.004584941,0.007110401,0.000556353,0.000940460,0.002339597,0.001138436,0.000238766,0.000126780,0.000246264,0.001020538,0.000600470,0.000670525,0.001023772,0.002271411,0.001704017,0.001972943,0.000458485,0.002771507,0.001018846,0.000371995,0.002796561,0.003519386,0.001221428,0.003884834,0.001418930,0.001267669,0.000572872,0.001455486,0.000520204,0.002247680,0.001372288,0.001328670,0.000268430,0.001006971,0.000588066,0.003640436,0.006216138,0.001277991,0.001124197,0.000956016,0.001227968,0.000136252,0.001695507,0.000265540,0.000885626,0.000843226,0.000929574,0.000287401,0.002329946,0.002139872,0.000742353,0.000301446,0.000732594,0.002937344,0.002277345,0.002587852,0.001402638,0.000512580,0.000724562,0.001678916,0.000372770,0.000393966,0.001075315,0.001378859,0.000670229,0.000359422,0.000917624,0.001706374,0.000391513,0.001190961,0.000766421,0.001279922,0.000991780,0.000793476,0.001126614,0.002150438,0.000170405,0.002206240,0.000535615,0.001484600
OldEnglish,0.0000726491,0.0004440422,0.0006333500,0.0011071599,0.0012052342,0.0003448972,0.0006822657,0.0012115226,0.0003725152,0.0010009459,0.0004279776,0.0006333815,0.0010982300,0.0004888781,0.0003609915,0.0005627591,0.0006441490,0.0002520116,0.0014018288,0.0009820882,0.0011461444,0.0019896093,0.0003241210,0.0069362295,0.0011704355,0.0008643010,0.0003347220,0.0008170066,0.0020674835,0.0002432444,0.0005764364,0.0004863124,0.0012462226,0.0005039680,0.0009766422,0.0000811326,0.0014681100,0.0001463388,0.0007904109,0.0004435534,0.0017897103,0.0004666596,0.0005285538,0.0009170076,0.0005922972,0.0004622842,0.0002991560,0.0007633847,0.0001702754,0.0005151261,0.0001342829,0.0003133551,0.0011650705,0.0013418009,0.0004070996,0.0004397802,0.0014502835,0.0016770821,0.0010603801,0.0014230279,0.0002226629,0.0005324417,0.0009866255,0.0008649421,0.0006223108,0.0008227034,0.0004626064,0.0003173731,0.0001573226,0.0002196591,0.0046983950,0.0010406705,0.0008777984,0.0005656658,0.0007774804,0.0002317289,0.0017950633,0.0000363041,0.0002908245,0.0004219894,0.0029575552,0.0014599858,0.0005069775,0.0000419363,0.0009259102,0.0053735985,0.0010722580,0.0013000612,0.0021042237,0.0025656659,0.0011097511,0.0008645208,0.0016244779,0.0018810735,0.0007603181,0.0020270587,0.0004350153,0.0013682090,0.0001842773,0.0000877007,0.0004742362,0.0019839800,0.0007142699,0.0008314547,0.0008246113,0.0014504882,0.0015375648,0.0003875648,0.0016534588,0.0014218472,0.0013227923,0.0018316002,0.0004407663,0.0006770385,0.0003047108,0.0001733152,0.0002233998,0.0008191044,0.0015929113,0.0007154380,0.0022474988,0.0017615872,0.0002924607,0.0005857646,0.0011137291,0.0005688098,0.0002862912,0.0004044289,0.0011823231,0.0004743092,0.0005637172,0.0006489226,0.0014934579,0.0003354217,0.0007879536,0.0031337277,0.0005637827,0.0026480275,0.0007041452,0.0037993620,0.0006229650,0.0060173873,0.0005499209,0.0004041587,0.0002762483,0.0017582633,0.0007659537,0.0003265406,0.0002636097,0.0001555279,0.0004143730,0.0006469707,0.0006423795,0.0007243839,0.0014772018,0.0005216246,0.0003495505,0.0006750641,0.0000321976,0.0015123412,0.0002038317,0.0006756967,0.0007849584,0.0005892137,0.0001975848,0.0008982246,0.0002359352,0.0001144309,0.0004376875,0.0004056138,0.0007135940,0.0001163733,0.0009758831,0.0002520677,0.0023244237,0.0013422998,0.0015240902,0.0011121600,0.0007076539,0.0015025607,0.0002135093,0.0000536842,0.0002540583,0.0005223848,0.0007328315,0.0004830988,0.0009519222,0.0011945572,0.0003554275,0.0006573539,0.0001761580,0.0007924077,0.0000171116,0.0014202856,0.0008592867,0.0002526184,0.0006228033,0.0007158025,0.0007540788,0.0010629985
English,0.0005201646,0.0038120776,0.0004694973,0.0009945366,0.0047814606,0.0013529703,0.0015762252,0.0002975593,0.0009280015,0.0004127527,0.0015243317,0.0034635579,0.0028369192,0.0026058736,0.0003398965,0.0011071913,0.0019503330,0.0096999733,0.0017802999,0.0051967044,0.0016257060,0.0045625451,0.0020753734,0.0140922075,0.0041196330,0.0021433319,0.0007863394,0.0017417234,0.0026692403,0.0004264675,0.0008201200,0.0014482475,0.0043689653,0.0003553712,0.0014569003,0.0016192863,0.0036309625,0.0049339027,0.0034268272,0.0033728374,0.0024785580,0.0033266365,0.0036416792,0.0016927278,0.0006582742,0.0003930845,0.0008288191,0.0011281202,0.0023849983,0.0028044874,0.0000512726,0.0017874978,0.0046951678,0.0041963736,0.0018478704,0.0007471110,0.0002313010,0.0005812274,0.0021070377,0.0020395693,0.0008286662,0.0013133089,0.0082518342,0.0080483573,0.0031621785,0.0019528377,0.0045118458,0.0034442883,0.0006619466,0.0014399822,0.0090734110,0.0004582868,0.0011571482,0.0019282043,0.0002681975,0.0030633886,0.0011041109,0.0004467886,0.0022095435,0.0021536179,0.0031534900,0.0033064935,0.0019587949,0.0019486885,0.0021012999,0.0105200258,0.0158417063,0.0151231825,0.0034470408,0.0023764381,0.0054805815,0.0044030811,0.0049613619,0.0027084380,0.0010739860,0.0016891447,0.0032553713,0.0011222563,0.0066628774,0.0002321491,0.0007621390,0.0058409323,0.0006614037,0.0005718459,0.0075599168,0.0092938657,0.0046592842,0.0057622569,0.0043209438,0.0031026234,0.0073163442,0.0007144485,0.0010537231,0.0001180230,0.0035859389,0.0024177327,0.0029185122,0.0025053672,0.0004108273,0.0049783954,0.0046394998,0.0016104958,0.0002964396,0.0007175719,0.0024407167,0.0007373546,0.0015898717,0.0032329773,0.0015107693,0.0011089246,0.0055204642,0.0048004619,0.0040808606,0.0035664614,0.0008953722,0.0015628693,0.0005395257,0.0015791229,0.0025023743,0.0016330898,0.0029794646,0.0057327693,0.0014236810,0.0003249430,0.0009697519,0.0054853794,0.0026654774,0.0014362882,0.0012956431,0.0016938155,0.0034022600,0.0030799607,0.0001441380,0.0034795515,0.0041929450,0.0028199804,0.0092273454,0.0045351204,0.0020644977,0.0012986880,0.0016304250,0.0010140709,0.0005423053,0.0027133734,0.0008900214,0.0033960237,0.0012754024,0.0026433066,0.0048632370,0.0011964831,0.0011408728,0.0011864045,0.0015155743,0.0014971086,0.0010696056,0.0031284298,0.0002858917,0.0013238566,0.0009028931,0.0028301976,0.0008248666,0.0014610687,0.0057096859,0.0008358708,0.0039590124,0.0013143773,0.0022353701,0.0032041636,0.0053103174,0.0001791927,0.0013632241,0.0017329522,0.0016688660,0.0043766911,0.0017385355,0.0008349109,0.0045244650,0.0046231855,0.0081520323,0.0014442758
OldFrisian,0.00139911085,0.00009887129,0.00061456457,0.00111910364,0.00158175407,0.00127828080,0.00018632010,0.00227265182,0.00072015357,0.00075824804,0.00026423439,0.00000913299,0.00035374726,0.00001345715,0.00068780223,0.00072913713,0.00033357592,0.00106229430,0.00146427136,0.00104121709,0.00099174589,0.00109877638,0.00023893436,0.00511878021,0.00263625945,0.00148480068,0.00002408807,0.00008738716,0.00107466889,0.00067287771,0.00102191397,0.00298080524,0.00281969600,0.00079183782,0.00172716044,0.00015677393,0.00054558572,0.00095275035,0.00091696244,0.00132936164,0.00165913441,0.00068063879,0.00063020355,0.00001126575,0.00161851671,0.00008727901,0.00052162975,0.00026975432,0.00130769528,0.00079027371,0.00024293262,0.00009137143,0.00118860080,0.00046606447,0.00170523595,0.00035529747,0.00043966340,0.00074100098,0.00021685604,0.00001963628,0.00088482983,0.00175027034,0.00128993333,0.00163676660,0.00098535376,0.00133840012,0.00239884448,0.00030586162,0.00085206369,0.00118330513,0.00115471330,0.00020199575,0.00244796553,0.00146426836,0.00106378423,0.00053059328,0.00042357918,0.00035770356,0.00017674982,0.00006904058,0.00099486463,0.00585474018,0.00167115136,0.00048616698,0.00013970347,0.00120655509,0.00518114254,0.00063516164,0.00093649818,0.00124396458,0.00100480156,0.00060572339,0.00091793651,0.00169201837,0.00024837498,0.00090120721,0.00061140653,0.00131031904,0.00140456151,0.00046787563,0.00061856480,0.00207395294,0.00101019292,0.00011247492,0.00092484491,0.00162140138,0.00201596684,0.00213024023,0.00077257300,0.00145089980,0.00048235104,0.00095649506,0.00092557486,0.00056219508,0.00402797902,0.00133315000,0.00088801185,0.00118974739,0.00117784139,0.00021915214,0.00330059411,0.00184436872,0.00056889280,0.00011204430,0.00080598815,0.00040265226,0.00100915484,0.00008648926,0.00037889627,0.00061087785,0.00051979093,0.00240870926,0.00110766366,0.00048253915,0.00085314677,0.00199044709,0.00175251300,0.00388188110,0.00052067316,0.00039300966,0.00350244508,0.00036883441,0.00083323288,0.00132366204,0.00065565567,0.00250399444,0.00046949576,0.00106382281,0.00138636589,0.00108360120,0.00138813584,0.00136805927,0.00213267901,0.00041307187,0.00143033340,0.00052346822,0.00276646703,0.00016452908,0.00123910771,0.00133470176,0.00095149698,0.00033465323,0.00162411638,0.00083456714,0.00091883219,0.00038825880,0.00078938863,0.00096941027,0.00062880175,0.00128413920,0.00041210550,0.00086361100,0.00158980917,0.00204973152,0.00025236066,0.00216865531,0.00031972502,0.00065271996,0.00136367796,0.00116521108,0.00170305372,0.00024785233,0.00152928250,0.00129791521,0.00093731817,0.00042984778,0.00063311467,0.00176475079,0.00150834963,0.00037936103,0.00113522292,0.00061512486,0.00095673889,0.00119369816,0.00123091873,0.00140279130,0.00066118149,0.00257119022,0.00085347501,0.00104103939
Frisian,0.0014731829,0.0013573466,0.0016996174,0.0007851043,0.0009082084,0.0011720918,0.0012998218,0.0007780943,0.0004194047,0.0010845217,0.0007724730,0.0009326069,0.0031228312,0.0034595319,0.0027162720,0.0012453738,0.0011505670,0.0057948726,0.0000883756,0.0024372298,0.0009233690,0.0034387738,0.0005888377,0.0040167155,0.0019459890,0.0023013642,0.0010971428,0.0004144489,0.0023528971,0.0003723786,0.0000777708,0.0022861743,0.0022061861,0.0010169882,0.0038376174,0.0026025565,0.0024831131,0.0009599084,0.0012853754,0.0017070477,0.0021808459,0.0005217739,0.0010488243,0.0012896822,0.0032438908,0.0005541276,0.0015371537,0.0007211229,0.0008973554,0.0013666827,0.0011665137,0.0003351663,0.0036797182,0.0063021622,0.0011817214,0.0012570068,0.0021202770,0.0039760477,0.0005896126,0.0034389932,0.0017185622,0.0019445578,0.0024031387,0.0006728370,0.0053122399,0.0010589897,0.0018469543,0.0025629985,0.0000278596,0.0033608323,0.0089376584,0.0006144796,0.0010970093,0.0018424538,0.0018313002,0.0025092806,0.0007316594,0.0028318903,0.0005547447,0.0004818283,0.0016769199,0.0070048038,0.0012793880,0.0019775080,0.0007685717,0.0066175272,0.0041645096,0.0039756222,0.0018779335,0.0011884753,0.0011293426,0.0004211886,0.0013946202,0.0005793997,0.0013315685,0.0047454214,0.0013236253,0.0008153584,0.0024416858,0.0002935175,0.0006915505,0.0048760757,0.0004087886,0.0009228583,0.0003643036,0.0073559670,0.0018036813,0.0015983807,0.0078338895,0.0027058826,0.0070236873,0.0006152894,0.0008176404,0.0001477274,0.0043152988,0.0017817964,0.0040271868,0.0027804443,0.0006019968,0.0025956800,0.0010766446,0.0005522391,0.0011058770,0.0012137028,0.0012346151,0.0017331533,0.0013313275,0.0003317175,0.0012586567,0.0019183970,0.0049802872,0.0022628235,0.0022563922,0.0015235773,0.0016052265,0.0033026153,0.0013187017,0.0032544494,0.0022114170,0.0036882562,0.0017706284,0.0034216887,0.0018482033,0.0005597895,0.0012706055,0.0031293362,0.0004727633,0.0024913704,0.0014047074,0.0010724125,0.0008412353,0.0004975980,0.0001832468,0.0005010869,0.0028222373,0.0007035701,0.0047038237,0.0074023795,0.0006744640,0.0037574802,0.0038678679,0.0013182486,0.0025528111,0.0046248403,0.0015463369,0.0005825131,0.0006277533,0.0056116858,0.0038081863,0.0001208364,0.0012604157,0.0004977888,0.0110243543,0.0066638578,0.0011687969,0.0009781024,0.0029128243,0.0004539559,0.0011494683,0.0021142653,0.0033402923,0.0036207556,0.0000288839,0.0009005896,0.0018709907,0.0008924890,0.0005861733,0.0008011797,0.0018811431,0.0025559481,0.0024496889,0.0005991600,0.0021120885,0.0007189342,0.0033316431,0.0022054301,0.0026084619,0.0005901186,0.0058225443,0.0004870579
MiddleDutch,0.00035694937,0.00028881921,0.00091923596,0.00013180307,0.00102223245,0.00063392868,0.00000863238,0.00034234041,0.00032057376,0.00033783566,0.00031460903,0.00022590067,0.00025954309,0.00044950110,0.00035994274,0.00060108950,0.00026225683,0.00020774918,0.00109035879,0.00042740909,0.00065267185,0.00273384988,0.00061904645,0.00271427412,0.00060084749,0.00065103428,0.00110435053,0.00098522437,0.00041235112,0.00058880850,0.00030394242,0.00040760682,0.00091212224,0.00035008860,0.00039248233,0.00232254431,0.00040403584,0.00363058728,0.00080964700,0.00180951563,0.00052406117,0.00058602082,0.00092893327,0.01182133043,0.00356080879,0.00004053629,0.00032622501,0.00034414405,0.00029176667,0.00001700635,0.00009416837,0.00132641294,0.00051263594,0.00277287403,0.00115391415,0.00106888159,0.00058353760,0.00078581287,0.00053514029,0.00012837063,0.00049202364,0.00128915370,0.00155569748,0.00023320028,0.00060749644,0.00119120068,0.00098303434,0.00004757554,0.00071335247,0.00051460987,0.00514907360,0.00096262297,0.00097640191,0.00069710263,0.00061429058,0.00037439873,0.00034023400,0.00029986462,0.00046541405,0.00029993033,0.00110819018,0.00152310490,0.00122162657,0.00039655810,0.00450334235,0.00583114838,0.00448783101,0.00058325287,0.00042570548,0.00024384793,0.00206005030,0.00062907090,0.00121667680,0.00004748881,0.00060572045,0.00026225236,0.00085151087,0.00027459332,0.00054195771,0.00025634067,0.00022483902,0.00177816379,0.00069228137,0.00141431236,0.00029716411,0.00527117161,0.00137987188,0.00117626637,0.00009912844,0.00022040430,0.00078544024,0.00009145147,0.00004086248,0.00052133189,0.00966814640,0.00070894515,0.00020888127,0.00025670141,0.00119110361,0.00021886141,0.00026991851,0.00131475128,0.00048336786,0.00014409461,0.00052635239,0.00040007263,0.00001468445,0.00009046512,0.00078410876,0.00036519433,0.00062162975,0.00016900357,0.00007311733,0.00056672707,0.00063611667,0.00215892808,0.00031816286,0.00203660349,0.00080129454,0.00136784917,0.00168907374,0.00095062111,0.00029725262,0.00025259754,0.00033967945,0.00118914285,0.00075287733,0.00037089209,0.00024629397,0.00023085087,0.00076825869,0.00174098150,0.00011575183,0.00034389634,0.00076648573,0.00094602717,0.00120483562,0.00040269598,0.00069576619,0.00115461089,0.00067496177,0.00052318187,0.00015717343,0.00074528671,0.00040036796,0.00045986310,0.00032540544,0.00056645723,0.00059839685,0.00222381283,0.00093327303,0.00039030051,0.00175152269,0.00010057970,0.00060870099,0.00101434678,0.00089539610,0.00084369957,0.00021063466,0.00030912989,0.00035102952,0.00061114779,0.00413213577,0.00098340627,0.00122280705,0.00038841883,0.00048420222,0.00207721843,0.00117354897,0.00127104023,0.00120797817,0.00066025474,0.00010011281,0.00071588250,0.00061787468,0.00115399575,0.00100897784,0.00080063840,0.00025308619,0.00029092408
Dutch,0.0000922204,0.0000936043,0.0008401872,0.0005139448,0.0003891587,0.0006406461,0.0001116191,0.0003865675,0.0004272979,0.0011492531,0.0007528489,0.0008784375,0.0004122010,0.0003407545,0.0007798629,0.0002333737,0.0010185243,0.0016373436,0.0002888081,0.0001375277,0.0003786453,0.0022259666,0.0012652289,0.0055644091,0.0012099627,0.0012199087,0.0000619271,0.0005547658,0.0007779841,0.0001947986,0.0004074824,0.0005035253,0.0007759961,0.0003585707,0.0001010775,0.0006842462,0.0003181027,0.0006970121,0.0009791148,0.0005879962,0.0004922983,0.0005660177,0.0002505753,0.0011462583,0.0016819986,0.0000950913,0.0009761111,0.0006270187,0.0008011492,0.0007379141,0.0009793474,0.0013189169,0.0006522361,0.0008750592,0.0011372238,0.0001959625,0.0005258176,0.0002604602,0.0006507762,0.0013747371,0.0002578884,0.0011139539,0.0006742044,0.0003984768,0.0010341388,0.0006491096,0.0005427330,0.0006925334,0.0009693695,0.0005143523,0.0012822083,0.0013088831,0.0017778186,0.0007388882,0.0003577926,0.0001604342,0.0001281606,0.0011193553,0.0005535403,0.0004968012,0.0001324557,0.0036773122,0.0004475120,0.0012250462,0.0015386487,0.0011341721,0.0011828246,0.0026215894,0.0012355744,0.0005666949,0.0002487179,0.0002419409,0.0006220679,0.0013283983,0.0006694783,0.0015030493,0.0003209935,0.0000256305,0.0012615986,0.0000983208,0.0006835390,0.0018277867,0.0004481517,0.0007041171,0.0001691706,0.0016733293,0.0008075713,0.0006999273,0.0001717290,0.0006277467,0.0018609954,0.0010445563,0.0006966838,0.0005575289,0.0029239989,0.0004123220,0.0009424270,0.0013455055,0.0002616849,0.0014689347,0.0024835276,0.0048381213,0.0006771525,0.0002824871,0.0013805427,0.0007929239,0.0000203695,0.0006022570,0.0010589061,0.0005199928,0.0002419054,0.0009385777,0.0000044215,0.0004311937,0.0009406204,0.0002432613,0.0021250821,0.0022059249,0.0006334282,0.0006801210,0.0012928987,0.0007575267,0.0006860642,0.0002561694,0.0005164689,0.0014665037,0.0003574409,0.0003613504,0.0004151455,0.0000192968,0.0016031195,0.0006756394,0.0009270504,0.0018617310,0.0023631441,0.0018195187,0.0018717174,0.0007436720,0.0008997789,0.0005350921,0.0001588754,0.0003788536,0.0010030931,0.0005664132,0.0006452092,0.0009862216,0.0006533752,0.0006943576,0.0007411830,0.0002559192,0.0007199157,0.0007848243,0.0006158468,0.0007383408,0.0001087457,0.0011441704,0.0017042151,0.0000471069,0.0008403943,0.0007006169,0.0005403462,0.0009590968,0.0003720810,0.0011831788,0.0007324155,0.0006551955,0.0001366930,0.0016450421,0.0000961259,0.0013078670,0.0010054030,0.0005589146,0.0004391080,0.0001187053,0.0005739161,0.0004076352,0.0009573349,0.0003886042,0.0006851175,0.0009647245
Flemish,0.0016066402,0.0004110171,0.0012445476,0.0002082034,0.0006146712,0.0009565531,0.0001022668,0.0005804077,0.0005263790,0.0002332548,0.0002544582,0.0012069076,0.0031858463,0.0003173103,0.0000946814,0.0002951673,0.0000100632,0.0011048616,0.0003961819,0.0017636866,0.0008317579,0.0042111359,0.0004612782,0.0064641828,0.0009138993,0.0003264566,0.0010708224,0.0006533484,0.0007326649,0.0005511104,0.0004286518,0.0005815856,0.0017981561,0.0001237908,0.0010647367,0.0000059108,0.0002581900,0.0028924480,0.0005433768,0.0009981689,0.0012121622,0.0005459436,0.0009757963,0.0014016964,0.0023501481,0.0004704302,0.0019521543,0.0001650849,0.0004913232,0.0004386103,0.0000493862,0.0000213613,0.0012786301,0.0018069069,0.0017755901,0.0000195255,0.0015740994,0.0003648810,0.0009850619,0.0001330762,0.0006398847,0.0013157098,0.0008673664,0.0012732664,0.0002904233,0.0008451851,0.0012582860,0.0013804548,0.0001811608,0.0004166559,0.0037780376,0.0007546908,0.0011808018,0.0012820853,0.0010351026,0.0006981373,0.0003300972,0.0001891414,0.0000733408,0.0001980870,0.0017849135,0.0028138092,0.0015157902,0.0013503403,0.0016878391,0.0035145508,0.0013326383,0.0035722075,0.0030549535,0.0023542732,0.0013872645,0.0011034786,0.0012250693,0.0015571160,0.0008849181,0.0010994548,0.0008641098,0.0014566739,0.0004804997,0.0013434853,0.0005383090,0.0027240890,0.0012947555,0.0016841258,0.0007855156,0.0055957959,0.0020598492,0.0019558398,0.0003433597,0.0024287966,0.0002269948,0.0015550546,0.0014250685,0.0002939469,0.0004572310,0.0014175588,0.0013935680,0.0010720522,0.0001611497,0.0002726833,0.0014873795,0.0010768118,0.0006429194,0.0005248388,0.0010288777,0.0012110047,0.0006314214,0.0003283394,0.0004464263,0.0001139007,0.0018612471,0.0004154375,0.0000551546,0.0005847473,0.0012029026,0.0026020203,0.0010365095,0.0033442015,0.0013990366,0.0019961794,0.0017653990,0.0028856840,0.0027208645,0.0016779681,0.0002669472,0.0020655112,0.0007284042,0.0012445446,0.0010298051,0.0004110743,0.0025247371,0.0004069895,0.0002988600,0.0004665702,0.0030711343,0.0013089734,0.0060597892,0.0007095216,0.0018948794,0.0002850793,0.0013085338,0.0007667617,0.0001340526,0.0011699805,0.0007022958,0.0004886704,0.0007702292,0.0009058711,0.0005283854,0.0008215444,0.0006229667,0.0003784424,0.0017866627,0.0004520721,0.0003453405,0.0005918223,0.0018612118,0.0016358480,0.0000297544,0.0006158979,0.0003482318,0.0004135629,0.0005778564,0.0006947874,0.0010317349,0.0000436270,0.0001140257,0.0005674173,0.0032048509,0.0004670750,0.0010815908,0.0000911944,0.0014243769,0.0003712621,0.0001903965,0.0005911018,0.0009913362,0.0007927394,0.0013812848,0.0009315664
OldSaxon,0.001692928,0.001843731,0.001592975,0.001593185,0.000471816,0.000278665,0.001467877,0.001530446,0.001590261,0.001172537,0.000636476,0.000322525,0.002052868,0.000562357,0.001982120,0.001840503,0.001919798,0.001530510,0.000426161,0.002958284,0.002366752,0.003960905,0.001599056,0.002126069,0.002560828,0.001080023,0.000835337,0.003128180,0.002006121,0.000452101,0.000560096,0.000971194,0.002342184,0.000335104,0.002271850,0.000998811,0.000702072,0.003985720,0.001746649,0.000587902,0.003180753,0.001584077,0.000766923,0.001900813,0.003868071,0.001051380,0.001726048,0.001620414,0.001951305,0.001796243,0.000172863,0.001359538,0.003518960,0.002588278,0.001502283,0.001439712,0.001508237,0.000640311,0.001200090,0.003132140,0.001757344,0.001190639,0.000596153,0.000666589,0.002630884,0.002218341,0.003355975,0.001714604,0.002082022,0.007755212,0.010919723,0.000533032,0.002613344,0.002694537,0.001123444,0.001215700,0.001314251,0.000588373,0.000260593,0.001571601,0.001402682,0.001975818,0.002517986,0.000887179,0.002114072,0.000823496,0.002420874,0.001579756,0.001668004,0.001155177,0.008139191,0.001802105,0.001771118,0.001669837,0.000721904,0.003891509,0.001235178,0.002428460,0.002379849,0.000567769,0.000230233,0.004564312,0.000329337,0.000470056,0.000722928,0.004863034,0.004325865,0.001459779,0.000302791,0.002058856,0.002823285,0.002126754,0.000686356,0.000375785,0.002355440,0.001873514,0.001870835,0.003053679,0.001515752,0.000793514,0.001276501,0.004836369,0.001429737,0.002172827,0.000405027,0.002392349,0.000558774,0.001221906,0.001038270,0.001745733,0.000311729,0.000649638,0.001763578,0.001111200,0.003634622,0.002107355,0.002655900,0.001826075,0.000932503,0.000951990,0.003264073,0.004624385,0.002238350,0.001626082,0.002604208,0.002801313,0.000538579,0.000284847,0.002131715,0.000627518,0.001361526,0.000581148,0.000734394,0.000921448,0.001035055,0.001123723,0.000173371,0.001743538,0.000864542,0.000979088,0.000866217,0.000671080,0.001071915,0.001057981,0.000494523,0.000522041,0.001945544,0.000961807,0.002495172,0.001922119,0.001092478,0.000316240,0.001367061,0.001397518,0.001226049,0.000406010,0.001474965,0.000680398,0.002639488,0.001484488,0.000418552,0.001379091,0.001591422,0.000391201,0.001126469,0.000126829,0.000509336,0.004723138,0.001710380,0.001687605,0.001069357,0.001706706,0.001306589,0.000603525,0.001868975,0.001397918,0.002995187,0.001224434,0.000430840,0.000929706
OldHighGerman,0.0005330848,0.0003552103,0.0004689058,0.0003609471,0.0003228350,0.0001907581,0.0005740042,0.0013760135,0.0003079552,0.0003638242,0.0005311907,0.0005921375,0.0013115645,0.0004585530,0.0001835902,0.0002370208,0.0008720094,0.0005987103,0.0008679579,0.0022097473,0.0001665287,0.0016055791,0.0004337551,0.0038760068,0.0010518000,0.0001661145,0.0003406869,0.0002135051,0.0000951250,0.0004489616,0.0006150469,0.0003480781,0.0007898533,0.0002982195,0.0006657211,0.0003464231,0.0001831094,0.0002077741,0.0007429327,0.0003861217,0.0004859193,0.0005671090,0.0008794348,0.0008433015,0.0010626496,0.0005194617,0.0003934730,0.0009403590,0.0002647885,0.0002376480,0.0000532974,0.0005747878,0.0009322832,0.0002839723,0.0002509911,0.0004615208,0.0003144076,0.0007277137,0.0009804897,0.0001710237,0.0007500303,0.0006426587,0.0005282555,0.0000780724,0.0007357736,0.0012461433,0.0006000091,0.0009187132,0.0002830703,0.0008292359,0.0032972429,0.0010982716,0.0008784476,0.0007211971,0.0005090804,0.0008171423,0.0003441121,0.0002560364,0.0001506980,0.0004102281,0.0024348388,0.0016702261,0.0008255347,0.0009349194,0.0010737884,0.0006255356,0.0015386233,0.0011142676,0.0024400826,0.0001100844,0.0016782512,0.0005592854,0.0003260682,0.0009639275,0.0001972259,0.0013546176,0.0010646535,0.0002427601,0.0010305771,0.0005097044,0.0003383517,0.0005064510,0.0007153674,0.0005960237,0.0004644441,0.0010290717,0.0017483081,0.0005111646,0.0004952823,0.0005206952,0.0006422762,0.0010505531,0.0002614188,0.0011365662,0.0009012612,0.0006154945,0.0002327882,0.0013885537,0.0001288872,0.0004079349,0.0015334602,0.0027004861,0.0004203051,0.0002617802,0.0006611566,0.0000688575,0.0010955029,0.0003156673,0.0013315403,0.0001665463,0.0000449080,0.0002022660,0.0006724257,0.0004435382,0.0002504690,0.0003648235,0.0018730123,0.0013426836,0.0011305026,0.0005094465,0.0011798144,0.0008879275,0.0004961528,0.0022930092,0.0005658963,0.0008733234,0.0004183539,0.0002254903,0.0007107272,0.0003356249,0.0013277683,0.0006979517,0.0004275849,0.0004577304,0.0008973320,0.0008237384,0.0007121366,0.0007645239,0.0004280052,0.0005923097,0.0007627191,0.0002423165,0.0006162633,0.0005475815,0.0000262904,0.0005183162,0.0004566605,0.0005666475,0.0005210384,0.0011067657,0.0003549966,0.0007752392,0.0010367164,0.0006520289,0.0002250706,0.0010099870,0.0008072973,0.0004470976,0.0006263310,0.0000816886,0.0001274822,0.0018411544,0.0005493686,0.0000238381,0.0003623524,0.0004848063,0.0007585884,0.0003929238,0.0021222846,0.0001316568,0.0001012064,0.0003900772,0.0003785214,0.0009494709,0.0004852439,0.0005540721,0.0011755583,0.0007818696,0.0006340079,0.0012299606
MiddleHighGerman,0.0002447766,0.0000900907,0.0021811094,0.0008955277,0.0007041724,0.0028655375,0.0032487458,0.0000665151,0.0018682978,0.0009190897,0.0002416908,0.0001912133,0.0016984558,0.0000731784,0.0000656334,0.0010645933,0.0000298545,0.0001780264,0.0019056195,0.0002979609,0.0015311212,0.0005594829,0.0002282714,0.0080637833,0.0009430978,0.0015529824,0.0001840307,0.0016978608,0.0007322502,0.0003836558,0.0001013781,0.0018362841,0.0023603888,0.0015055716,0.0008551828,0.0000855038,0.0003617818,0.0030816583,0.0009529003,0.0014357418,0.0004557807,0.0000752456,0.0001134559,0.0009575575,0.0014531104,0.0000838694,0.0005762869,0.0005268468,0.0005901385,0.0003772422,0.0000395644,0.0018042307,0.0010178462,0.0009189527,0.0001429341,0.0012853148,0.0012125012,0.0006035231,0.0002042547,0.0012731840,0.0001256511,0.0008862968,0.0014614181,0.0001922301,0.0000395805,0.0009834610,0.0006070394,0.0002055681,0.0001248564,0.0003764006,0.0002369242,0.0013118236,0.0027396124,0.0001936128,0.0007142080,0.0003218963,0.0005241152,0.0001958753,0.0013811181,0.0002570221,0.0005131787,0.0045456730,0.0004319332,0.0004441545,0.0003184452,0.0009964307,0.0011577535,0.0015766202,0.0011692508,0.0009427944,0.0007378725,0.0006941586,0.0030337693,0.0018818067,0.0014819511,0.0006322924,0.0003950314,0.0006535048,0.0010814859,0.0002905900,0.0006426698,0.0006621705,0.0002147741,0.0003486148,0.0009434824,0.0011099986,0.0027107894,0.0007599620,0.0002197094,0.0030074275,0.0006352892,0.0020000187,0.0002231704,0.0007399156,0.0012363549,0.0006179669,0.0013942333,0.0001949129,0.0003877787,0.0003903106,0.0001832523,0.0053556589,0.0018700544,0.0002391623,0.0001951448,0.0004677533,0.0003153280,0.0002106796,0.0007371719,0.0003646029,0.0007078316,0.0003010223,0.0000327926,0.0007536796,0.0016580955,0.0004859908,0.0003477686,0.0001057705,0.0002541305,0.0005197242,0.0028899900,0.0010638006,0.0016105553,0.0015388043,0.0001379215,0.0016741510,0.0007868852,0.0005016363,0.0001111070,0.0004786468,0.0003835350,0.0005538776,0.0017275603,0.0011090397,0.0006669669,0.0024133494,0.0030549621,0.0006296973,0.0002010804,0.0013699323,0.0000457171,0.0001901033,0.0007975562,0.0008680456,0.0012437598,0.0008046969,0.0003689308,0.0002035426,0.0019312450,0.0010161594,0.0006414907,0.0003332350,0.0013264488,0.0009894014,0.0011716063,0.0001959501,0.0017071309,0.0003156196,0.0000640008,0.0004331380,0.0007358812,0.0008602845,0.0000652462,0.0000943521,0.0023059743,0.0003618194,0.0011637929,0.0005951261,0.0014375396,0.0001421197,0.0000349078,0.0002182118,0.0002194927,0.0001584743,0.0011868540,0.0015785407,0.0002012576,0.0003788683,0.0051539866,0.0003032845
Luxembourgish,0.0009933024,0.0007123950,0.0056996307,0.0010839686,0.0001912861,0.0033256042,0.0008149848,0.0010336590,0.0007498574,0.0008804881,0.0028958636,0.0026695001,0.0004036712,0.0016397070,0.0021257574,0.0015823383,0.0017453637,0.0007199028,0.0023247744,0.0003572078,0.0012946012,0.0034543587,0.0011621356,0.0164129468,0.0023690865,0.0013171907,0.0007810736,0.0027978748,0.0012528939,0.0007263289,0.0009824509,0.0017522557,0.0019416048,0.0021385487,0.0005082511,0.0029829166,0.0039168637,0.0044644451,0.0008803431,0.0044664152,0.0048267474,0.0023468352,0.0011429177,0.0020056270,0.0064931537,0.0028488449,0.0024484887,0.0003478642,0.0016756827,0.0011416695,0.0020536925,0.0007811814,0.0029715780,0.0038586491,0.0004414088,0.0010971446,0.0026030615,0.0013053660,0.0019963857,0.0036352249,0.0003840294,0.0030317369,0.0009924595,0.0012686728,0.0043595663,0.0019973823,0.0020088199,0.0002174284,0.0011832894,0.0088156401,0.0336262973,0.0012935021,0.0054765085,0.0010369033,0.0008948602,0.0013097351,0.0039499504,0.0026542557,0.0019073152,0.0026493334,0.0020835576,0.0019500905,0.0036962138,0.0026335409,0.0000716254,0.0078064342,0.0032821640,0.0045607762,0.0008356030,0.0027385060,0.0073457830,0.0011176620,0.0047808221,0.0035675522,0.0006431801,0.0025013398,0.0019847378,0.0018586679,0.0033434948,0.0005101123,0.0003021142,0.0065141922,0.0015031882,0.0007502889,0.0003245036,0.0006404193,0.0003614300,0.0013387507,0.0053392181,0.0024046098,0.0014335450,0.0040503849,0.0001683793,0.0005393342,0.0035974273,0.0024976600,0.0030139405,0.0025879476,0.0010679742,0.0023499687,0.0007025369,0.0122684142,0.0010451057,0.0028235659,0.0051490196,0.0004900921,0.0014358170,0.0014011703,0.0023832198,0.0014050019,0.0012518758,0.0001751167,0.0022578671,0.0048617247,0.0002904230,0.0021575435,0.0012744152,0.0020424666,0.0008699918,0.0013230559,0.0005402757,0.0046882262,0.0029015002,0.0028532103,0.0033796513,0.0013357710,0.0004214781,0.0005565171,0.0002561334,0.0047262939,0.0024799200,0.0031410123,0.0021881908,0.0018585424,0.0004352259,0.0009254495,0.0030908698,0.0063017590,0.0024250525,0.0028258987,0.0003411397,0.0001520668,0.0013390010,0.0049427924,0.0019139614,0.0007161724,0.0008447168,0.0038119337,0.0031176788,0.0034031232,0.0008208742,0.0031065464,0.0023379534,0.0013437316,0.0011375419,0.0021048539,0.0061256580,0.0009942938,0.0019507741,0.0022022003,0.0015194169,0.0004135318,0.0018695957,0.0008843434,0.0004954002,0.0014968353,0.0007812628,0.0016189352,0.0073072992,0.0016625764,0.0002242723,0.0018109202,0.0012476591,0.0014583381,0.0012836291,0.0014211143,0.0007637906,0.0009692307,0.0003584044,0.0019376124
German,0.00007706607,0.00019508178,0.00012480871,0.00021471628,0.00019354135,0.00005839459,0.00001588051,0.00035780706,0.00036712856,0.00018571365,0.00018118489,0.00017720026,0.00044826748,0.00023112555,0.00040632655,0.00022611766,0.00052095610,0.00055169215,0.00064293347,0.00050468146,0.00009512000,0.00040075180,0.00016524862,0.00176450891,0.00071011024,0.00016536228,0.00043414521,0.00074826859,0.00043571393,0.00029248402,0.00004731249,0.00065984094,0.00019836501,0.00005697448,0.00026608988,0.00011961284,0.00005849461,0.00054424991,0.00044812051,0.00069048738,0.00097113165,0.00018771914,0.00013667460,0.00082157954,0.00103493100,0.00007808133,0.00009510998,0.00042053855,0.00043125319,0.00002066750,0.00016650044,0.00035523506,0.00032165307,0.00073331680,0.00031768301,0.00026068215,0.00018190514,0.00049541648,0.00010648673,0.00043707317,0.00023534757,0.00008084566,0.00014402543,0.00011865371,0.00058638221,0.00037198620,0.00066016240,0.00008316871,0.00008076517,0.00026882793,0.00098612098,0.00019187518,0.00017933488,0.00048942299,0.00010466820,0.00021084863,0.00008677049,0.00006538698,0.00017753817,0.00005376403,0.00113604598,0.00071669063,0.00060710590,0.00015465316,0.00009579789,0.00048796431,0.00013133589,0.00019367488,0.00153629630,0.00026592198,0.00094021358,0.00050608770,0.00033994871,0.00036260780,0.00093826514,0.00016003761,0.00018589409,0.00000788592,0.00170114980,0.00019495557,0.00020928987,0.00060814925,0.00025542994,0.00020602076,0.00004439454,0.00042386365,0.00033718025,0.00012794294,0.00011500272,0.00042196040,0.00064453054,0.00035740008,0.00011028971,0.00014338567,0.00115394823,0.00048270782,0.00024274610,0.00083708631,0.00011211468,0.00027607199,0.00106865341,0.00116168570,0.00023869418,0.00029490802,0.00080398715,0.00002895371,0.00053458655,0.00009832948,0.00019598124,0.00023679599,0.00023383547,0.00020748440,0.00040722971,0.00019586894,0.00037621957,0.00099360483,0.00049328316,0.00009503453,0.00046617491,0.00033947910,0.00060189765,0.00058256919,0.00103837411,0.00020518943,0.00034185667,0.00052541978,0.00006905956,0.00036416244,0.00013378348,0.00047127136,0.00013307372,0.00005066568,0.00017139544,0.00041232170,0.00057415281,0.00038120817,0.00102224916,0.00007255909,0.00014289938,0.00068211334,0.00023567085,0.00035344018,0.00047341064,0.00020180073,0.00019278355,0.00018321230,0.00011764969,0.00038165554,0.00006137048,0.00077752578,0.00005982278,0.00037019578,0.00017706856,0.00041167395,0.00024350182,0.00043481912,0.00065221275,0.00027380908,0.00008911812,0.00031026941,0.00024407606,0.00000591651,0.00081627957,0.00029980367,0.00043025395,0.00032443980,0.00019192772,0.00077429780,0.00035677904,0.00012065333,0.00015454195,0.00003715244,0.00022746147,0.00010351219,0.00024128101,0.00037091795,0.00044062274,0.00052247735,0.00032211541,0.00035797150
GermanBernese,0.0007144938,0.0004512836,0.0009775840,0.0014109136,0.0017188562,0.0008557271,0.0021696945,0.0023674722,0.0009227454,0.0001031027,0.0018926691,0.0015036228,0.0012983381,0.0025612319,0.0026354226,0.0013398426,0.0052107402,0.0028046073,0.0015325364,0.0049002338,0.0004643030,0.0039651071,0.0014252359,0.0047173453,0.0019544507,0.0017322334,0.0004697953,0.0027303898,0.0007677512,0.0008793269,0.0024707016,0.0020785079,0.0016111815,0.0024258085,0.0001259880,0.0031690816,0.0010801551,0.0024705188,0.0019902080,0.0024348732,0.0004973792,0.0013743020,0.0004360231,0.0040378572,0.0033483618,0.0000479989,0.0013137125,0.0019494448,0.0016234931,0.0024459397,0.0017258353,0.0013117478,0.0014162117,0.0015698431,0.0005574323,0.0007618230,0.0034153394,0.0015658147,0.0016102896,0.0007908787,0.0027805584,0.0023698157,0.0005461554,0.0015386176,0.0001881608,0.0018633327,0.0006237239,0.0027613524,0.0022762340,0.0003562050,0.0065342250,0.0006466032,0.0029612677,0.0010503975,0.0021353970,0.0015911979,0.0018955756,0.0011578184,0.0010461387,0.0017687777,0.0024437440,0.0031029908,0.0007440377,0.0019774669,0.0017503142,0.0077254578,0.0012702588,0.0012126443,0.0019590549,0.0006911224,0.0047145027,0.0023441033,0.0021728195,0.0013777629,0.0007898989,0.0012894117,0.0012742319,0.0024332573,0.0029163705,0.0005917839,0.0010568874,0.0016838015,0.0008269334,0.0016476838,0.0021665521,0.0044672687,0.0033565663,0.0043043981,0.0030447516,0.0025770599,0.0034962628,0.0011429187,0.0003376352,0.0032455855,0.0003417169,0.0011479665,0.0001541657,0.0028158086,0.0013207905,0.0028875799,0.0046638108,0.0028681223,0.0004253844,0.0007880609,0.0029138653,0.0018460630,0.0004160746,0.0002680625,0.0008000071,0.0006644540,0.0001652816,0.0027523467,0.0023129836,0.0013514521,0.0004444681,0.0014744476,0.0009353495,0.0011537355,0.0010723869,0.0027234949,0.0008340722,0.0012667557,0.0018511755,0.0013759365,0.0019338584,0.0035798403,0.0009137532,0.0019186091,0.0011430826,0.0001891396,0.0017050230,0.0014175140,0.0004845553,0.0007686523,0.0017848909,0.0026056669,0.0038308051,0.0023462720,0.0017134521,0.0030582376,0.0005313603,0.0007262205,0.0011397127,0.0002859266,0.0007903265,0.0004289405,0.0006040132,0.0022091074,0.0011648156,0.0029420654,0.0015740089,0.0028714816,0.0001693646,0.0024144699,0.0032580554,0.0009316712,0.0025613110,0.0019256808,0.0007687272,0.0017046019,0.0014253692,0.0017560960,0.0002432180,0.0002052183,0.0013089182,0.0001687705,0.0011837397,0.0027325502,0.0051068496,0.0014693400,0.0018202148,0.0006780955,0.0012443041,0.0009900045,0.0018934607,0.0015678804,0.0018330187,0.0010769722,0.0018707651,0.0033444500
Latin,0.0006610146,0.0021098882,0.0016012960,0.0002374813,0.0004803519,0.0013005432,0.0000765293,0.0014309398,0.0019500932,0.0009155809,0.0011547443,0.0005835829,0.0019902787,0.0011124634,0.0012811068,0.0001356253,0.0001663445,0.0006306662,0.0003865016,0.0024662933,0.0016757928,0.0018413500,0.0011207442,0.0084607881,0.0009838169,0.0006123725,0.0002793647,0.0008431747,0.0009828666,0.0001775220,0.0006871327,0.0009145711,0.0006452523,0.0020150806,0.0026430271,0.0007953800,0.0010825757,0.0014613722,0.0011055508,0.0015158889,0.0023332381,0.0016949135,0.0003048483,0.0002542101,0.0017363212,0.0017003476,0.0003464851,0.0010075464,0.0011229747,0.0022996155,0.0012714652,0.0002358734,0.0003263652,0.0008749143,0.0012136288,0.0010882787,0.0019883202,0.0016158299,0.0014049076,0.0008095347,0.0003131223,0.0027029858,0.0001781147,0.0015782824,0.0020803828,0.0005202891,0.0003733215,0.0001316117,0.0002031862,0.0011424280,0.0142528170,0.0015647790,0.0026712628,0.0023450040,0.0011970546,0.0016184669,0.0007771713,0.0001919388,0.0003750200,0.0009674163,0.0006305853,0.0056654633,0.0008776227,0.0015579755,0.0013447812,0.0043999777,0.0008500702,0.0005664949,0.0028545639,0.0000994366,0.0011215371,0.0008746996,0.0014695706,0.0004770066,0.0024506097,0.0003290450,0.0006258659,0.0001822493,0.0016270422,0.0010754595,0.0011396998,0.0008366539,0.0004155542,0.0013398571,0.0003004101,0.0019641206,0.0029292638,0.0010553124,0.0004875191,0.0017454896,0.0015488117,0.0020386926,0.0002052098,0.0006193149,0.0042700375,0.0012739992,0.0017263185,0.0008521884,0.0014056643,0.0002943845,0.0048648556,0.0046976694,0.0011104813,0.0000989421,0.0020846981,0.0006704943,0.0001674481,0.0013605865,0.0010386335,0.0004015533,0.0007193003,0.0010228088,0.0006188456,0.0012198615,0.0021819816,0.0037892508,0.0011470539,0.0005303824,0.0005118846,0.0014778281,0.0011556146,0.0004945536,0.0010342436,0.0027170703,0.0011766232,0.0007240383,0.0005374832,0.0007510838,0.0007330389,0.0005015779,0.0005358600,0.0006654204,0.0027839190,0.0019744263,0.0012299256,0.0016233977,0.0067582740,0.0015370871,0.0003859713,0.0019499046,0.0013423090,0.0003250957,0.0010419014,0.0003782477,0.0007963486,0.0014384939,0.0000398021,0.0000469184,0.0003445591,0.0002316122,0.0008135426,0.0003488211,0.0014968409,0.0003015866,0.0026134608,0.0020223376,0.0025227185,0.0015841015,0.0004858535,0.0009274280,0.0003349337,0.0001487353,0.0021539499,0.0000978417,0.0009381612,0.0009487675,0.0007485956,0.0019924335,0.0006201212,0.0022009069,0.0011222793,0.0015500926,0.0011093782,0.0012112355,0.0003449911,0.0010018832,0.0009387259,0.0019475410,0.0004729424,0.0008333605
Romanian,0.0015505594,0.0004317134,0.0007924170,0.0029255797,0.0004503198,0.0017688450,0.0003522272,0.0000359240,0.0008606769,0.0002957056,0.0022270521,0.0022667602,0.0010121089,0.0009401533,0.0028045152,0.0011512945,0.0007676213,0.0007363310,0.0004166662,0.0007505364,0.0023206603,0.0010681791,0.0019999444,0.0104659102,0.0012496266,0.0014346843,0.0007737297,0.0008446029,0.0015279028,0.0003484288,0.0006198047,0.0016129099,0.0030495472,0.0028057626,0.0018927550,0.0015123522,0.0006234970,0.0012799574,0.0011895898,0.0022335970,0.0017331222,0.0009660817,0.0002038024,0.0009675551,0.0039874719,0.0004994325,0.0005502295,0.0016225858,0.0020071698,0.0014128470,0.0017816552,0.0020248086,0.0007452593,0.0011947840,0.0015465277,0.0008970940,0.0028124585,0.0011974102,0.0018332840,0.0015116757,0.0009165239,0.0009137327,0.0013163739,0.0003922596,0.0014976165,0.0013436293,0.0063481304,0.0029003921,0.0041866687,0.0043739241,0.0039201561,0.0005542889,0.0029447827,0.0008406997,0.0000798799,0.0004752135,0.0001990620,0.0050576086,0.0003478861,0.0004257208,0.0020064619,0.0047308807,0.0024991756,0.0015060901,0.0014653198,0.0086322750,0.0019316255,0.0020387238,0.0007176270,0.0043411685,0.0067059043,0.0013978397,0.0036467702,0.0026456900,0.0009408693,0.0010138818,0.0002875677,0.0019610278,0.0048019271,0.0012741190,0.0019995172,0.0025448750,0.0007430689,0.0029772789,0.0004106610,0.0015426856,0.0043677825,0.0014369951,0.0021153136,0.0028335113,0.0014269876,0.0059575041,0.0012646578,0.0004345040,0.0022118371,0.0020594677,0.0002110005,0.0010686367,0.0024293526,0.0025637526,0.0013161035,0.0008832321,0.0002371037,0.0000740268,0.0016885618,0.0003409904,0.0002543894,0.0016611735,0.0008331182,0.0013078628,0.0007180039,0.0039108430,0.0031006262,0.0002893555,0.0012933614,0.0041904971,0.0008170760,0.0025373936,0.0021463398,0.0013068808,0.0032317254,0.0033619910,0.0019345698,0.0036817310,0.0003952927,0.0008430295,0.0008460031,0.0006608937,0.0013275944,0.0030502682,0.0006735428,0.0008165613,0.0001391022,0.0025333452,0.0030893863,0.0025011931,0.0010215546,0.0019645658,0.0011618448,0.0016707274,0.0055289562,0.0004665591,0.0012584900,0.0019549208,0.0012162372,0.0008278138,0.0022061776,0.0043696769,0.0052364760,0.0008881479,0.0012430806,0.0006518937,0.0036317327,0.0009217033,0.0001339859,0.0015262321,0.0040040217,0.0049635028,0.0006610334,0.0010522070,0.0006803709,0.0013893113,0.0022154819,0.0000972049,0.0020803003,0.0003409393,0.0030330847,0.0016867086,0.0019109541,0.0018581429,0.0014455268,0.0025620795,0.0024098021,0.0027744403,0.0002289030,0.0033144694,0.0013570675,0.0027300484,0.0022243636,0.0001499668
MeglenoRomanian,0.0009422693,0.0006929554,0.0003024431,0.0055891412,0.0002868541,0.0034499291,0.0001737588,0.0005525876,0.0007136202,0.0017531394,0.0019824807,0.0011884297,0.0022675655,0.0005010421,0.0011825294,0.0009869180,0.0032165129,0.0084132387,0.0000656291,0.0027584842,0.0025575052,0.0032842967,0.0003247387,0.0067490426,0.0009808941,0.0009414076,0.0002731877,0.0014482321,0.0009726977,0.0011487366,0.0004275791,0.0013429707,0.0028311337,0.0009298822,0.0002390208,0.0029903492,0.0025256619,0.0035249817,0.0012015632,0.0040372147,0.0015441196,0.0031413836,0.0002842146,0.0029242555,0.0040414368,0.0002026993,0.0011807221,0.0004628261,0.0014774987,0.0003980593,0.0022389055,0.0009028512,0.0002582987,0.0006838152,0.0003994002,0.0011651512,0.0020661981,0.0019212368,0.0033477540,0.0065990893,0.0013661910,0.0020659093,0.0015120371,0.0007276382,0.0048224461,0.0016691113,0.0055436638,0.0004356831,0.0010050200,0.0047276063,0.0016740728,0.0018188111,0.0010271284,0.0049715221,0.0008329472,0.0004692663,0.0013520101,0.0040349432,0.0005426644,0.0015173257,0.0010647957,0.0005068359,0.0010008251,0.0012902796,0.0012999470,0.0103464733,0.0039975385,0.0003299381,0.0036451859,0.0012946420,0.0061639869,0.0010346174,0.0020666252,0.0026736969,0.0006390487,0.0032775138,0.0034337283,0.0013145264,0.0012864583,0.0004599184,0.0008988240,0.0050215769,0.0003034731,0.0011231711,0.0022261419,0.0050821385,0.0038886552,0.0010605672,0.0037839948,0.0036397806,0.0025986948,0.0024175708,0.0001971144,0.0026759510,0.0029230464,0.0014078812,0.0011456355,0.0004029075,0.0028692545,0.0041854991,0.0041776502,0.0033340086,0.0015822159,0.0011462088,0.0029818399,0.0000630552,0.0015701068,0.0011848555,0.0025637617,0.0009607927,0.0042756956,0.0008843161,0.0048721798,0.0010463146,0.0024857062,0.0002517166,0.0022706494,0.0023397483,0.0008158859,0.0036355309,0.0068584137,0.0048318983,0.0007440649,0.0011188963,0.0051014334,0.0042110640,0.0002520155,0.0027243507,0.0014408453,0.0006337004,0.0001860224,0.0029803740,0.0008011830,0.0068151012,0.0037799868,0.0007810129,0.0085007008,0.0080286896,0.0015979248,0.0004057117,0.0030475206,0.0005136079,0.0037498254,0.0016132267,0.0020242913,0.0014818107,0.0004466692,0.0003272852,0.0013019590,0.0026463358,0.0014173336,0.0037823213,0.0047281141,0.0094011488,0.0041435730,0.0006092911,0.0029704070,0.0023107349,0.0021159301,0.0013048789,0.0008552974,0.0001408530,0.0023612242,0.0002310538,0.0016386309,0.0016474053,0.0010987409,0.0023248668,0.0133618897,0.0006833509,0.0002400235,0.0006065030,0.0014393568,0.0009605332,0.0008971092,0.0014423789,0.0029016311,0.0024752667,0.0059150762,0.0010297380
DalmatianVegliote,0.0013603022,0.0032746855,0.0006662156,0.0008697145,0.0018942806,0.0054003676,0.0014120975,0.0034463515,0.0019062937,0.0007083740,0.0030632225,0.0024572698,0.0030917522,0.0026303417,0.0000490001,0.0024243789,0.0045109052,0.0021749858,0.0006938602,0.0026197249,0.0003424901,0.0074703852,0.0008185725,0.0144570303,0.0020064260,0.0003033883,0.0025162157,0.0011265177,0.0018901898,0.0007388511,0.0022635693,0.0009482432,0.0068015719,0.0013138754,0.0038626802,0.0001413032,0.0014810080,0.0022622941,0.0021503823,0.0024777181,0.0020236558,0.0004243457,0.0009578179,0.0024741868,0.0024542153,0.0001207400,0.0013750837,0.0018468994,0.0077083992,0.0003075306,0.0024609254,0.0017059899,0.0018596336,0.0018891317,0.0005378248,0.0012104326,0.0009406327,0.0023835175,0.0008616690,0.0012784973,0.0002724617,0.0008461824,0.0027660483,0.0009821973,0.0015027931,0.0004036694,0.0044850763,0.0049401280,0.0053336891,0.0020918038,0.0181567651,0.0009558954,0.0118836666,0.0023745136,0.0016241252,0.0004211902,0.0017984555,0.0012845459,0.0015510701,0.0004091918,0.0007748809,0.0038722441,0.0009478239,0.0015194462,0.0008797114,0.0020483273,0.0086992036,0.0030839254,0.0005679994,0.0012443118,0.0023409327,0.0016644398,0.0002603800,0.0060302056,0.0014407169,0.0024007041,0.0012618825,0.0064257092,0.0019718006,0.0004004762,0.0011725459,0.0043564446,0.0006003551,0.0019315249,0.0015230176,0.0018604379,0.0046511363,0.0096787911,0.0020174728,0.0014843408,0.0035696710,0.0027214347,0.0003057796,0.0006175136,0.0041963154,0.0023195672,0.0025224525,0.0007460018,0.0026871028,0.0011415813,0.0006801510,0.0145514218,0.0011821291,0.0043384459,0.0024729555,0.0005512851,0.0017574926,0.0004457955,0.0038754644,0.0033663463,0.0007868654,0.0012712739,0.0019265106,0.0013275098,0.0028643453,0.0068576346,0.0020612952,0.0015515859,0.0010165627,0.0015438427,0.0033107073,0.0137505904,0.0014974855,0.0002749198,0.0003135744,0.0035783131,0.0004769855,0.0017867770,0.0012986148,0.0009366029,0.0003059334,0.0024880994,0.0006852995,0.0029377902,0.0039817775,0.0014623158,0.0078254266,0.0011496818,0.0010036743,0.0014283659,0.0011554442,0.0005313965,0.0004231193,0.0032763762,0.0023015401,0.0020406304,0.0003850721,0.0039331837,0.0049771517,0.0067627579,0.0013340166,0.0005370777,0.0084754782,0.0009587285,0.0042449431,0.0014760998,0.0034855832,0.0025901343,0.0008429294,0.0019749714,0.0005752008,0.0041998008,0.0010115526,0.0011547240,0.0011702378,0.0014226430,0.0010264772,0.0010615657,0.0148849216,0.0009173457,0.0021753262,0.0008390497,0.0044647409,0.0027513086,0.0063890251,0.0010662682,0.0033481474,0.0018497586,0.0036820023,0.0013517733
Neapolitan,0.00024434990,0.00181008416,0.00103359106,0.00186862273,0.00147497895,0.00077927753,0.00481336996,0.00168614653,0.00290773497,0.00223373904,0.00051324409,0.00245864999,0.00120116812,0.00243228465,0.00152955178,0.00022635001,0.00178543121,0.00031572529,0.00376640805,0.00513372349,0.00012101864,0.00103375913,0.00210645378,0.01732033338,0.00205326467,0.00200700111,0.00130880186,0.00094874833,0.00079063436,0.00076991086,0.00005140480,0.00366415186,0.00111296734,0.00226794097,0.00042820092,0.00021256710,0.00109537927,0.00300152360,0.00407157139,0.00303446407,0.00094710199,0.00131590769,0.00196145077,0.00394322691,0.00211266387,0.00021106450,0.00087456869,0.00098082215,0.00177703425,0.00295558372,0.00039697176,0.00058433181,0.00292800667,0.00039158105,0.00139494615,0.00049626387,0.00093663488,0.00038217099,0.00100533116,0.00000192494,0.00212468168,0.00180228773,0.00312317376,0.00569158584,0.00207330921,0.00115554179,0.00088277838,0.00109874152,0.00175744526,0.00271994204,0.00397832213,0.00177372607,0.00062768714,0.00163032913,0.00062263704,0.00032185231,0.00050588566,0.00013722818,0.00033748411,0.00069939552,0.00230753665,0.00548774800,0.00278735172,0.00293201505,0.00136778453,0.00853754162,0.00100599921,0.00435074920,0.00236584531,0.00382789464,0.00202191030,0.00105432839,0.00122925006,0.00306093053,0.00304104050,0.00023499768,0.00269029833,0.00092245091,0.00529297362,0.00247783677,0.00148623693,0.00241786233,0.00122943938,0.00052175604,0.00086741456,0.00529716840,0.00250786071,0.00117086710,0.00028094587,0.00167436628,0.00088470111,0.00175414719,0.00076673847,0.00224888662,0.00093205310,0.00074074129,0.00161147025,0.00394229998,0.00187353690,0.00164338573,0.00564300362,0.00361921358,0.00032533104,0.00157161829,0.00073686054,0.00147225837,0.00015395196,0.00122224358,0.00212705819,0.00286948065,0.00025626148,0.00266563866,0.00096367967,0.00235858764,0.00052022447,0.00195134077,0.00021479149,0.00263987856,0.00145915965,0.00165365502,0.00121332848,0.00062168876,0.00099354221,0.00344514853,0.00208421967,0.00471659216,0.00045239937,0.00095511585,0.00018973627,0.00099292538,0.00263396245,0.00015694076,0.00131036730,0.00584475083,0.00156893381,0.00275661985,0.00489930599,0.00094353182,0.00098048931,0.00423687039,0.00179596913,0.00028849427,0.00076714116,0.00075505067,0.00224715967,0.00055017710,0.00052896877,0.00126336949,0.00269474690,0.00369192581,0.00038501206,0.00116734044,0.00176521880,0.00169408564,0.00018858645,0.00128344942,0.00262582239,0.00143277066,0.00003011496,0.00130265670,0.00152556557,0.00151844632,0.00153112891,0.00290565252,0.00157792091,0.00060552005,0.00106567021,0.00070062136,0.00918956863,0.00112740587,0.00098853355,0.00063309688,0.00018405781,0.00038189893,0.00251236625,0.00067894580,0.00104028171,0.00105933646,0.00057101509,0.00065450742
Italian,0.0003454707,0.0001525860,0.0002635481,0.0003173502,0.0003729258,0.0002797525,0.0001300326,0.0002731685,0.0006239239,0.0002110370,0.0003220705,0.0000654928,0.0008404148,0.0006663192,0.0002550102,0.0004198586,0.0002641364,0.0009112689,0.0009573893,0.0010274819,0.0003825338,0.0004442317,0.0001803033,0.0023715002,0.0009069501,0.0002679550,0.0005875382,0.0002011218,0.0004972786,0.0001888576,0.0001148295,0.0001471896,0.0004742722,0.0001766707,0.0005397071,0.0005045906,0.0000770372,0.0003990337,0.0002218500,0.0009840636,0.0006143393,0.0007553941,0.0009493954,0.0005717837,0.0014823504,0.0001282072,0.0003933491,0.0004995723,0.0002393578,0.0002203518,0.0003121689,0.0002483859,0.0004534180,0.0010967570,0.0002871161,0.0001061526,0.0003550971,0.0006694088,0.0001726766,0.0001472792,0.0001504088,0.0006663765,0.0006327506,0.0001827903,0.0014192112,0.0001955353,0.0008572215,0.0000227279,0.0003778613,0.0001380414,0.0006823151,0.0005775577,0.0009648831,0.0005017626,0.0000952927,0.0007031871,0.0001980128,0.0005269412,0.0005986865,0.0000984340,0.0005120862,0.0012787414,0.0002353626,0.0007157375,0.0002862022,0.0008512223,0.0007037845,0.0000480253,0.0012839889,0.0004100164,0.0020858090,0.0003824499,0.0001043216,0.0003550949,0.0006048708,0.0007962847,0.0002982267,0.0000410498,0.0012379622,0.0001402610,0.0001375717,0.0008255076,0.0003756618,0.0003740449,0.0002397557,0.0004509271,0.0016506959,0.0003277145,0.0003832501,0.0007248957,0.0014933766,0.0001808395,0.0002175274,0.0005313852,0.0011345078,0.0004203815,0.0001239502,0.0002788597,0.0003409784,0.0002655625,0.0003476362,0.0006694216,0.0002891266,0.0000205547,0.0006878992,0.0003598102,0.0000400877,0.0003555055,0.0004524673,0.0001763881,0.0001821100,0.0002298354,0.0002998903,0.0002991745,0.0004291562,0.0008918457,0.0001575509,0.0011576877,0.0007170603,0.0004019294,0.0010177921,0.0006710384,0.0002483059,0.0001392350,0.0007248374,0.0004943634,0.0003368122,0.0001055840,0.0005511720,0.0005243897,0.0005291217,0.0005700016,0.0000566228,0.0005934772,0.0013302386,0.0013341168,0.0006496491,0.0008142660,0.0001757945,0.0004777475,0.0001698359,0.0001751143,0.0003249256,0.0008767310,0.0000789152,0.0006741821,0.0002842279,0.0005745115,0.0005688426,0.0003089960,0.0002179056,0.0005533516,0.0004527785,0.0005856497,0.0001961428,0.0005572455,0.0004378634,0.0001528691,0.0006270281,0.0003659379,0.0004769490,0.0004809935,0.0005857222,0.0007711811,0.0005462602,0.0001456164,0.0005379987,0.0002430017,0.0013056394,0.0001281924,0.0003429417,0.0007489659,0.0002952436,0.0003458610,0.0005798933,0.0006701736,0.0007927082,0.0008776494,0.0002591154,0.0006116696
Friulian,0.0004232694,0.0014573085,0.0023117607,0.0009884111,0.0003226529,0.0006605483,0.0011784554,0.0009918408,0.0003620980,0.0009117150,0.0005062788,0.0014645419,0.0026940995,0.0016958502,0.0010095159,0.0007311651,0.0002243084,0.0010906861,0.0009028415,0.0018503776,0.0013713112,0.0019939098,0.0006360112,0.0004318792,0.0006271661,0.0019007525,0.0024609349,0.0010117752,0.0006792965,0.0007337840,0.0009376077,0.0024893089,0.0016587602,0.0038180140,0.0013656343,0.0003066215,0.0015410878,0.0008600736,0.0004408512,0.0007244484,0.0020868256,0.0003731742,0.0011887219,0.0015755235,0.0007699622,0.0011833988,0.0004884746,0.0011492120,0.0004074692,0.0029808703,0.0024139433,0.0003308774,0.0023093161,0.0039673619,0.0012462297,0.0002255134,0.0011693235,0.0008333951,0.0003982821,0.0020227312,0.0014033736,0.0019287230,0.0018701992,0.0002803298,0.0019803264,0.0016381386,0.0030068722,0.0028009559,0.0020655732,0.0095418621,0.0038452319,0.0023571627,0.0021760263,0.0005270162,0.0009276554,0.0010971550,0.0002381183,0.0027940014,0.0021722283,0.0019786421,0.0036854361,0.0057216629,0.0005582437,0.0018781821,0.0006929641,0.0002752322,0.0045653425,0.0003007516,0.0003972263,0.0011114962,0.0031337019,0.0008892949,0.0015293643,0.0001119440,0.0017191399,0.0027031583,0.0019455454,0.0006890794,0.0018484171,0.0018458712,0.0003776587,0.0039137901,0.0008727502,0.0006996876,0.0018302367,0.0035519942,0.0034459759,0.0025539634,0.0009975247,0.0015874064,0.0023129496,0.0002860706,0.0006754828,0.0006028656,0.0048221840,0.0009264404,0.0005364575,0.0025949152,0.0008971896,0.0002135731,0.0017365127,0.0016342484,0.0006386476,0.0011227979,0.0011924459,0.0009211619,0.0005231444,0.0006887645,0.0007588302,0.0012396789,0.0017738298,0.0005574398,0.0004700273,0.0000284736,0.0011370172,0.0008596172,0.0013199646,0.0025434548,0.0025672857,0.0011001508,0.0028591734,0.0020186772,0.0020672197,0.0023225659,0.0024408089,0.0020253483,0.0007886924,0.0009771109,0.0010160577,0.0027293970,0.0017198313,0.0013267918,0.0011483415,0.0013241704,0.0038463646,0.0005625981,0.0060601915,0.0013107139,0.0004152037,0.0013013116,0.0005505970,0.0007311621,0.0022057996,0.0012427079,0.0002560348,0.0016751009,0.0010524496,0.0005602321,0.0007260027,0.0002871919,0.0009927121,0.0023152839,0.0026098216,0.0040260020,0.0033295872,0.0004324141,0.0016819840,0.0004138361,0.0022819311,0.0013523620,0.0007256102,0.0023656153,0.0018635856,0.0009136722,0.0006823391,0.0002139716,0.0012903413,0.0036190078,0.0047011332,0.0011326660,0.0002196337,0.0007929937,0.0019971828,0.0002517644,0.0010096630,0.0000982595,0.0015390066,0.0009962107,0.0009710728,0.0011764050
Ladin,0.000497792701,0.005404959156,0.000394956111,0.001033399846,0.003313171691,0.001168097144,0.000773190467,0.002981043563,0.004554488420,0.001703895711,0.003393348048,0.001403189825,0.002009004986,0.001507583942,0.000490830885,0.001353133822,0.005947455397,0.003741676952,0.001037682962,0.006390215630,0.001611088827,0.001720469151,0.001904202478,0.016872564683,0.001537428651,0.000388195983,0.000461094760,0.001287078508,0.001023267449,0.000169706132,0.000019155189,0.001377107743,0.001497090016,0.001092825742,0.000820857731,0.002009908391,0.000915760500,0.008382468436,0.000035966141,0.000320210141,0.000000577062,0.001374416631,0.001582356052,0.007982371850,0.001750284571,0.001502024510,0.001220915848,0.003606275181,0.001691474760,0.001522283539,0.002206522568,0.000361495567,0.000873812561,0.002163532506,0.001809106568,0.000251445600,0.005222613382,0.000654247585,0.002700067005,0.002486964908,0.000790515508,0.000409320147,0.002554662489,0.001448211347,0.003139555111,0.001463220660,0.001556324119,0.006150867562,0.002343001620,0.001052733678,0.022513855383,0.000530274580,0.003215651149,0.001854863576,0.001598911014,0.001715071142,0.000147753250,0.001308739819,0.001204962712,0.001039510221,0.000347517728,0.002190511979,0.001309201885,0.003293545424,0.000480177718,0.002508020010,0.007824449641,0.002013329970,0.001503745058,0.002561052935,0.009657724729,0.001074823022,0.002869512901,0.001450143974,0.000927023201,0.000581297757,0.004548998004,0.001969813495,0.001797947558,0.000832481810,0.000396541364,0.002722374970,0.000602573999,0.000674777821,0.000705458840,0.000565605959,0.002865272416,0.003773260652,0.002658652257,0.002077024716,0.003529386754,0.000980825501,0.001239849453,0.001750580339,0.003321758649,0.000880881390,0.002046383841,0.001106700710,0.004673102967,0.002572589729,0.000331502032,0.007670818828,0.000549967996,0.000283189092,0.000863880440,0.000210558623,0.000221749242,0.000160612783,0.001279716979,0.000507524859,0.001394183872,0.001159592658,0.001783234673,0.002112998729,0.002481337232,0.004976758794,0.000508752169,0.010417951366,0.001068101199,0.001444652927,0.006580330964,0.001774992487,0.001332814929,0.002733363189,0.001705805688,0.000593265193,0.000663693390,0.002269908966,0.000500441359,0.002163262049,0.001027495544,0.001158297145,0.001329883032,0.000387758435,0.001683134026,0.001267658773,0.000456865380,0.000002555284,0.000134410281,0.001577535894,0.003277248884,0.000730989294,0.003327449621,0.003236632566,0.001655666164,0.005388114740,0.000525172629,0.000659469509,0.001718782578,0.004581206160,0.000953494153,0.002035089933,0.001270974398,0.005927945095,0.000114772409,0.001339563593,0.002729920595,0.004360768532,0.001914884778,0.001986898835,0.001916711870,0.005545603297,0.000998757546,0.000178331745,0.000376362116,0.001564674498,0.000908695231,0.005746623458,0.004401141217,0.002344846198,0.001925686666,0.000939232583,0.005855705602,0.001801320791,0.000637839583,0.002761397524,0.000613676372,0.002503560751,0.001268543700,0.001370268425
Milanese,0.001728836,0.002252971,0.001266355,0.000196762,0.005234791,0.000194250,0.002798415,0.002762506,0.000973662,0.001899419,0.001206393,0.001939616,0.002589334,0.000912205,0.001212136,0.001353798,0.001334004,0.000395556,0.000451744,0.008570223,0.001256398,0.006937740,0.000968857,0.008277694,0.002537142,0.002234552,0.003580734,0.001408987,0.001064633,0.001383587,0.000942646,0.001026647,0.001724092,0.004279773,0.004236513,0.001157384,0.000623300,0.002213982,0.001099276,0.005108597,0.000854669,0.001621049,0.000542531,0.005209676,0.001203307,0.000147400,0.000440888,0.000416613,0.001375126,0.001420526,0.000188974,0.000218414,0.002799654,0.003191640,0.001270596,0.002203954,0.002580207,0.000716311,0.002124115,0.001075906,0.003348432,0.001364206,0.000218160,0.002448413,0.007265675,0.001315142,0.005006691,0.003180333,0.001335887,0.000301182,0.000185540,0.001762408,0.006824819,0.003382593,0.001270417,0.000347221,0.001813221,0.000384058,0.001882477,0.000573937,0.001757894,0.013307128,0.000717702,0.000948569,0.001721397,0.006103855,0.005349073,0.005106458,0.001643081,0.002099231,0.005849451,0.000858326,0.003969268,0.000664561,0.001182789,0.000743587,0.001566138,0.000692901,0.004463071,0.000514594,0.001027184,0.002017270,0.000160691,0.000438351,0.000338050,0.002502134,0.000954041,0.000850015,0.000372277,0.000105913,0.002870374,0.001693746,0.001920147,0.001284993,0.004253007,0.005528849,0.002872190,0.000373099,0.002495879,0.000613858,0.002567507,0.003879347,0.001296445,0.002801185,0.005348957,0.002560327,0.001006939,0.000831262,0.000274397,0.001409151,0.003396594,0.000442866,0.003280957,0.003080171,0.002266636,0.002115220,0.000231893,0.005656186,0.002311527,0.001749830,0.002689656,0.000484785,0.000235674,0.003515532,0.002617740,0.002099064,0.000285096,0.001148662,0.003723280,0.000578727,0.003276412,0.003422201,0.002129700,0.003411126,0.001428766,0.005307366,0.001856639,0.005308375,0.001286607,0.001466717,0.001722533,0.000459492,0.000420807,0.000462857,0.001279738,0.001919094,0.001260654,0.002751416,0.000745068,0.002931476,0.000653762,0.001482961,0.003467299,0.002313522,0.001148547,0.001917322,0.000911307,0.003445931,0.003723405,0.002641456,0.001905262,0.001650305,0.002555818,0.000187792,0.000944782,0.000637744,0.001160686,0.001728929,0.004094954,0.001278707,0.000403670,0.000271122,0.003432539,0.003737720,0.003405252,0.004643545,0.000499170,0.000887128,0.004134855,0.003940841
SardinianNuoro,0.0014381315,0.0001716829,0.0039402219,0.0017394896,0.0035815359,0.0005101384,0.0008039600,0.0018705463,0.0016986748,0.0012641856,0.0009474639,0.0006341445,0.0006439185,0.0006469608,0.0007412057,0.0031609937,0.0031477001,0.0048324429,0.0033634057,0.0066235466,0.0013242004,0.0006481661,0.0019510525,0.0027830029,0.0025187341,0.0010474778,0.0018015149,0.0014195685,0.0004056442,0.0012340489,0.0003038893,0.0004151900,0.0023233433,0.0004667354,0.0009556905,0.0028834054,0.0018225503,0.0040520140,0.0019183365,0.0026330946,0.0005664450,0.0010664447,0.0007849512,0.0015330409,0.0015016572,0.0006091623,0.0018434567,0.0002779192,0.0004927728,0.0010996168,0.0019993184,0.0009156041,0.0041931971,0.0012446137,0.0038539328,0.0017515999,0.0033779472,0.0005578686,0.0021377252,0.0009388330,0.0015122440,0.0016023976,0.0009668118,0.0030470206,0.0013643686,0.0006587526,0.0021360084,0.0032235047,0.0058500780,0.0047063702,0.0223559285,0.0016132557,0.0015819246,0.0009926327,0.0004629754,0.0015203777,0.0007929593,0.0013422248,0.0035440231,0.0012789878,0.0026466747,0.0024849989,0.0023466622,0.0014554903,0.0022157082,0.0070678523,0.0072796735,0.0069494932,0.0008004856,0.0024528710,0.0061665662,0.0018510790,0.0007611912,0.0007322978,0.0004004183,0.0004272306,0.0019296064,0.0020117328,0.0019214763,0.0012383075,0.0002777227,0.0037977060,0.0004021183,0.0013379142,0.0004364072,0.0016035919,0.0009237950,0.0001242505,0.0003366637,0.0017234006,0.0010805812,0.0032423215,0.0002584132,0.0005883783,0.0029595367,0.0014893772,0.0013018603,0.0007257006,0.0016060398,0.0013527730,0.0024652676,0.0047971149,0.0003184713,0.0054135232,0.0010315767,0.0015881086,0.0002799836,0.0003077452,0.0023865293,0.0018785296,0.0019657465,0.0013985168,0.0042185722,0.0004911047,0.0011072761,0.0022722792,0.0009124236,0.0012981866,0.0009462596,0.0012352491,0.0023564923,0.0033670668,0.0001840376,0.0029865618,0.0061972519,0.0010980006,0.0007539054,0.0014902621,0.0019304609,0.0026158970,0.0022099453,0.0050916446,0.0015396627,0.0011860057,0.0044802809,0.0018302471,0.0067243039,0.0030284828,0.0023727625,0.0032981430,0.0007805037,0.0008268763,0.0004991191,0.0014963498,0.0008965171,0.0009879441,0.0003481815,0.0007821576,0.0033501856,0.0036155591,0.0003120499,0.0013366426,0.0085191305,0.0020658495,0.0048792365,0.0010909777,0.0034996819,0.0016081738,0.0044518371,0.0023178919,0.0014036550,0.0000256878,0.0011013305,0.0053234732,0.0007617349,0.0007432482,0.0037131785,0.0024705963,0.0006660577,0.0006223403,0.0001395849,0.0011205746,0.0009311524,0.0005683334,0.0003638831,0.0016984920,0.0016764536,0.0006095483,0.0043658720,0.0064336642
SardinianLogudoro,0.0006799711,0.0009048045,0.0009031576,0.0003929731,0.0012844751,0.0010926989,0.0006214067,0.0025275063,0.0011742757,0.0001458922,0.0010922006,0.0009929804,0.0012713198,0.0010763876,0.0015207523,0.0007701965,0.0005774751,0.0004205935,0.0000419074,0.0030212236,0.0018490445,0.0013302323,0.0008889332,0.0026828995,0.0020662825,0.0018048669,0.0017289540,0.0015341797,0.0006963149,0.0001040782,0.0003877064,0.0004649769,0.0015187823,0.0006612803,0.0008108152,0.0021180031,0.0002461671,0.0005288782,0.0000716070,0.0006652397,0.0002059124,0.0011680176,0.0003671895,0.0015256298,0.0014378082,0.0004820821,0.0006502873,0.0004886029,0.0002431601,0.0014495089,0.0007907395,0.0006355191,0.0022013275,0.0019622376,0.0003028519,0.0010064462,0.0014309173,0.0013156497,0.0004270303,0.0005771973,0.0005328735,0.0003665122,0.0009261994,0.0009490397,0.0004295697,0.0005757869,0.0026299456,0.0014013630,0.0008963666,0.0005092126,0.0135758747,0.0016558363,0.0012265255,0.0008760192,0.0010317367,0.0003357717,0.0008005842,0.0006308536,0.0014295433,0.0004832356,0.0011911883,0.0044823768,0.0013012360,0.0004773403,0.0003540427,0.0025873058,0.0009021031,0.0006435808,0.0018998672,0.0021175004,0.0022321776,0.0004964394,0.0010979302,0.0009020131,0.0004224088,0.0014635493,0.0016548705,0.0016105032,0.0016994341,0.0009300950,0.0001351934,0.0020103560,0.0014277662,0.0003398786,0.0003965803,0.0024964920,0.0001119822,0.0001867164,0.0005987262,0.0012243508,0.0006330420,0.0010542958,0.0002348426,0.0004427669,0.0042036877,0.0002342426,0.0005108180,0.0013364711,0.0013781679,0.0017283595,0.0001327054,0.0035641119,0.0012364389,0.0011666069,0.0011221206,0.0000484668,0.0000563477,0.0008444415,0.0011855844,0.0010011395,0.0013908044,0.0007230761,0.0013184497,0.0008147604,0.0032504186,0.0030720702,0.0020194915,0.0039812131,0.0008496754,0.0008941261,0.0012558634,0.0031923665,0.0009801735,0.0001594614,0.0015564884,0.0016977043,0.0004443103,0.0003763785,0.0006849125,0.0003400751,0.0002047613,0.0012993164,0.0002037721,0.0010142731,0.0028302428,0.0006297816,0.0021532375,0.0006112969,0.0015786760,0.0016135353,0.0008205178,0.0004563054,0.0011286161,0.0010187066,0.0005140804,0.0003682903,0.0005472222,0.0016598715,0.0010907650,0.0004537581,0.0007933042,0.0003913421,0.0033765947,0.0005272744,0.0002086382,0.0009414014,0.0009050527,0.0005670543,0.0005840328,0.0003214300,0.0003918804,0.0000921526,0.0013151344,0.0004247114,0.0009156300,0.0000939338,0.0005942905,0.0005663248,0.0033662365,0.0003168842,0.0003059353,0.0006547311,0.0005961659,0.0003483128,0.0011313781,0.0021424453,0.0012929911,0.0013797063,0.0002542048,0.0019755652
OldFrench,0.00102836546,0.00022286079,0.00124418970,0.00038110276,0.00069964899,0.00051641060,0.00033773025,0.00106998386,0.00025999998,0.00040756717,0.00057286538,0.00059873030,0.00168177841,0.00070112137,0.00057643380,0.00041492500,0.00086203564,0.00047869938,0.00162549595,0.00165600286,0.00080873253,0.00029130812,0.00019402190,0.00138849373,0.00122101855,0.00044974921,0.00065932160,0.00064560923,0.00079797240,0.00028614330,0.00049235136,0.00065878301,0.00086732870,0.00062902175,0.00073662703,0.00083557114,0.00060732958,0.00051530435,0.00052797490,0.00036447248,0.00061262058,0.00079328974,0.00063363700,0.00152673271,0.00100064091,0.00014246201,0.00033359485,0.00024365789,0.00049600024,0.00110752721,0.00051485310,0.00032906486,0.00062450350,0.00071403378,0.00026845922,0.00027410633,0.00091652165,0.00130394286,0.00057419400,0.00038912791,0.00070583096,0.00114284112,0.00021327622,0.00079688178,0.00041648580,0.00020637041,0.00168611882,0.00026416948,0.00016086856,0.00066631560,0.00056549065,0.00068732415,0.00077110659,0.00167500012,0.00048817417,0.00015478561,0.00048412142,0.00010394447,0.00002797976,0.00039392437,0.00010303043,0.00155151687,0.00052429867,0.00050373556,0.00007819822,0.00096591581,0.00126120613,0.00115472407,0.00093892365,0.00026534130,0.00157158339,0.00016472118,0.00104807139,0.00110085659,0.00113975520,0.00047429261,0.00083027797,0.00123229555,0.00049686795,0.00085384200,0.00051532338,0.00094327772,0.00066984184,0.00058930853,0.00037795930,0.00095269169,0.00204035411,0.00151830423,0.00054015143,0.00155199654,0.00168818461,0.00017172077,0.00067487022,0.00054383885,0.00076518819,0.00078587847,0.00014914348,0.00100166800,0.00046624944,0.00068256957,0.00120813154,0.00211818685,0.00093239058,0.00032301118,0.00026120183,0.00036114652,0.00049605348,0.00034502883,0.00050902078,0.00020637209,0.00079880460,0.00043124962,0.00098299697,0.00041337213,0.00115386240,0.00127961320,0.00090687162,0.00093122808,0.00041325220,0.00004093937,0.00098776986,0.00124430929,0.00081154607,0.00093196522,0.00052017192,0.00138091173,0.00078168003,0.00048264401,0.00084340436,0.00197154894,0.00204547671,0.00123627275,0.00053737762,0.00056303311,0.00112465563,0.00188491020,0.00087142690,0.00000439682,0.00053957792,0.00080870215,0.00023457882,0.00035489903,0.00043945954,0.00075534643,0.00038786154,0.00012023039,0.00046416348,0.00036797133,0.00016198386,0.00085664942,0.00067639148,0.00042426236,0.00065552650,0.00021990484,0.00011845963,0.00066388351,0.00065070370,0.00026435646,0.00048886626,0.00050476467,0.00089600689,0.00115662814,0.00106834749,0.00105555284,0.00063408660,0.00033932416,0.00063812365,0.00070143480,0.00185628982,0.00034893030,0.00093080693,0.00046812853,0.00110040115,0.00153604847,0.00108141363,0.00038669753,0.00121063394,0.00080660654,0.00069393995,0.00150112913
AngloNorman,0.000939279378,0.002166856806,0.000177335698,0.002015978272,0.000482327947,0.000747266335,0.000283598192,0.001599150102,0.000371833826,0.001539128558,0.000983265550,0.002611171247,0.001343725783,0.000522121989,0.002227274642,0.001292089762,0.001230296311,0.004108301846,0.000521027586,0.000567939097,0.001103493357,0.000463365287,0.000847481211,0.008110891244,0.000495502696,0.000656840706,0.001105921193,0.000271812072,0.000569783896,0.000235084169,0.001293139193,0.001125483441,0.002857729469,0.000582955175,0.000733130937,0.000905648982,0.001304647199,0.000607250767,0.000257644927,0.001633833754,0.001665772423,0.000194911854,0.000291533391,0.000666102403,0.001007754903,0.000446433628,0.001580889111,0.000606643818,0.000095272018,0.003041406516,0.000448572225,0.000911239829,0.000743186134,0.002744461257,0.000280399714,0.000225109048,0.000320353146,0.000688832494,0.000905773481,0.000468849612,0.000684277938,0.003128864563,0.003006926471,0.001552389437,0.001597266634,0.000385981294,0.001588187372,0.000434196772,0.000505177512,0.000712724136,0.001665339168,0.000986381006,0.001066882523,0.000116538982,0.000846036438,0.000983067043,0.000242998847,0.001419006986,0.000375399662,0.001053865379,0.000807007710,0.004448051839,0.000518194896,0.000229416594,0.000743859877,0.006506578680,0.004166325871,0.003311104794,0.001358461074,0.002842682789,0.000561598961,0.001190882792,0.000381459997,0.000880233227,0.000582890397,0.001651501541,0.001030142448,0.002315384950,0.000553873304,0.000682873574,0.001268400141,0.001582649153,0.000328365639,0.000624287522,0.001141723058,0.001624721793,0.003448747324,0.000828462228,0.002613381322,0.000837985439,0.001780067449,0.000517753568,0.000062930668,0.000739699778,0.002431060396,0.002308696535,0.000346441642,0.001007071331,0.000581407597,0.000358629099,0.000566914445,0.002678758683,0.000356511020,0.000000366159,0.000124306646,0.000631985270,0.001402479067,0.000225575114,0.001835056319,0.000776988667,0.001483126014,0.000312149865,0.001858994344,0.002323616224,0.004169000854,0.002270450127,0.000274235334,0.000782379937,0.000902917934,0.001279831782,0.000584739084,0.002736346667,0.002490310308,0.001353427600,0.000342104135,0.001156188802,0.000337147230,0.000948452847,0.000793198104,0.000955307253,0.000108700054,0.000569589008,0.000768965053,0.000631931500,0.000898833001,0.002239939992,0.002455879282,0.001026138052,0.001186213780,0.001754428217,0.000059063168,0.000512320670,0.000272331673,0.000598198231,0.000063963308,0.001170278565,0.000852077230,0.000178639933,0.000862816035,0.000403324368,0.000189140873,0.001464446527,0.001946566318,0.000722222175,0.002945751967,0.001006512183,0.000638483023,0.000492049323,0.001599901098,0.000021040776,0.000468044319,0.000722746149,0.001429196319,0.001641334483,0.000431161206,0.000294332953,0.001280183017,0.001893528250,0.003181741085,0.003967150244,0.001776055318,0.000339641674,0.000898716978,0.000734683732,0.000662606975,0.000589560417,0.000385385362,0.001552295594,0.000907572233,0.002881840478
French,0.0006177058,0.0002834451,0.0004264264,0.0003050941,0.0005007983,0.0000747817,0.0000349882,0.0010325935,0.0001842781,0.0004028408,0.0000897067,0.0006103146,0.0004988762,0.0002007709,0.0000810472,0.0004426514,0.0002690111,0.0013146649,0.0006058216,0.0002207063,0.0000894640,0.0018298159,0.0003512435,0.0001245495,0.0022398051,0.0010368238,0.0004289572,0.0007552809,0.0003944560,0.0002836808,0.0000224748,0.0007660022,0.0004862744,0.0005950123,0.0000336165,0.0007698265,0.0006589462,0.0010324203,0.0006623253,0.0004261615,0.0005355002,0.0010601241,0.0001174014,0.0013453388,0.0003559780,0.0001076572,0.0004504547,0.0006730709,0.0002589223,0.0007462229,0.0004593663,0.0008213573,0.0004460850,0.0007386709,0.0006295592,0.0001084101,0.0017134704,0.0006091662,0.0002890226,0.0002033504,0.0002331474,0.0006575581,0.0005391349,0.0008622178,0.0010004805,0.0002202559,0.0017258962,0.0005056541,0.0003518012,0.0004611353,0.0033719757,0.0007337304,0.0022302509,0.0002034122,0.0008414148,0.0005989303,0.0002276772,0.0005363581,0.0002341938,0.0005021488,0.0002390949,0.0032052673,0.0007660959,0.0002776248,0.0002996714,0.0009827765,0.0025662700,0.0010726995,0.0009853064,0.0019403210,0.0009780636,0.0002591297,0.0008895366,0.0014761991,0.0005156605,0.0011324184,0.0001510591,0.0016350881,0.0009178624,0.0004900341,0.0002514794,0.0021770890,0.0003072713,0.0007514765,0.0005661359,0.0016519078,0.0007015451,0.0000924670,0.0012694347,0.0005435801,0.0022076402,0.0005094729,0.0001145077,0.0001217968,0.0001574030,0.0010205172,0.0000785797,0.0004543883,0.0005311646,0.0004521565,0.0012212753,0.0022838427,0.0002805364,0.0001109038,0.0002222483,0.0006644430,0.0003415114,0.0001971854,0.0002449362,0.0006684821,0.0004035292,0.0003396942,0.0007311954,0.0000998630,0.0008131565,0.0012506472,0.0005574648,0.0003503811,0.0004654204,0.0004578905,0.0015367445,0.0023122148,0.0010419280,0.0013165485,0.0003067820,0.0004162574,0.0008627635,0.0004805217,0.0007945968,0.0006715649,0.0005458295,0.0005913189,0.0001265965,0.0024099440,0.0005752169,0.0006817087,0.0009875373,0.0000774488,0.0003889886,0.0002151644,0.0003850152,0.0005679835,0.0000668712,0.0005302000,0.0001533904,0.0002682468,0.0003486860,0.0000973152,0.0005367554,0.0007205824,0.0004959977,0.0007228744,0.0000941053,0.0001527692,0.0010976532,0.0004863775,0.0004134854,0.0001898922,0.0011916482,0.0004987672,0.0000303816,0.0003763879,0.0009308963,0.0001397358,0.0006850426,0.0000269293,0.0003523316,0.0006398409,0.0010722252,0.0000542558,0.0009119264,0.0009498029,0.0009911571,0.0001150971,0.0001917271,0.0009466826,0.0004467341,0.0001817455,0.0001997075,0.0009458641
Walloon,0.0006118965,0.0003995370,0.0019652552,0.0005071263,0.0003603186,0.0004338220,0.0012752667,0.0017757932,0.0024411067,0.0006719716,0.0021340925,0.0003567646,0.0013707277,0.0008009017,0.0006492774,0.0005461164,0.0018844109,0.0019717467,0.0020423304,0.0005696413,0.0027581764,0.0031271347,0.0005944801,0.0019309968,0.0025592482,0.0005189081,0.0020628959,0.0019594680,0.0009370161,0.0001533262,0.0005000886,0.0022888411,0.0032945280,0.0034590901,0.0014966954,0.0012285966,0.0001750440,0.0011437373,0.0008953201,0.0025029990,0.0031876254,0.0002328882,0.0009226233,0.0034995201,0.0054496833,0.0003169570,0.0007530690,0.0015101480,0.0012046769,0.0027220466,0.0019013129,0.0004232000,0.0017547717,0.0014609746,0.0007768372,0.0002965885,0.0011116654,0.0014473020,0.0006103559,0.0005171193,0.0014622667,0.0002057019,0.0022498290,0.0030561628,0.0050727077,0.0007691962,0.0002289194,0.0024704232,0.0000792273,0.0023921494,0.0002150251,0.0000337612,0.0008358276,0.0006674774,0.0009806699,0.0017649488,0.0008540394,0.0013111232,0.0007609032,0.0006183531,0.0003746590,0.0048737503,0.0014141128,0.0001609059,0.0012376363,0.0005340324,0.0015333195,0.0065676004,0.0029358612,0.0017152840,0.0055148787,0.0005627061,0.0002073979,0.0014216311,0.0008152560,0.0033202053,0.0025211137,0.0026152059,0.0020835305,0.0008586811,0.0016231064,0.0042286795,0.0002957412,0.0007121690,0.0001162062,0.0028001470,0.0018260176,0.0011395340,0.0003435361,0.0016866261,0.0003163703,0.0002715739,0.0002811113,0.0022023643,0.0007846320,0.0014050820,0.0000557844,0.0018203079,0.0007623827,0.0007585306,0.0022072442,0.0043446210,0.0008427579,0.0014846330,0.0020982021,0.0043595467,0.0002602217,0.0004171529,0.0006414267,0.0007606673,0.0008190760,0.0011955617,0.0008769824,0.0015124010,0.0013267821,0.0043171626,0.0012604303,0.0044342108,0.0011375675,0.0014249027,0.0017551971,0.0013335513,0.0009059427,0.0025097149,0.0001459372,0.0041937815,0.0015486323,0.0003841932,0.0010833317,0.0004823708,0.0001333981,0.0026884583,0.0006406713,0.0038373619,0.0050625662,0.0032857954,0.0032824339,0.0011963612,0.0012578285,0.0012433869,0.0015482679,0.0003737839,0.0022551365,0.0013316775,0.0007491286,0.0007670019,0.0004486848,0.0015322491,0.0006728014,0.0016922761,0.0011537319,0.0006934268,0.0020363359,0.0013832396,0.0004835217,0.0028497712,0.0011628664,0.0013670087,0.0009146408,0.0012754773,0.0007419244,0.0003447237,0.0009987319,0.0003294454,0.0012714877,0.0013259289,0.0006840200,0.0022906045,0.0047857716,0.0018690928,0.0006609528,0.0014049944,0.0014311177,0.0006519667,0.0019781481,0.0001743292,0.0015251578,0.0013535772,0.0007864050,0.0030393312
OldOccitan,0.001042296,0.000387237,0.002195403,0.002624209,0.001984740,0.002909839,0.000609756,0.000542163,0.000917036,0.001270678,0.002582674,0.001829673,0.002302817,0.002550641,0.001361896,0.001057626,0.001098717,0.002118846,0.001337848,0.004699709,0.000883720,0.004514097,0.001109981,0.006505961,0.002819183,0.001417823,0.001377414,0.002276642,0.001282090,0.000296483,0.001533720,0.000522456,0.001237841,0.001494399,0.001899224,0.001655909,0.001568541,0.002826363,0.000283540,0.000268015,0.002413331,0.001185009,0.001179375,0.000974796,0.005856150,0.000933294,0.001340921,0.000334749,0.001690657,0.001677674,0.001743661,0.002103910,0.002558220,0.001892649,0.003132922,0.001949219,0.001708212,0.000693733,0.001858402,0.001617060,0.001994776,0.000957781,0.002783564,0.001284235,0.003988451,0.001439091,0.001715577,0.001665978,0.000390714,0.003491331,0.008820171,0.000625845,0.001702438,0.002499779,0.000785976,0.001764279,0.000850571,0.002298855,0.001025855,0.001417273,0.000563099,0.005385430,0.002627953,0.002524640,0.000979696,0.003805969,0.003570419,0.003408477,0.003769470,0.001442524,0.002240352,0.000901874,0.001243027,0.002058028,0.001633235,0.001495825,0.003404741,0.002819709,0.001012205,0.000649610,0.000332873,0.002480331,0.000891961,0.000343486,0.000879895,0.003807813,0.004103628,0.001437562,0.002807191,0.002229939,0.001945449,0.001266290,0.000861964,0.001862602,0.005975396,0.001376877,0.002074811,0.002868279,0.000719109,0.003318701,0.002917734,0.007449568,0.002736340,0.001333358,0.000884694,0.001723740,0.001225267,0.002051075,0.001077451,0.001704985,0.002199333,0.000750001,0.001674024,0.002238779,0.001561023,0.003214410,0.000983975,0.004947857,0.001443759,0.002321538,0.000908564,0.003440248,0.000988700,0.005052096,0.001576977,0.004192466,0.000445014,0.001708693,0.001913501,0.001736337,0.003539081,0.001220096,0.000872830,0.003793663,0.003085824,0.003474911,0.003103126,0.002370281,0.001717877,0.001117351,0.001865083,0.000959398,0.002892526,0.001912545,0.001439105,0.001410938,0.000591967,0.001266265,0.002892775,0.003235150,0.000497013,0.001213100,0.002630369,0.003225874,0.001215119,0.003025886,0.001242125,0.000963971,0.001135163,0.002006268,0.002280335,0.001861445,0.002639914,0.001611790,0.001508045,0.000873284,0.001393260,0.004143501,0.004574921,0.001840600,0.001020788,0.000814957,0.000661865,0.001561395,0.002194522,0.001326229,0.001887002,0.000953509,0.001350489,0.002819220
FrancoProvencal,0.0012365576,0.0012232192,0.0011610769,0.0005381229,0.0002672596,0.0000409875,0.0018200008,0.0034023404,0.0005128626,0.0010956408,0.0018571361,0.0028822167,0.0021558655,0.0011931357,0.0004072683,0.0010976746,0.0030011501,0.0033251585,0.0014713373,0.0048556075,0.0020663646,0.0046834084,0.0009941870,0.0067673232,0.0031864018,0.0009816658,0.0000354682,0.0010353223,0.0007329904,0.0001163555,0.0021713350,0.0024673711,0.0032585711,0.0047177151,0.0018623689,0.0023316017,0.0014038623,0.0029062129,0.0005641251,0.0031332580,0.0044140579,0.0014068920,0.0015357415,0.0062299251,0.0036686535,0.0004922022,0.0010905487,0.0024278146,0.0014377264,0.0027514476,0.0017888244,0.0002314873,0.0008509677,0.0048285755,0.0018848881,0.0017999101,0.0027426403,0.0019131886,0.0026559399,0.0009114410,0.0016947870,0.0011536225,0.0004089457,0.0032777379,0.0003055690,0.0006972120,0.0021048357,0.0024076218,0.0011009455,0.0026264067,0.0081191570,0.0023478739,0.0022358818,0.0004658617,0.0007040385,0.0007814369,0.0020686250,0.0006426172,0.0003594659,0.0007550087,0.0020970739,0.0029697385,0.0011375745,0.0009577051,0.0013689939,0.0084415970,0.0013511310,0.0018204928,0.0026220230,0.0017362903,0.0012649258,0.0012750508,0.0016762148,0.0007555333,0.0003317342,0.0028522273,0.0022416907,0.0019739885,0.0003366171,0.0006314387,0.0015103512,0.0064817519,0.0005349567,0.0010099855,0.0002265013,0.0041129459,0.0019958267,0.0023931296,0.0022033656,0.0046931520,0.0054168322,0.0009969935,0.0000704979,0.0004929745,0.0027113467,0.0043452035,0.0003012106,0.0014285244,0.0025983426,0.0037191706,0.0019498591,0.0076316847,0.0015635424,0.0001847214,0.0024343806,0.0010909966,0.0010713383,0.0014646373,0.0016864589,0.0017644237,0.0016221055,0.0013470038,0.0046803270,0.0007085078,0.0009070748,0.0043746272,0.0024560498,0.0043361052,0.0022041622,0.0013732005,0.0030163466,0.0033675984,0.0013201827,0.0007551607,0.0011761039,0.0032519447,0.0004156139,0.0012759001,0.0010822446,0.0021813588,0.0041629896,0.0015319105,0.0016237252,0.0045916676,0.0029297502,0.0028684593,0.0068717239,0.0029864202,0.0025399048,0.0009408260,0.0018439350,0.0010048363,0.0012735896,0.0020264796,0.0010157880,0.0022780079,0.0013288948,0.0000466945,0.0028135035,0.0011804196,0.0005040567,0.0010926594,0.0033131298,0.0029611740,0.0008520107,0.0005118088,0.0017124780,0.0018042072,0.0017676865,0.0027303276,0.0002171294,0.0020594548,0.0002958617,0.0018684018,0.0011385265,0.0008640283,0.0004997213,0.0066480062,0.0017191507,0.0001609170,0.0024780174,0.0016084329,0.0003985481,0.0003173279,0.0011487477,0.0009622562,0.0026921939,0.0005011246,0.0018058580,0.0030154499
OldCatalan,0.0007571748,0.0000144739,0.0006597265,0.0001051536,0.0004889810,0.0015751592,0.0001123812,0.0011493453,0.0008029578,0.0007539473,0.0008994567,0.0005109984,0.0011962401,0.0013458648,0.0009877553,0.0003336812,0.0011717065,0.0001759150,0.0005600140,0.0032174462,0.0009801032,0.0008473987,0.0007081459,0.0048419222,0.0008685427,0.0007631866,0.0004327456,0.0010681638,0.0010196843,0.0006351425,0.0001037840,0.0004390998,0.0003397929,0.0004609867,0.0008409061,0.0014573597,0.0009384311,0.0010610045,0.0017438247,0.0011090973,0.0001238922,0.0007382403,0.0012960665,0.0011011417,0.0010055014,0.0003796529,0.0007394231,0.0002960023,0.0004904610,0.0012412342,0.0000937719,0.0003838845,0.0013391373,0.0019549923,0.0002745912,0.0006732935,0.0009329222,0.0005756912,0.0005982569,0.0008121551,0.0009862131,0.0006206334,0.0005572587,0.0007103846,0.0004620686,0.0011001006,0.0012450178,0.0006173731,0.0005857142,0.0008625905,0.0090515666,0.0009185417,0.0018307651,0.0015225154,0.0002569457,0.0003661717,0.0006167699,0.0011035996,0.0008634486,0.0008853013,0.0018490438,0.0046391462,0.0002969454,0.0004085171,0.0005335465,0.0017488599,0.0026254910,0.0007488469,0.0023536165,0.0005514367,0.0020528455,0.0006566773,0.0015733777,0.0009380254,0.0008551749,0.0012471966,0.0010869415,0.0012560083,0.0010927872,0.0003136200,0.0003086371,0.0008572178,0.0004263479,0.0005712562,0.0005333582,0.0019848542,0.0007512380,0.0010120105,0.0007798207,0.0011162375,0.0011921294,0.0016565731,0.0004817045,0.0002372379,0.0017461194,0.0012366473,0.0006028583,0.0006895209,0.0005394763,0.0001933520,0.0018134945,0.0037029824,0.0007786394,0.0003646896,0.0007979451,0.0005029789,0.0006241674,0.0001472774,0.0005122279,0.0011655330,0.0004525020,0.0006530910,0.0003869677,0.0005955440,0.0004895311,0.0013181781,0.0004637448,0.0023763147,0.0010027181,0.0008431893,0.0009788777,0.0008612113,0.0008349391,0.0023881503,0.0008118816,0.0014282259,0.0004072947,0.0005119850,0.0006782033,0.0007702289,0.0005994977,0.0009523103,0.0000856151,0.0011603948,0.0021188470,0.0008158458,0.0019211892,0.0000795437,0.0015872256,0.0013340936,0.0003232547,0.0002348481,0.0011031052,0.0008070983,0.0005120842,0.0003115866,0.0009335196,0.0005377093,0.0009218356,0.0003998186,0.0002412561,0.0002368142,0.0007026273,0.0000888197,0.0001080865,0.0007731572,0.0006523355,0.0002703460,0.0006825666,0.0009400855,0.0002503434,0.0005806946,0.0002452692,0.0022335157,0.0006184706,0.0004356701,0.0006261310,0.0020707059,0.0006004018,0.0005295209,0.0003897158,0.0012599645,0.0013469841,0.0009252074,0.0011653822,0.0008631806,0.0009361140,0.0002942429,0.0006393877,0.0008065038
Catalan,0.0005768710,0.0010954148,0.0009040964,0.0002032143,0.0014090310,0.0010995136,0.0003646437,0.0007128480,0.0000338297,0.0013115525,0.0002496616,0.0010333240,0.0021685867,0.0006836924,0.0012172163,0.0010980686,0.0012597382,0.0010693601,0.0034397260,0.0008332393,0.0007649272,0.0021939062,0.0010472563,0.0087547948,0.0003946718,0.0004963404,0.0003084373,0.0013288369,0.0004331950,0.0000394366,0.0003588560,0.0005050278,0.0015522221,0.0008516493,0.0008041224,0.0003284977,0.0010146916,0.0015026642,0.0009354877,0.0004885542,0.0017238912,0.0005392586,0.0000977655,0.0006881810,0.0014188800,0.0006269847,0.0006604252,0.0017665616,0.0006987259,0.0013627752,0.0001060524,0.0001352509,0.0016458540,0.0011480758,0.0004073783,0.0001121807,0.0014010775,0.0004156212,0.0009402600,0.0004453048,0.0003563131,0.0007304457,0.0004339615,0.0015134561,0.0008349048,0.0011132500,0.0002869791,0.0015840343,0.0004959185,0.0007177135,0.0021600715,0.0008911330,0.0027855843,0.0002414500,0.0002295293,0.0005724501,0.0002438746,0.0015447052,0.0004591102,0.0002069676,0.0016766928,0.0011803841,0.0006071997,0.0011994674,0.0003197913,0.0038456940,0.0013910327,0.0007495233,0.0008351304,0.0010305303,0.0011614277,0.0002206450,0.0003934507,0.0000466624,0.0004151487,0.0021227197,0.0005039672,0.0010568064,0.0002994198,0.0003534986,0.0000507245,0.0006587426,0.0003013924,0.0007585907,0.0009832710,0.0019065652,0.0014070309,0.0018431916,0.0008123534,0.0023738279,0.0030925860,0.0010713267,0.0003768826,0.0006693593,0.0023729209,0.0004776165,0.0001349399,0.0000895190,0.0010492650,0.0004912179,0.0025294807,0.0036220597,0.0004548490,0.0003736616,0.0005920728,0.0002522781,0.0003031714,0.0002667664,0.0003690634,0.0018806276,0.0014023029,0.0002564771,0.0001699056,0.0007380060,0.0018387765,0.0006584319,0.0009858760,0.0006921190,0.0006533069,0.0001475366,0.0009181266,0.0006840224,0.0010966997,0.0035727534,0.0013720962,0.0015202123,0.0002315734,0.0004716284,0.0006190233,0.0006101282,0.0004356776,0.0005607017,0.0002651388,0.0025435672,0.0018790437,0.0014417068,0.0004678615,0.0004336999,0.0004861847,0.0010556313,0.0002177603,0.0002396112,0.0016829410,0.0004015309,0.0010597650,0.0013654746,0.0006064493,0.0003461370,0.0011275821,0.0007021294,0.0003780379,0.0006868652,0.0015392494,0.0001535903,0.0004464095,0.0011599018,0.0010414628,0.0014390580,0.0002483246,0.0007761783,0.0005969154,0.0000948777,0.0011873739,0.0002681126,0.0014685658,0.0001484075,0.0004420164,0.0013780467,0.0008849040,0.0004317139,0.0009061734,0.0002272444,0.0011674381,0.0001099944,0.0000550090,0.0002262659,0.0006998635,0.0016137128,0.0002190418,0.0004331643
OldSpanish,0.0010102567,0.0002698278,0.0021817853,0.0010837547,0.0022633831,0.0015274109,0.0018986138,0.0021425574,0.0018968180,0.0008831464,0.0020781242,0.0008955079,0.0014273947,0.0011336848,0.0010915112,0.0007939270,0.0003269547,0.0007118198,0.0003021781,0.0003695033,0.0010691879,0.0010351917,0.0013006599,0.0044723315,0.0019253390,0.0000969172,0.0016680973,0.0010604320,0.0008396377,0.0005538315,0.0012829621,0.0006169179,0.0011666898,0.0005377873,0.0007361442,0.0005456609,0.0010397903,0.0020379509,0.0012604814,0.0010121572,0.0029278453,0.0006975947,0.0005010803,0.0026819903,0.0038698489,0.0003156405,0.0005190730,0.0022202725,0.0010093361,0.0008837422,0.0014510734,0.0017999369,0.0009309509,0.0012480765,0.0014345324,0.0013073255,0.0016091171,0.0006721734,0.0004252345,0.0003437020,0.0009158731,0.0015600676,0.0010300382,0.0008551059,0.0037661994,0.0014770713,0.0028197762,0.0005178433,0.0015448870,0.0024437788,0.0066457439,0.0012434365,0.0011890835,0.0007755715,0.0008228727,0.0013205334,0.0002782065,0.0012058480,0.0007738105,0.0007577407,0.0003570890,0.0040804710,0.0015668997,0.0017095487,0.0001247381,0.0031772439,0.0026195771,0.0025007624,0.0028571443,0.0013748243,0.0021584181,0.0009254810,0.0009426317,0.0018347085,0.0010471442,0.0011867304,0.0012403788,0.0029353786,0.0017879379,0.0006967000,0.0007065865,0.0018888265,0.0010653409,0.0006077603,0.0014443515,0.0034852193,0.0024434298,0.0013797596,0.0018745682,0.0022125894,0.0003260604,0.0012960058,0.0008039410,0.0010177587,0.0064832695,0.0013065795,0.0009530021,0.0019844425,0.0013691154,0.0018659545,0.0030672305,0.0055286241,0.0013727967,0.0008850788,0.0015771219,0.0010556954,0.0003819719,0.0026192152,0.0026562044,0.0010424104,0.0011372909,0.0011377312,0.0023913245,0.0005020561,0.0007168488,0.0034096291,0.0016007093,0.0018178008,0.0009671988,0.0009090231,0.0013469486,0.0026621228,0.0009631117,0.0002721038,0.0006579279,0.0016266913,0.0012534993,0.0012138254,0.0006703466,0.0008446158,0.0001689900,0.0008825847,0.0020219426,0.0017781674,0.0021715112,0.0009555308,0.0016746515,0.0007657214,0.0010752963,0.0004691723,0.0003635835,0.0008244353,0.0019065029,0.0002860343,0.0006116248,0.0008423442,0.0004700141,0.0009914691,0.0019499875,0.0009234393,0.0009653039,0.0002656995,0.0017059224,0.0011101255,0.0031151335,0.0008771137,0.0013244202,0.0008634727,0.0006912451,0.0016273789,0.0019470202,0.0009563257,0.0013628608,0.0007244578,0.0015655091,0.0007468212,0.0008867944,0.0017888809,0.0013425302,0.0024998962,0.0009935810,0.0005065288,0.0003860862,0.0006497084,0.0012478202,0.0009433270,0.0016100756,0.0021963258,0.0021833035,0.0016065100
Spanish,0.0003663258,0.0002140902,0.0006152651,0.0010299178,0.0017472042,0.0017753106,0.0009236081,0.0019016967,0.0013773902,0.0013669510,0.0013547585,0.0006850798,0.0010473753,0.0005435887,0.0004099036,0.0013330517,0.0015197013,0.0023495349,0.0027061569,0.0002117742,0.0000184784,0.0006522066,0.0006392682,0.0131612644,0.0018781844,0.0014057037,0.0019800212,0.0013779858,0.0012102797,0.0003130666,0.0013260957,0.0012974079,0.0012165335,0.0009396036,0.0019738193,0.0000880424,0.0002068589,0.0026691003,0.0006910594,0.0008030185,0.0026500760,0.0005231719,0.0002870420,0.0001332548,0.0005179545,0.0007917718,0.0005089064,0.0006764011,0.0002579936,0.0009847537,0.0004033164,0.0006643318,0.0017674813,0.0007186853,0.0028481942,0.0010478219,0.0004702800,0.0006601553,0.0012399778,0.0025731522,0.0002685460,0.0006343487,0.0001298746,0.0017971501,0.0007979988,0.0007601155,0.0021894044,0.0002840673,0.0003765798,0.0044175686,0.0047142237,0.0006035091,0.0019905303,0.0017216282,0.0010709428,0.0012707866,0.0004958410,0.0006586903,0.0010958742,0.0012703851,0.0025674889,0.0026541752,0.0007376473,0.0020820037,0.0001730677,0.0010767468,0.0009661870,0.0016505494,0.0037908373,0.0015899332,0.0011362917,0.0018976637,0.0014274823,0.0019660101,0.0018317403,0.0017806004,0.0014610928,0.0005383806,0.0018483759,0.0003328798,0.0003179434,0.0016233661,0.0000993728,0.0004692201,0.0001921887,0.0027903516,0.0018265544,0.0001049825,0.0012856316,0.0018436774,0.0014781578,0.0009721142,0.0011960193,0.0008072562,0.0004603492,0.0009917668,0.0012277448,0.0019077053,0.0017664174,0.0003868905,0.0004132018,0.0034841745,0.0006723336,0.0011228399,0.0009434411,0.0004549480,0.0009141601,0.0002169189,0.0013505709,0.0017378757,0.0012288143,0.0007810811,0.0017334626,0.0002634637,0.0011212096,0.0016090017,0.0016258194,0.0007637195,0.0011771393,0.0012548912,0.0012635408,0.0023670221,0.0020988136,0.0028699978,0.0009750841,0.0037630660,0.0006894697,0.0007311334,0.0003675269,0.0005458019,0.0004560637,0.0016416580,0.0006435593,0.0019212846,0.0008768662,0.0031944727,0.0017998778,0.0001735610,0.0003501548,0.0010484188,0.0005632550,0.0008699118,0.0014218714,0.0022597072,0.0000843033,0.0021400335,0.0007779996,0.0011223755,0.0003926464,0.0014585552,0.0004798196,0.0002616303,0.0006881960,0.0013432337,0.0012260878,0.0014392793,0.0009188544,0.0005247769,0.0001666857,0.0006496243,0.0019723740,0.0003006895,0.0019391677,0.0001173809,0.0004894475,0.0015079627,0.0002763890,0.0000634903,0.0055942562,0.0000585403,0.0009165763,0.0008785925,0.0031697885,0.0003316148,0.0003137232,0.0018148462,0.0017208495,0.0013028009,0.0014179531,0.0021097867
Portuguese,0.0000780528,0.0002562421,0.0002959614,0.0002623299,0.0001571372,0.0005994709,0.0000946352,0.0001439107,0.0001302427,0.0002308395,0.0004084329,0.0003439368,0.0003328416,0.0001586012,0.0000101489,0.0002897962,0.0002112998,0.0001607304,0.0006716718,0.0005677896,0.0003534988,0.0000766879,0.0000552589,0.0011208036,0.0009170844,0.0005070042,0.0000726179,0.0006961414,0.0003508562,0.0006329713,0.0000387180,0.0006392592,0.0002776216,0.0001965855,0.0002501849,0.0001134136,0.0001473538,0.0001153758,0.0004845662,0.0001557472,0.0004599357,0.0001511639,0.0002626429,0.0004937155,0.0018069386,0.0001530527,0.0004278439,0.0002650650,0.0001263561,0.0002115834,0.0004152688,0.0003683165,0.0011776422,0.0001541843,0.0002464995,0.0000982088,0.0001771940,0.0008325094,0.0002136031,0.0003046043,0.0002915521,0.0003943734,0.0002129777,0.0009231845,0.0003959546,0.0002977887,0.0009593431,0.0003634076,0.0000514409,0.0007045326,0.0020119286,0.0003295082,0.0014266556,0.0003393455,0.0005289701,0.0003751108,0.0000253620,0.0008099469,0.0003576251,0.0001543039,0.0009647778,0.0008107763,0.0003843933,0.0005085205,0.0000290860,0.0013586664,0.0001398356,0.0001160702,0.0013484338,0.0013475301,0.0004739723,0.0002637631,0.0001314685,0.0003981306,0.0004458094,0.0001062363,0.0002813108,0.0003607676,0.0005178014,0.0003461524,0.0003106074,0.0010423829,0.0001726572,0.0004507840,0.0003271246,0.0006712176,0.0000505169,0.0006852382,0.0000126263,0.0006776493,0.0007099455,0.0001477003,0.0002259400,0.0001199906,0.0002377454,0.0004294872,0.0001819747,0.0006753392,0.0005098313,0.0001822111,0.0002638779,0.0020673655,0.0003592509,0.0003560563,0.0003205022,0.0000738000,0.0004979456,0.0002978721,0.0011259913,0.0002236369,0.0005780787,0.0001677582,0.0001229332,0.0000888620,0.0008680077,0.0008011467,0.0001037048,0.0010866344,0.0002237444,0.0004323043,0.0002676887,0.0010558844,0.0005435610,0.0002784677,0.0002279613,0.0001909208,0.0001480151,0.0004571786,0.0003187494,0.0006031693,0.0007160323,0.0002236531,0.0001375290,0.0005914859,0.0006943448,0.0001635485,0.0003648233,0.0000731553,0.0000822264,0.0002085194,0.0001909938,0.0000730916,0.0005384813,0.0004132785,0.0002331269,0.0000438602,0.0002283420,0.0001450979,0.0000722499,0.0002471457,0.0001922552,0.0002072766,0.0009062408,0.0002854432,0.0002119753,0.0002745188,0.0004017204,0.0002021680,0.0003034291,0.0001040033,0.0001547934,0.0000255573,0.0003083514,0.0004065554,0.0002136868,0.0000684742,0.0002868962,0.0006787580,0.0006950574,0.0002438981,0.0000434490,0.0003788589,0.0002662860,0.0006445871,0.0002427872,0.0000887759,0.0005011088,0.0003462130,0.0000685791,0.0003059248
PortugueseBrazilian,0.0006656498,0.0005672050,0.0018664347,0.0011670322,0.0012138226,0.0006708875,0.0011506727,0.0015686725,0.0012938461,0.0006683902,0.0008945350,0.0006171191,0.0001603260,0.0008958600,0.0013053771,0.0015940340,0.0010026985,0.0016731779,0.0021924919,0.0026319899,0.0010598760,0.0006227743,0.0010378830,0.0079144152,0.0018694155,0.0013378138,0.0019874452,0.0004754311,0.0010607622,0.0006345753,0.0005782556,0.0016118134,0.0013416015,0.0014636528,0.0007775809,0.0008536444,0.0010523941,0.0020659525,0.0006096332,0.0020367362,0.0005084342,0.0008261508,0.0013556861,0.0015738405,0.0035536713,0.0007815446,0.0010385646,0.0005455541,0.0015188812,0.0013615565,0.0003375622,0.0007845343,0.0008509253,0.0013839794,0.0008231224,0.0009051134,0.0013893836,0.0002699741,0.0007040154,0.0013726903,0.0004115525,0.0022141873,0.0006518937,0.0009369285,0.0025464951,0.0024227637,0.0012377713,0.0013488614,0.0016627605,0.0030300866,0.0060005052,0.0012526690,0.0017291806,0.0010443083,0.0012255776,0.0011474765,0.0004825580,0.0015235674,0.0017498658,0.0008752157,0.0009086234,0.0040518305,0.0018597927,0.0021346333,0.0014636191,0.0026673418,0.0024810144,0.0023684844,0.0013625481,0.0018885657,0.0013580581,0.0010619546,0.0013132191,0.0016133103,0.0005372666,0.0026840074,0.0022657516,0.0015008726,0.0011241479,0.0009165583,0.0018245097,0.0013822928,0.0004688927,0.0007544876,0.0011220507,0.0033026459,0.0011644655,0.0019990657,0.0015026743,0.0025306006,0.0004290994,0.0023786017,0.0005940128,0.0017284699,0.0038965675,0.0008364086,0.0013187120,0.0003747716,0.0008167153,0.0010313158,0.0044223484,0.0029955384,0.0014902145,0.0012094569,0.0007124577,0.0011815897,0.0012757353,0.0003680670,0.0013289524,0.0012128334,0.0013378470,0.0010200669,0.0025800402,0.0019375312,0.0022431305,0.0017000735,0.0020178066,0.0023884178,0.0006458591,0.0013342371,0.0019149362,0.0022105475,0.0020045490,0.0012688959,0.0010162210,0.0016824456,0.0010000101,0.0006302259,0.0011108081,0.0001771914,0.0018573025,0.0014400363,0.0007627072,0.0020943114,0.0022592248,0.0025508125,0.0017107086,0.0013924668,0.0007896489,0.0014412031,0.0003092046,0.0002979241,0.0012794227,0.0010911264,0.0004328920,0.0015912093,0.0004027433,0.0017385633,0.0001517226,0.0011091894,0.0006380025,0.0013665031,0.0013894300,0.0015522785,0.0009913708,0.0011894148,0.0017531201,0.0016693596,0.0004597246,0.0006627541,0.0004847810,0.0005026916,0.0010242572,0.0018364216,0.0010965499,0.0004911306,0.0004315835,0.0011301281,0.0056971197,0.0014085112,0.0007135266,0.0007951514,0.0013927573,0.0000837792,0.0008431127,0.0018213750,0.0018609623,0.0012472779,0.0011489739,0.0016401015
Oscan,0.0007012722,0.0017585894,0.0025651090,0.0011848664,0.0038886955,0.0021499526,0.0000918888,0.0044242343,0.0017906973,0.0002092280,0.0018237858,0.0009112427,0.0003078736,0.0029997456,0.0024375822,0.0025133210,0.0038320388,0.0037688373,0.0072083214,0.0008507588,0.0042909341,0.0008563025,0.0018911366,0.0071169643,0.0007183859,0.0029083316,0.0008014516,0.0010750464,0.0011732432,0.0020751876,0.0016381499,0.0026632053,0.0016429573,0.0017928737,0.0010209668,0.0004987721,0.0014918256,0.0000339073,0.0020242344,0.0013127256,0.0010638561,0.0002291325,0.0001105710,0.0036559174,0.0040865266,0.0027695114,0.0014561990,0.0009333160,0.0026297873,0.0052376843,0.0013503285,0.0039569547,0.0034411728,0.0012001977,0.0026229255,0.0003373672,0.0046768594,0.0041723218,0.0016032392,0.0021671541,0.0021708224,0.0016738116,0.0008626954,0.0041939822,0.0046627368,0.0045536831,0.0002366955,0.0016698763,0.0004553298,0.0025009629,0.0061773881,0.0003786994,0.0007592346,0.0035573431,0.0008000233,0.0023351137,0.0007430687,0.0029299446,0.0017165537,0.0011249846,0.0046022025,0.0041125174,0.0020058501,0.0017122161,0.0016966305,0.0010732727,0.0097167548,0.0050223721,0.0025851612,0.0026593359,0.0034461487,0.0010482592,0.0012328085,0.0015182039,0.0015090107,0.0024218263,0.0009922232,0.0013015408,0.0019299975,0.0002284540,0.0004700501,0.0042601526,0.0008077508,0.0004689020,0.0005031062,0.0052198112,0.0022538925,0.0031269986,0.0002730061,0.0050262625,0.0033075312,0.0004372957,0.0001981633,0.0037500332,0.0028720116,0.0014799856,0.0012134432,0.0007583846,0.0006873471,0.0010932231,0.0005117408,0.0083492754,0.0022733562,0.0023284037,0.0007818410,0.0004763663,0.0022734864,0.0003133648,0.0043938356,0.0001474973,0.0004072666,0.0009055559,0.0005105702,0.0008995932,0.0020949782,0.0021115255,0.0002040298,0.0056923583,0.0010588934,0.0030698692,0.0042011647,0.0023522666,0.0002756588,0.0078503062,0.0004998518,0.0056344932,0.0002228740,0.0022410880,0.0020584076,0.0025944697,0.0030250703,0.0076653977,0.0043206741,0.0022653551,0.0063814185,0.0006436949,0.0054359173,0.0054998591,0.0015574974,0.0019481879,0.0010980663,0.0015474903,0.0009545554,0.0032015817,0.0006156524,0.0035984967,0.0010364778,0.0048262825,0.0019817600,0.0017572743,0.0013143338,0.0012435468,0.0076644438,0.0001679719,0.0022922017,0.0031266186,0.0031886323,0.0038975244,0.0012798035,0.0010309633,0.0025746776,0.0008337235,0.0012221150,0.0009058297,0.0009540893,0.0006866905,0.0031768023,0.0035035575,0.0002810128,0.0029495275,0.0016532370,0.0008964877,0.0006790901,0.0012369077,0.0028120409,0.0007066299,0.0027874127,0.0015085646,0.0017562027,0.0021550053
Umbrian,0.0004374638,0.0003161010,0.0005993261,0.0005007865,0.0008490582,0.0008064753,0.0002065563,0.0006670719,0.0008515226,0.0001311506,0.0004341760,0.0028831789,0.0059714887,0.0008510974,0.0019791187,0.0015165753,0.0005552799,0.0026250321,0.0009601612,0.0019371024,0.0018520666,0.0056373141,0.0002949707,0.0027028950,0.0018793921,0.0020667429,0.0003889205,0.0007321059,0.0022222559,0.0015596767,0.0009148881,0.0009042625,0.0015616595,0.0024967885,0.0018396111,0.0005319792,0.0001980609,0.0023310805,0.0004183422,0.0013601050,0.0013184891,0.0006811655,0.0016839297,0.0034308464,0.0051609203,0.0006492563,0.0016178617,0.0019821110,0.0008655379,0.0015131371,0.0004786414,0.0002490176,0.0029260724,0.0023973868,0.0018522336,0.0002262894,0.0009458981,0.0002829560,0.0007294738,0.0032466989,0.0005347953,0.0004712052,0.0036733471,0.0029483764,0.0020029900,0.0007423385,0.0042235812,0.0003451898,0.0054127947,0.0018089966,0.0124022454,0.0035382727,0.0045526756,0.0009345743,0.0004389180,0.0008214554,0.0007792927,0.0016414683,0.0012637704,0.0016438643,0.0034844514,0.0069715708,0.0011957710,0.0008561418,0.0006942611,0.0043053054,0.0024109993,0.0021614624,0.0019205886,0.0038154470,0.0108431408,0.0019951832,0.0006295312,0.0033301702,0.0006473468,0.0023711378,0.0024670643,0.0034778963,0.0005570921,0.0003934737,0.0008143762,0.0052372845,0.0025845669,0.0009355603,0.0004957939,0.0007683793,0.0025727874,0.0001249142,0.0008686790,0.0031696030,0.0019114296,0.0026658648,0.0003331167,0.0017718525,0.0000680396,0.0025764312,0.0002776586,0.0030282501,0.0008683236,0.0050637006,0.0054768765,0.0016140765,0.0020274312,0.0012483705,0.0003215543,0.0002392120,0.0009100160,0.0012560567,0.0051673460,0.0016570706,0.0013233049,0.0008055201,0.0003294330,0.0021180799,0.0002514549,0.0008708505,0.0007498934,0.0031339818,0.0004589988,0.0020328952,0.0028715674,0.0039243221,0.0004301663,0.0028188151,0.0010678713,0.0038138409,0.0006119959,0.0012190117,0.0005903584,0.0002078656,0.0069726923,0.0010250718,0.0017306381,0.0014247420,0.0011573621,0.0026090799,0.0015115304,0.0010374450,0.0027519771,0.0012049581,0.0012615483,0.0016986697,0.0020909844,0.0013121525,0.0003216471,0.0025011721,0.0009054162,0.0000739879,0.0010412458,0.0025745850,0.0006714419,0.0009606845,0.0015296598,0.0010806590,0.0050197601,0.0018215378,0.0017896048,0.0000910799,0.0010406598,0.0011228519,0.0012690715,0.0002805758,0.0003266697,0.0021493855,0.0025114639,0.0002117209,0.0007895654,0.0028437110,0.0007013383,0.0046535369,0.0015203819,0.0003622955,0.0005447303,0.0006518226,0.0003058362,0.0014581455,0.0037847866,0.0011395641,0.0011373526,0.0043501963
Gaulish,0.001641154,0.000315673,0.002458936,0.001016402,0.005046993,0.000961032,0.002489393,0.001997942,0.002084778,0.002334297,0.002328968,0.003068514,0.000907136,0.000680154,0.001450109,0.000907325,0.001830758,0.000612490,0.002390160,0.003132269,0.000923560,0.002253791,0.001557401,0.015459568,0.003259412,0.000760280,0.002677742,0.000947922,0.004465972,0.000345543,0.000990341,0.000643572,0.003025888,0.002080290,0.000777705,0.000886066,0.000358706,0.002298208,0.000691845,0.001414457,0.001670126,0.001401368,0.001365506,0.003119254,0.006858559,0.001223667,0.000464153,0.002565924,0.000654944,0.000492348,0.000251710,0.001212938,0.001680460,0.001510575,0.000886514,0.001348062,0.001844447,0.002542304,0.002270815,0.000867841,0.000574043,0.003904684,0.000199670,0.000767356,0.000176604,0.002391414,0.002948568,0.001422154,0.000635191,0.001912916,0.006100515,0.002604571,0.003463941,0.001569754,0.000427385,0.001848294,0.000719516,0.001246095,0.002532838,0.000926333,0.001046111,0.004149226,0.003233752,0.001017302,0.003095716,0.010789595,0.004929052,0.001058213,0.003900074,0.001023498,0.007582655,0.000348605,0.001188674,0.002284659,0.001762464,0.004522431,0.002917394,0.002796018,0.003598295,0.001319613,0.001790298,0.001143037,0.001878034,0.000248685,0.000507764,0.006001603,0.001770214,0.002779209,0.000673744,0.003054084,0.003013356,0.001591901,0.000577239,0.001383319,0.003597474,0.002527960,0.000493596,0.001764314,0.002137833,0.002438670,0.005953857,0.005406070,0.001523509,0.001504996,0.002702624,0.000881339,0.000589194,0.001209640,0.003543107,0.000872344,0.002740091,0.005837550,0.000114382,0.001785879,0.003091278,0.004419132,0.000487725,0.004432868,0.000148873,0.002157254,0.002301949,0.001036538,0.001306076,0.006736663,0.001827870,0.000856371,0.002557662,0.001636480,0.001046108,0.000784132,0.004765159,0.000996584,0.000585316,0.000843060,0.001587808,0.001217975,0.009076347,0.002177704,0.000106148,0.001288022,0.002906890,0.000425721,0.002320903,0.003109376,0.001461508,0.003107835,0.001137717,0.000520512,0.005150333,0.002093239,0.001851915,0.002776907,0.004168067,0.003252842,0.001385587,0.003659430,0.001537261,0.000182498,0.000974350,0.000370398,0.000486658,0.001035943,0.001799301,0.002792813,0.001782295,0.000269979,0.002585320,0.001340969,0.006088168,0.000391371,0.000200139,0.000951557,0.002914570,0.002306908,0.002703210,0.003786858,0.001082293,0.002085700,0.002647896,0.001296658
OldWelsh,0.0026855224,0.0008926771,0.0020055507,0.0007320445,0.0006132710,0.0007414449,0.0008605101,0.0023260222,0.0010816437,0.0010572785,0.0021740266,0.0008061604,0.0014297094,0.0008742014,0.0028113113,0.0010194173,0.0024190399,0.0015455850,0.0021899082,0.0042928134,0.0003554606,0.0013274607,0.0009186632,0.0054689125,0.0018867508,0.0009259274,0.0009199076,0.0001208257,0.0008576766,0.0013894908,0.0006105746,0.0017643929,0.0019049674,0.0002970572,0.0011466893,0.0007588091,0.0016140043,0.0032307236,0.0008594057,0.0005123908,0.0027940927,0.0008563236,0.0005270186,0.0035229959,0.0013135342,0.0008722708,0.0010295376,0.0016079245,0.0004303812,0.0010300299,0.0017709599,0.0017937762,0.0016508665,0.0027527334,0.0007508131,0.0005064916,0.0027997018,0.0016592936,0.0001748997,0.0010587063,0.0010648607,0.0025288042,0.0011460991,0.0008513170,0.0029109784,0.0023708413,0.0016907039,0.0008859692,0.0002504443,0.0020934619,0.0013408171,0.0005293267,0.0020620848,0.0008109320,0.0008288816,0.0012375746,0.0001755212,0.0018735849,0.0017321866,0.0009465652,0.0005603425,0.0011390908,0.0009795421,0.0008123037,0.0013345473,0.0053697237,0.0034712479,0.0030495097,0.0026517327,0.0011028555,0.0017771201,0.0024161309,0.0009347224,0.0029325003,0.0006792472,0.0007145461,0.0010179358,0.0002423707,0.0012715215,0.0004073063,0.0012168085,0.0020799744,0.0003984559,0.0005158193,0.0004769974,0.0024672974,0.0024271537,0.0013700063,0.0016119730,0.0021410933,0.0029808769,0.0005794940,0.0003990187,0.0009336717,0.0021827976,0.0024715796,0.0024126706,0.0014726384,0.0004132556,0.0012800634,0.0038239220,0.0037880070,0.0006579469,0.0004513687,0.0013105701,0.0015826710,0.0002282143,0.0008372164,0.0011008273,0.0004049155,0.0003474868,0.0000828897,0.0013798783,0.0020592086,0.0015232822,0.0029448369,0.0019976869,0.0012834076,0.0016577687,0.0009897143,0.0013468293,0.0011202031,0.0014281151,0.0002135488,0.0024078329,0.0007932347,0.0008125227,0.0004769503,0.0008084188,0.0028159940,0.0002861647,0.0007939133,0.0001464223,0.0007386430,0.0028522053,0.0000500153,0.0038099352,0.0009668191,0.0014463270,0.0014721214,0.0021655023,0.0012184381,0.0016740765,0.0001858989,0.0004825468,0.0017434072,0.0011346458,0.0001519510,0.0012895329,0.0014723746,0.0016517224,0.0008782384,0.0014589298,0.0031252419,0.0034092649,0.0018869801,0.0028249077,0.0000577842,0.0003081019,0.0010002696,0.0006247812,0.0023041873,0.0028562359,0.0028993435,0.0012474569,0.0010186339,0.0016825791,0.0013173143,0.0055817607,0.0011949420,0.0015221598,0.0007169319,0.0015333062,0.0021843940,0.0018682972,0.0003393219,0.0024626733,0.0020266296,0.0021868567,0.0024643614
MiddleWelsh,0.00002866629,0.00045960700,0.00047866262,0.00028979163,0.00052032926,0.00012006036,0.00076106618,0.00107647083,0.00072356408,0.00062063878,0.00059009650,0.00004629077,0.00071054384,0.00039548103,0.00004401708,0.00021602554,0.00023350145,0.00032559049,0.00038440706,0.00055281262,0.00050555947,0.00020388987,0.00011456788,0.00285214429,0.00042547436,0.00023475426,0.00025806849,0.00077228863,0.00113211536,0.00022316571,0.00004972206,0.00118854613,0.00009206807,0.00016241842,0.00072650662,0.00012228294,0.00073766414,0.00000850417,0.00078720403,0.00105828460,0.00090941005,0.00082810479,0.00055255160,0.00051678307,0.00117328084,0.00010230621,0.00046022399,0.00089851097,0.00083939757,0.00021313108,0.00034079844,0.00081463707,0.00091433986,0.00085755612,0.00007572477,0.00040952916,0.00065101922,0.00011632355,0.00036107070,0.00077693220,0.00022226557,0.00106802290,0.00049722419,0.00027497443,0.00065798082,0.00106968614,0.00172885547,0.00012908475,0.00056287073,0.00058252301,0.00664158428,0.00138505493,0.00227634586,0.00083291341,0.00042390708,0.00036305209,0.00015827418,0.00017989167,0.00031092241,0.00063832592,0.00010285607,0.00409429805,0.00042330133,0.00037364547,0.00011287211,0.00357534673,0.00002980027,0.00065357222,0.00072158066,0.00187694114,0.00164369653,0.00082836140,0.00033574929,0.00060992322,0.00035925801,0.00005918303,0.00111936406,0.00092486404,0.00022642867,0.00012381991,0.00032359446,0.00111727851,0.00011594907,0.00034984067,0.00011304003,0.00081061649,0.00230855996,0.00031085771,0.00018801992,0.00084453667,0.00088515715,0.00038802423,0.00081069832,0.00016106093,0.00079687225,0.00094960433,0.00015187776,0.00056859418,0.00043123018,0.00076067623,0.00142562477,0.00247828467,0.00054733339,0.00062108948,0.00040003636,0.00026590940,0.00049814215,0.00087458955,0.00101895709,0.00040059628,0.00021348820,0.00080728990,0.00056868007,0.00069704777,0.00007962904,0.00150560985,0.00022360987,0.00098021470,0.00076022697,0.00137914066,0.00078455716,0.00120920794,0.00070360354,0.00049437360,0.00007240680,0.00053112639,0.00037762203,0.00050245980,0.00020909923,0.00058814750,0.00107886705,0.00023520787,0.00023539517,0.00086089546,0.00071947596,0.00146950847,0.00053779757,0.00068542500,0.00158479285,0.00061433951,0.00037464483,0.00063309383,0.00109057810,0.00100026621,0.00097349202,0.00016441486,0.00118566437,0.00034682325,0.00070464096,0.00053918156,0.00061125530,0.00009585704,0.00041360796,0.00056683926,0.00122873891,0.00109726718,0.00060200365,0.00065274108,0.00022492394,0.00111690769,0.00012304214,0.00016135787,0.00048054873,0.00071592721,0.00056749004,0.00007007679,0.00037331643,0.00067658356,0.00203491895,0.00043734437,0.00023212351,0.00113476829,0.00137156372,0.00047109123,0.00093185061,0.00132497411,0.00085558212,0.00096520695,0.00035505162,0.00095759955
WelshNorth,0.0021102516,0.0018159988,0.0001900618,0.0009829496,0.0007923296,0.0004751568,0.0013561198,0.0004768834,0.0016552768,0.0005218532,0.0010597744,0.0005403265,0.0021246531,0.0010616501,0.0027147383,0.0010859402,0.0020261235,0.0012307616,0.0043400247,0.0037377304,0.0031647685,0.0026307206,0.0007860649,0.0022665287,0.0007883868,0.0018266863,0.0022180225,0.0004970584,0.0006372147,0.0010554442,0.0004812623,0.0006283101,0.0013715537,0.0010351401,0.0006249851,0.0012134481,0.0007989030,0.0030292548,0.0031280428,0.0015781480,0.0022459391,0.0007302621,0.0007427312,0.0009459967,0.0070729329,0.0006653916,0.0008218427,0.0011064822,0.0017554031,0.0017738283,0.0004385936,0.0003659064,0.0040241302,0.0003071773,0.0013496853,0.0029942764,0.0028904310,0.0021835120,0.0012667526,0.0005773752,0.0003056196,0.0009043332,0.0011629345,0.0008805368,0.0005802359,0.0015645532,0.0038880527,0.0012293431,0.0008441697,0.0035055370,0.0056230360,0.0005042266,0.0010448870,0.0048042405,0.0013539615,0.0016270455,0.0014873207,0.0009775770,0.0010610293,0.0015784589,0.0002933789,0.0048626761,0.0018890776,0.0014071079,0.0026935948,0.0048922086,0.0036360493,0.0034032768,0.0025204632,0.0019017267,0.0035226018,0.0003842104,0.0009129674,0.0006484905,0.0008721276,0.0002071330,0.0010961588,0.0018992166,0.0009582646,0.0001842772,0.0002908467,0.0047016433,0.0003584370,0.0013650047,0.0004409164,0.0024316286,0.0015750126,0.0010185332,0.0009157694,0.0013130576,0.0021100896,0.0041307889,0.0006842071,0.0006892020,0.0012636242,0.0009943874,0.0016398183,0.0022879743,0.0040498112,0.0007764134,0.0001617275,0.0030891558,0.0005787236,0.0008250091,0.0013792441,0.0022977777,0.0004966475,0.0019976402,0.0017292485,0.0005425431,0.0007789672,0.0023657790,0.0021030692,0.0030304871,0.0002256207,0.0011817321,0.0032241549,0.0011450796,0.0015597931,0.0003147441,0.0017383766,0.0035418444,0.0014353316,0.0028653405,0.0017704777,0.0012117402,0.0005083531,0.0010313030,0.0009405994,0.0017872075,0.0005064508,0.0007278504,0.0001735222,0.0028964233,0.0044199248,0.0024532737,0.0022083337,0.0004540564,0.0002437903,0.0008415797,0.0006307035,0.0002172741,0.0009669448,0.0002686829,0.0009573005,0.0004274242,0.0002672799,0.0010142873,0.0019509556,0.0028486172,0.0003934200,0.0005168385,0.0024383912,0.0031735486,0.0019589487,0.0007687895,0.0016549440,0.0011490470,0.0013468694,0.0006685251,0.0002184281,0.0004612512,0.0002881931,0.0012122647,0.0010313167,0.0020752689,0.0022169416,0.0009986902,0.0009880575,0.0008131432,0.0006951553,0.0005986662,0.0009893226,0.0000153838,0.0000382147,0.0024184450,0.0015336099,0.0008498856,0.0001408468,0.0013027760
MiddleCornish,0.0026271359,0.0015803204,0.0019037301,0.0022783461,0.0033818328,0.0013822666,0.0022944504,0.0014502088,0.0009795206,0.0019651771,0.0009139516,0.0020921065,0.0034440007,0.0010322125,0.0007452769,0.0014995488,0.0001216298,0.0031256223,0.0007682151,0.0021029882,0.0038329996,0.0029195542,0.0007296327,0.0042518982,0.0011867685,0.0005899253,0.0006196794,0.0008255528,0.0010865025,0.0011612749,0.0023548073,0.0004182396,0.0025042310,0.0010125801,0.0006972887,0.0006166328,0.0017533097,0.0028487977,0.0014430295,0.0011070386,0.0022862065,0.0001545680,0.0010248196,0.0040029317,0.0026560856,0.0015334014,0.0010214881,0.0019054460,0.0018956434,0.0024500257,0.0001359363,0.0003097365,0.0016154169,0.0014519954,0.0015918180,0.0006743518,0.0044196927,0.0005114282,0.0014962717,0.0005553502,0.0015782833,0.0006575400,0.0012629864,0.0009499631,0.0010186889,0.0007941540,0.0009735160,0.0036737272,0.0022945163,0.0028118718,0.0029080237,0.0016519440,0.0031876606,0.0008573609,0.0002609956,0.0014728535,0.0009781635,0.0039663465,0.0009591305,0.0003215275,0.0006940404,0.0049333056,0.0034016051,0.0009397726,0.0002430999,0.0083371876,0.0055107462,0.0021518813,0.0051302016,0.0030875219,0.0018466135,0.0008682860,0.0024604482,0.0040844286,0.0006639610,0.0026142524,0.0012413016,0.0046990651,0.0037020474,0.0014239801,0.0018238915,0.0025971323,0.0023695555,0.0029595890,0.0005853266,0.0035212282,0.0035602822,0.0005588501,0.0035665545,0.0017318473,0.0063877950,0.0021847099,0.0014232242,0.0010152284,0.0099883397,0.0009800351,0.0003632288,0.0007607483,0.0010193038,0.0016339171,0.0027240312,0.0039521116,0.0029386077,0.0030844362,0.0011419518,0.0002223557,0.0021599461,0.0021150419,0.0009744350,0.0010364583,0.0014090763,0.0017853670,0.0038108180,0.0026450196,0.0004053230,0.0046985547,0.0003019878,0.0009978987,0.0010643741,0.0023585481,0.0039560802,0.0063615338,0.0019597148,0.0009202135,0.0027836721,0.0016161914,0.0005742479,0.0005452870,0.0006757186,0.0003890249,0.0042147564,0.0003787180,0.0029501944,0.0013376001,0.0026104487,0.0013390270,0.0003409005,0.0001284038,0.0015596571,0.0027285155,0.0007993031,0.0007239739,0.0019106998,0.0016482791,0.0013606403,0.0026523880,0.0012156487,0.0020761585,0.0007170121,0.0017091778,0.0014987309,0.0024890085,0.0018704698,0.0022849546,0.0026726805,0.0007361545,0.0010406966,0.0017778512,0.0001208497,0.0019837088,0.0000114313,0.0020090622,0.0003386487,0.0034251717,0.0008557391,0.0007312532,0.0012520953,0.0010728411,0.0012799205,0.0025492438,0.0011991657,0.0001107649,0.0025354596,0.0013833011,0.0011704307,0.0015999098,0.0014756747,0.0012479065,0.0027976459,0.0013180449
LateCornish,0.0009924756,0.0016509683,0.0005421332,0.0013371404,0.0015740922,0.0009077547,0.0009313437,0.0003829402,0.0015652892,0.0016428777,0.0000301091,0.0013304428,0.0013232471,0.0013557929,0.0014063210,0.0005012257,0.0011923591,0.0018374929,0.0019740530,0.0029100199,0.0014756930,0.0045605521,0.0002524746,0.0036185510,0.0020067677,0.0004851590,0.0007231319,0.0007889052,0.0009130552,0.0019021974,0.0002010164,0.0011620894,0.0014544488,0.0013236489,0.0004909008,0.0019538302,0.0014718670,0.0017224109,0.0013723414,0.0003600634,0.0011388930,0.0021822703,0.0016284139,0.0021917736,0.0015003018,0.0001297872,0.0016869629,0.0029958720,0.0011658246,0.0022126129,0.0019963566,0.0010633636,0.0003088809,0.0013025795,0.0007132766,0.0003597439,0.0030752646,0.0008717072,0.0008730773,0.0010548403,0.0005279092,0.0005549562,0.0003072914,0.0025705472,0.0001501885,0.0013184324,0.0012773318,0.0004718003,0.0001324518,0.0006256513,0.0035368663,0.0007969828,0.0009333592,0.0008674710,0.0009341380,0.0006937950,0.0010112625,0.0010187870,0.0006708565,0.0008679210,0.0030794539,0.0004712405,0.0013802695,0.0012565539,0.0008959951,0.0083937642,0.0052985376,0.0016186612,0.0019268940,0.0021589265,0.0031027832,0.0009914350,0.0023547046,0.0001819686,0.0007761655,0.0011634793,0.0002458157,0.0005329326,0.0025307605,0.0007873705,0.0001148644,0.0017120660,0.0010704297,0.0004094769,0.0007435654,0.0046136305,0.0014336624,0.0008524489,0.0000930632,0.0011616704,0.0028533803,0.0011454077,0.0003293603,0.0007957205,0.0012651458,0.0017626149,0.0020094747,0.0004455003,0.0015204136,0.0000598587,0.0068149211,0.0059626503,0.0004690437,0.0003884832,0.0005010035,0.0021233633,0.0012571590,0.0008713939,0.0014901269,0.0021866415,0.0001309039,0.0007093357,0.0005144754,0.0012535888,0.0016563445,0.0029717502,0.0024507411,0.0022246060,0.0012811001,0.0023665043,0.0020323417,0.0030359527,0.0021695499,0.0026388024,0.0002293603,0.0007192585,0.0011730850,0.0001306023,0.0009891167,0.0010655665,0.0006188139,0.0012335510,0.0003550445,0.0026263544,0.0026831889,0.0012376002,0.0042107222,0.0010215712,0.0033521254,0.0016919440,0.0007138524,0.0002870409,0.0018351594,0.0013828484,0.0006281540,0.0006330551,0.0004151730,0.0019348954,0.0021539410,0.0017321380,0.0011002554,0.0012208315,0.0013868751,0.0003315698,0.0023421674,0.0020246494,0.0024515985,0.0002476714,0.0017095777,0.0008944247,0.0011033756,0.0003218646,0.0011818776,0.0025805560,0.0008479757,0.0012954676,0.0009066363,0.0017888969,0.0015346697,0.0004930387,0.0006254367,0.0003895863,0.0020464845,0.0025191285,0.0006095455,0.0004654488,0.0006656441,0.0019547159,0.0013953144,0.0023785373
OldBreton,0.00007955787,0.00088870366,0.00118310069,0.00055595276,0.00259755788,0.00077168689,0.00013592653,0.00211777291,0.00052155718,0.00049727925,0.00056604481,0.00032266376,0.00151061736,0.00214043498,0.00159966867,0.00079623574,0.00018493311,0.00005027057,0.00098394854,0.00099492399,0.00012825196,0.00159022815,0.00165885959,0.00371984978,0.00069567409,0.00148481631,0.00188791250,0.00057402824,0.00186139520,0.00002762873,0.00041575805,0.00129542982,0.00484597042,0.00173788700,0.00013579539,0.00128174496,0.00073285543,0.00254485173,0.00180583500,0.00192667630,0.00142149540,0.00243019036,0.00086619710,0.00275875746,0.00156450113,0.00008869937,0.00064878032,0.00020055704,0.00065935200,0.00007157446,0.00104432336,0.00096007288,0.00067877844,0.00225730064,0.00072935241,0.00044847834,0.00148512806,0.00112165497,0.00039016065,0.00149575925,0.00050940841,0.00200712989,0.00000273192,0.00070678956,0.00241848317,0.00060586511,0.00576364340,0.00258895255,0.00291153143,0.00116692599,0.00290758581,0.00010540897,0.00378201852,0.00161028660,0.00179865931,0.00071096598,0.00165882841,0.00103845463,0.00052134004,0.00027743818,0.00327096175,0.00070143681,0.00128711566,0.00065004723,0.00125620254,0.00271658469,0.00082815750,0.00226852326,0.00145217038,0.00133077216,0.00079471465,0.00125279410,0.00144764454,0.00109581639,0.00203747111,0.00061038264,0.00012582534,0.00044638262,0.00152777463,0.00066507697,0.00002660909,0.00472765901,0.00082552270,0.00084442604,0.00106194176,0.00341897805,0.00378305250,0.00152842780,0.00007305614,0.00113286625,0.00353402932,0.00175584534,0.00064382896,0.00024632512,0.00016688329,0.00173096483,0.00105668478,0.00285903749,0.00121787993,0.00020610553,0.00065308912,0.00631532654,0.00049879317,0.00054705611,0.00072313917,0.00087715680,0.00016224555,0.00053760054,0.00139995533,0.00054484997,0.00282807376,0.00006435553,0.00167936200,0.00134618436,0.00149725466,0.00068595002,0.00060160966,0.00237111178,0.00078163447,0.00030388370,0.00073494326,0.00308113240,0.00196451096,0.00182032593,0.00105928749,0.00171430086,0.00022425601,0.00023719750,0.00190900028,0.00025454461,0.00185326873,0.00046168325,0.00151593782,0.00148009903,0.00208735745,0.00204945038,0.00446200851,0.00088023763,0.00101773904,0.00269040200,0.00128567497,0.00037096639,0.00207255382,0.00104339185,0.00052868238,0.00040435754,0.00068671729,0.00067216472,0.00135103118,0.00061769769,0.00031967132,0.00105404975,0.00115034542,0.00046397349,0.00327723389,0.00304500062,0.00137012600,0.00047649643,0.00118956009,0.00196835148,0.00031780098,0.00038981616,0.00045384156,0.00149955837,0.00098257379,0.00071781564,0.00071059607,0.00332571660,0.00297638097,0.00105156710,0.00034705142,0.00111528607,0.00024133139,0.00030832622,0.00033222225,0.00037785331,0.00125115885,0.00173451864,0.00096131999,0.00068114274
MiddleBreton,0.0002860375,0.0002315421,0.0008230888,0.0001852334,0.0004932303,0.0005176541,0.0010996089,0.0006818133,0.0010368853,0.0009377260,0.0008406545,0.0007107904,0.0020159521,0.0007239831,0.0001313816,0.0009665955,0.0005616407,0.0002650688,0.0010138258,0.0020961124,0.0013293239,0.0023994044,0.0011139141,0.0029475540,0.0011109646,0.0013173022,0.0011828034,0.0017783316,0.0011465131,0.0002977254,0.0000284924,0.0013572732,0.0010706739,0.0003180246,0.0003183413,0.0003849325,0.0005481987,0.0007970848,0.0002280168,0.0017089734,0.0001622458,0.0005280667,0.0009744267,0.0010630574,0.0001977878,0.0005011838,0.0007279121,0.0004829492,0.0011027166,0.0000901460,0.0000747251,0.0000827774,0.0010745728,0.0014173975,0.0008461550,0.0013679351,0.0011498227,0.0006051831,0.0008240679,0.0004264208,0.0004795336,0.0004909111,0.0009664099,0.0002632471,0.0013959185,0.0009273911,0.0021219120,0.0001895158,0.0003414891,0.0016488180,0.0046969909,0.0007708210,0.0003236605,0.0010674830,0.0002937352,0.0008466862,0.0006890612,0.0001322944,0.0006356804,0.0004775819,0.0007754593,0.0029886092,0.0009824722,0.0007578302,0.0001796768,0.0031513707,0.0003521586,0.0025221388,0.0021674569,0.0030072538,0.0004639071,0.0008756699,0.0005658838,0.0014729602,0.0007121298,0.0015706682,0.0008179004,0.0002171879,0.0015407077,0.0002000520,0.0002759519,0.0024875147,0.0007448157,0.0006336435,0.0004689211,0.0024592927,0.0014571712,0.0023131508,0.0008279674,0.0005069068,0.0030065624,0.0008770104,0.0006794363,0.0001326717,0.0023979478,0.0007629399,0.0005271359,0.0007383273,0.0009297766,0.0015593713,0.0007236364,0.0035439000,0.0011491366,0.0007738886,0.0003733473,0.0005148595,0.0002195158,0.0010637127,0.0007853354,0.0003804705,0.0008750175,0.0006961907,0.0007882315,0.0004030228,0.0009315088,0.0013763538,0.0006168924,0.0003806149,0.0009761839,0.0005378664,0.0013711686,0.0026800368,0.0013068081,0.0004266700,0.0013684155,0.0012902846,0.0005921514,0.0007124276,0.0006305111,0.0008268604,0.0001026203,0.0008683101,0.0010771320,0.0010695033,0.0019058067,0.0002793964,0.0019328877,0.0009807777,0.0008335791,0.0009720038,0.0016626107,0.0004522952,0.0009998701,0.0007432858,0.0005640789,0.0001289279,0.0002203412,0.0004243894,0.0016044079,0.0008731784,0.0001234724,0.0007621718,0.0009959015,0.0019769082,0.0003412097,0.0004263089,0.0008072474,0.0003501738,0.0008375691,0.0010293336,0.0004978279,0.0005408743,0.0002762644,0.0005856273,0.0006027140,0.0005637337,0.0005367848,0.0015620716,0.0041630792,0.0008628052,0.0002774722,0.0006432594,0.0012574505,0.0006024657,0.0011368093,0.0012663539,0.0002763749,0.0005730108,0.0010800995,0.0016887451
BretonGwened,0.0000492300,0.0010138832,0.0001940905,0.0008518016,0.0031704778,0.0024423755,0.0018773800,0.0037997678,0.0035262071,0.0022804911,0.0008405026,0.0031293298,0.0003708371,0.0013507770,0.0007534084,0.0013828092,0.0028487151,0.0030621536,0.0017398125,0.0039915161,0.0016585047,0.0024325231,0.0022772536,0.0016488363,0.0020126308,0.0010080708,0.0023285100,0.0016196629,0.0006978181,0.0005989225,0.0006042628,0.0018355544,0.0004953212,0.0012427461,0.0019863765,0.0001779023,0.0018896438,0.0024159339,0.0029988394,0.0007492401,0.0005397510,0.0019776524,0.0003755414,0.0011618020,0.0042802351,0.0003139733,0.0005784913,0.0010732751,0.0004944150,0.0015800588,0.0013045135,0.0022322953,0.0007878209,0.0012142694,0.0017897380,0.0029954981,0.0020733966,0.0018143068,0.0011829131,0.0031733828,0.0010544325,0.0002944375,0.0020920393,0.0002276214,0.0029829369,0.0002018775,0.0023903427,0.0002347490,0.0023731662,0.0020550426,0.0042097374,0.0012885312,0.0010107251,0.0015102769,0.0015137473,0.0007217431,0.0009475067,0.0010182774,0.0026224426,0.0007741182,0.0024122904,0.0041497033,0.0002812994,0.0015079349,0.0013175715,0.0083675308,0.0071951654,0.0068688181,0.0017748024,0.0009468135,0.0036231155,0.0004407966,0.0013058833,0.0025670117,0.0012394206,0.0005608327,0.0019991897,0.0017135537,0.0027126427,0.0002513321,0.0007982441,0.0006768424,0.0011637661,0.0011370830,0.0010961125,0.0048718730,0.0002821419,0.0012615197,0.0020987262,0.0007833676,0.0001425978,0.0019002751,0.0008824757,0.0013291979,0.0014657291,0.0025445001,0.0010610271,0.0004952050,0.0002888885,0.0016803337,0.0028332371,0.0073750320,0.0010797246,0.0022228450,0.0015110431,0.0006577615,0.0001689704,0.0013905488,0.0004907367,0.0008718430,0.0009747381,0.0022671451,0.0009018885,0.0002730328,0.0038586097,0.0034125216,0.0019331057,0.0041649388,0.0007844182,0.0002458468,0.0013442831,0.0021824275,0.0005113842,0.0083510070,0.0035869422,0.0017803896,0.0014323211,0.0007151904,0.0012774514,0.0010173851,0.0029751033,0.0002052440,0.0002017411,0.0008264377,0.0010265652,0.0035468439,0.0065471431,0.0021454306,0.0014459489,0.0031844336,0.0029252713,0.0004589883,0.0006780941,0.0012609163,0.0013156883,0.0002310972,0.0016249216,0.0009261379,0.0020058394,0.0027375091,0.0009470347,0.0000907058,0.0006930678,0.0035202136,0.0018252387,0.0017681432,0.0004451182,0.0037716887,0.0023468904,0.0003071301,0.0000416427,0.0015232808,0.0004914514,0.0017685982,0.0015215261,0.0012561002,0.0013828747,0.0064288517,0.0023675809,0.0030332329,0.0031179192,0.0020833042,0.0003300665,0.0006551154,0.0006718730,0.0010540249,0.0006206765,0.0029347386,0.0027173133,0.0018535085
BretonTreger,0.0006066216,0.0002762966,0.0013683308,0.0003121748,0.0008706433,0.0010004486,0.0008312405,0.0012104312,0.0001812974,0.0004946503,0.0004369062,0.0008208524,0.0002549507,0.0008570723,0.0008446806,0.0007654920,0.0002615842,0.0022647520,0.0008067953,0.0013715713,0.0000903481,0.0009805578,0.0007709013,0.0022176992,0.0013165077,0.0012488119,0.0013692906,0.0018306869,0.0008276811,0.0004818498,0.0002876015,0.0001180576,0.0013487679,0.0011468489,0.0006599070,0.0003170965,0.0009078948,0.0006579263,0.0007224761,0.0023409723,0.0001366511,0.0006356601,0.0007257971,0.0018130005,0.0027238280,0.0001075482,0.0004117499,0.0014053885,0.0008614904,0.0001360228,0.0002604952,0.0015511035,0.0017960992,0.0003547054,0.0011778698,0.0008779215,0.0020513975,0.0005508737,0.0010469814,0.0001852120,0.0010616986,0.0003538271,0.0007641690,0.0005649228,0.0001184276,0.0013392238,0.0009089707,0.0027068707,0.0003939905,0.0030925642,0.0028350059,0.0021527431,0.0019914042,0.0030890204,0.0001855990,0.0004142118,0.0002909266,0.0012027787,0.0009963790,0.0004187258,0.0012262207,0.0019382802,0.0004526836,0.0020839920,0.0006089534,0.0052406640,0.0033327337,0.0030427122,0.0020012835,0.0007024523,0.0008893028,0.0003343270,0.0004574544,0.0008983274,0.0002886176,0.0013315959,0.0010465597,0.0004657231,0.0008101769,0.0002169702,0.0006316345,0.0016852432,0.0003137666,0.0001688337,0.0009871091,0.0012951734,0.0012667194,0.0027208580,0.0003403358,0.0027851606,0.0015375165,0.0026253180,0.0017227862,0.0005882026,0.0030728242,0.0015517968,0.0014504868,0.0009534650,0.0009708740,0.0003057220,0.0015532098,0.0041274359,0.0004624841,0.0001210916,0.0006582459,0.0008359234,0.0006838021,0.0015263485,0.0023872595,0.0002409659,0.0001976649,0.0003669777,0.0021584206,0.0002435965,0.0022207814,0.0026735981,0.0010341539,0.0017391867,0.0011608818,0.0011399890,0.0011475436,0.0014759037,0.0016986157,0.0019674445,0.0012004452,0.0023687883,0.0006290983,0.0011863410,0.0020809918,0.0005647964,0.0000614661,0.0006067172,0.0001349080,0.0026406676,0.0017756751,0.0009929182,0.0005938465,0.0019469737,0.0005037208,0.0000372842,0.0006031128,0.0005615216,0.0007511019,0.0010117348,0.0003828322,0.0007377763,0.0007945591,0.0009332223,0.0015658316,0.0014912636,0.0006687975,0.0004850588,0.0014232348,0.0012180895,0.0002365036,0.0007426852,0.0013702631,0.0001406480,0.0010351775,0.0012257307,0.0001863458,0.0000948920,0.0019733076,0.0012983474,0.0014025206,0.0016602222,0.0010156239,0.0021262148,0.0019707368,0.0006368292,0.0002937819,0.0018323949,0.0009213484,0.0006911598,0.0022647098,0.0028008981,0.0023629950,0.0009098950,0.0004965150,0.0013079619
OldIrish,0.0000861814,0.0002570812,0.0009109612,0.0007213456,0.0020886639,0.0004957262,0.0035036496,0.0004445175,0.0005401484,0.0003599286,0.0006435226,0.0009223342,0.0006678639,0.0004985210,0.0008507236,0.0005491832,0.0027147340,0.0020317983,0.0006552177,0.0018109023,0.0016078206,0.0033044446,0.0018676168,0.0021937162,0.0011124946,0.0002088823,0.0019562468,0.0002563058,0.0008076675,0.0006126105,0.0006960577,0.0006991961,0.0013262994,0.0001451919,0.0003828546,0.0007728425,0.0004594821,0.0010288554,0.0001567059,0.0016434432,0.0008755274,0.0004034544,0.0024550510,0.0026215477,0.0008985927,0.0007757500,0.0005539442,0.0009529402,0.0005685317,0.0010945002,0.0012544830,0.0004773785,0.0023587773,0.0000474541,0.0009953458,0.0005789465,0.0017210350,0.0018731100,0.0009932406,0.0017018218,0.0003544393,0.0021461111,0.0015910237,0.0021533680,0.0009621350,0.0023147640,0.0002496982,0.0015999472,0.0003090028,0.0007124353,0.0044197100,0.0020794077,0.0033644990,0.0015106678,0.0010721246,0.0003292854,0.0000479159,0.0020783055,0.0001218498,0.0013260195,0.0009900125,0.0030592176,0.0017610452,0.0009614739,0.0007016870,0.0023560337,0.0005295683,0.0010555517,0.0012572330,0.0011998721,0.0033652493,0.0012859907,0.0002896554,0.0010516932,0.0014133756,0.0010545521,0.0004546074,0.0019524362,0.0002993158,0.0002200884,0.0007690759,0.0019276617,0.0001914099,0.0009666023,0.0003042458,0.0035097357,0.0022933768,0.0004608332,0.0010030592,0.0007736640,0.0025482600,0.0009186820,0.0003575438,0.0005891258,0.0049305734,0.0013007254,0.0000991495,0.0002793539,0.0013044596,0.0007009507,0.0003861319,0.0025502741,0.0030627761,0.0011625882,0.0009004559,0.0009333555,0.0014274663,0.0006620635,0.0017500707,0.0015793023,0.0020246027,0.0013202286,0.0026622031,0.0001791777,0.0020215563,0.0040476085,0.0007146016,0.0011826134,0.0003249190,0.0003569471,0.0008216739,0.0043752105,0.0023794149,0.0035958789,0.0006874667,0.0013495822,0.0002385159,0.0003161483,0.0006458169,0.0009614374,0.0027160177,0.0008341907,0.0017847852,0.0024765343,0.0025131515,0.0021199814,0.0025680038,0.0004535880,0.0002086995,0.0012681775,0.0006352818,0.0006510340,0.0004885380,0.0014029044,0.0002980022,0.0002068642,0.0008981642,0.0001102406,0.0013215607,0.0020696015,0.0007693144,0.0006827235,0.0002192147,0.0016522881,0.0009517234,0.0016568155,0.0018944564,0.0004268161,0.0019717002,0.0005616277,0.0011853472,0.0004780399,0.0008317769,0.0019425512,0.0015201225,0.0008394460,0.0016036262,0.0016225109,0.0055370074,0.0027779004,0.0002813389,0.0002474139,0.0004578285,0.0015543016,0.0019294496,0.0013365964,0.0007599815,0.0010640616,0.0012245798,0.0008731937
GaelicScottish,0.0018786328,0.0007970660,0.0013360944,0.0008376215,0.0001175460,0.0005225229,0.0033978400,0.0032036184,0.0005915853,0.0026118563,0.0002358767,0.0013370084,0.0019949688,0.0021352012,0.0001940474,0.0010675160,0.0016982269,0.0006857703,0.0018090200,0.0033569897,0.0001606906,0.0012829937,0.0008962664,0.0091872868,0.0028294112,0.0024163681,0.0018377060,0.0022732633,0.0011382667,0.0002500594,0.0009229792,0.0022395422,0.0029636314,0.0009464394,0.0007879387,0.0016992916,0.0008883048,0.0025240596,0.0013795233,0.0014583010,0.0023220748,0.0027118744,0.0005534478,0.0056631721,0.0035526445,0.0012595989,0.0000682044,0.0015624836,0.0004867963,0.0031402355,0.0000939412,0.0015999009,0.0006247859,0.0011387454,0.0008732640,0.0002982270,0.0014150677,0.0008987416,0.0007143772,0.0038889520,0.0007663154,0.0010259128,0.0004809064,0.0009906159,0.0007669838,0.0002969049,0.0018357562,0.0017872490,0.0024017403,0.0031908720,0.0032261906,0.0003886668,0.0016641716,0.0005677620,0.0002843267,0.0001992429,0.0026330970,0.0030106310,0.0011179799,0.0041344035,0.0020347272,0.0038233103,0.0006339666,0.0002145779,0.0049912973,0.0057271700,0.0015817558,0.0041931725,0.0057600661,0.0003124042,0.0014227087,0.0005589323,0.0019114528,0.0018333197,0.0016180576,0.0004868649,0.0004429717,0.0008222067,0.0018045200,0.0011377547,0.0002573181,0.0009065845,0.0013610666,0.0016536893,0.0008439819,0.0019196815,0.0010068207,0.0017632000,0.0008119997,0.0014030145,0.0027114990,0.0012867388,0.0008834953,0.0005698138,0.0012858447,0.0006782553,0.0017945644,0.0019904139,0.0001708008,0.0016357491,0.0021738875,0.0062265680,0.0004269307,0.0026703335,0.0006142445,0.0009452464,0.0021989427,0.0008499019,0.0016432850,0.0013060962,0.0008773678,0.0006968403,0.0037762644,0.0036449021,0.0016397836,0.0021087826,0.0017349050,0.0033837543,0.0010958678,0.0016464806,0.0021339432,0.0048150276,0.0045481639,0.0015249170,0.0017325340,0.0033736362,0.0010382779,0.0018094489,0.0003838238,0.0009410491,0.0052566180,0.0003263587,0.0004713622,0.0017695484,0.0010198814,0.0022285522,0.0055360676,0.0024680069,0.0018266432,0.0032278662,0.0001551331,0.0006801946,0.0003684384,0.0024667951,0.0018307890,0.0025353888,0.0008657955,0.0012764480,0.0020967459,0.0009877380,0.0022490419,0.0006616113,0.0012176638,0.0038615033,0.0017226057,0.0009751078,0.0026452535,0.0011659662,0.0008784918,0.0002331618,0.0011375280,0.0024937468,0.0009316656,0.0014293095,0.0014186395,0.0014028604,0.0003357548,0.0029330174,0.0054975530,0.0000943525,0.0011142241,0.0010857204,0.0012947749,0.0015873361,0.0005273657,0.0014314452,0.0030950370,0.0020681904,0.0033602503,0.0029475496
GaelicManx,0.0017552569,0.0016961154,0.0022036493,0.0020015557,0.0010734405,0.0000822176,0.0012294611,0.0035182315,0.0015983771,0.0011036841,0.0019518930,0.0022534272,0.0029889214,0.0007128895,0.0019451268,0.0023104795,0.0026534197,0.0034241498,0.0019079541,0.0024485244,0.0024514448,0.0051514121,0.0013039298,0.0011841657,0.0013454277,0.0003514783,0.0002192114,0.0006061192,0.0012137690,0.0004376706,0.0010118230,0.0010133648,0.0029026692,0.0009930115,0.0004029682,0.0015317891,0.0018801360,0.0047030354,0.0021073479,0.0007634588,0.0024774321,0.0012079664,0.0006732969,0.0021973522,0.0009344214,0.0005483083,0.0002380065,0.0015852356,0.0009593429,0.0011233760,0.0010173456,0.0007463928,0.0022364432,0.0006071391,0.0014205293,0.0002407886,0.0025577048,0.0014074455,0.0007280996,0.0023986602,0.0020524706,0.0004288391,0.0028008710,0.0022756598,0.0042124711,0.0013469618,0.0002740426,0.0005891551,0.0019162803,0.0029673257,0.0070880776,0.0040767968,0.0044133616,0.0023283607,0.0002043812,0.0002231829,0.0005512316,0.0029677898,0.0005254841,0.0003020490,0.0004024638,0.0038596149,0.0004895784,0.0027222651,0.0008881551,0.0075801942,0.0055880509,0.0053345967,0.0023381423,0.0011693017,0.0034435964,0.0013590324,0.0004804097,0.0025571364,0.0004875779,0.0034019090,0.0015721577,0.0045905087,0.0027171340,0.0009125656,0.0018477830,0.0010041042,0.0033053546,0.0009021824,0.0010153218,0.0082164203,0.0046528956,0.0006140020,0.0056394840,0.0011225932,0.0061652631,0.0008217845,0.0025725475,0.0009617915,0.0001446973,0.0052871129,0.0009371137,0.0006908902,0.0031045676,0.0019133198,0.0033316298,0.0039776669,0.0004971117,0.0022455507,0.0013534977,0.0016441860,0.0012413955,0.0007647924,0.0010968253,0.0012298279,0.0016429738,0.0015859127,0.0039583730,0.0027357217,0.0011780658,0.0010645588,0.0013876670,0.0045066786,0.0020551148,0.0008739147,0.0019191831,0.0033408447,0.0039957873,0.0015398027,0.0020355695,0.0029461083,0.0008641611,0.0031036016,0.0013754618,0.0004728164,0.0022515637,0.0019738813,0.0004143076,0.0013448989,0.0015249328,0.0026822517,0.0023517629,0.0020229450,0.0004895030,0.0008640579,0.0017219943,0.0016828325,0.0011765457,0.0030785990,0.0005815297,0.0001764108,0.0006178476,0.0032174627,0.0013063747,0.0038817396,0.0014395560,0.0002792322,0.0006632619,0.0024821670,0.0016654991,0.0015299613,0.0036608746,0.0039109656,0.0001538663,0.0016676051,0.0008195374,0.0038848456,0.0011683247,0.0010596319,0.0013162493,0.0018202527,0.0012034022,0.0026294728,0.0090904819,0.0019241449,0.0024006966,0.0019798564,0.0036338605,0.0013580053,0.0006871575,0.0026082009,0.0013824887,0.0015227201,0.0036993423,0.0027059713
GaelicIrish,0.0000564452,0.0003496890,0.0005277167,0.0009831983,0.0018626848,0.0005464517,0.0012402391,0.0023507273,0.0004941773,0.0004111084,0.0014420012,0.0001767188,0.0006685302,0.0003613030,0.0006190960,0.0004932158,0.0007329534,0.0005697334,0.0004049875,0.0010229162,0.0007320447,0.0021176734,0.0003031057,0.0032234334,0.0015451164,0.0009602102,0.0004784447,0.0003088102,0.0020169102,0.0011738616,0.0003099792,0.0012402213,0.0020962908,0.0009766638,0.0005426302,0.0014329651,0.0004845580,0.0021647264,0.0008964949,0.0019792091,0.0020202890,0.0004205425,0.0005330586,0.0004091137,0.0011339951,0.0007423071,0.0001144312,0.0004435482,0.0008102697,0.0000721848,0.0004280001,0.0012873010,0.0008388806,0.0017297482,0.0009724181,0.0010609460,0.0008313722,0.0012277525,0.0013038779,0.0027633960,0.0001345852,0.0005468631,0.0003299749,0.0004668257,0.0008230329,0.0018422545,0.0014750358,0.0015416381,0.0012099515,0.0025479382,0.0059797079,0.0005982784,0.0048274647,0.0045315117,0.0017072515,0.0007965366,0.0002186399,0.0002266001,0.0021933536,0.0009328375,0.0013009246,0.0049381966,0.0006761124,0.0007762311,0.0023990937,0.0025707851,0.0057809546,0.0002502382,0.0025451156,0.0024445585,0.0029138816,0.0017538180,0.0013440599,0.0013364780,0.0011066310,0.0029268902,0.0016532484,0.0003728254,0.0019555904,0.0003287160,0.0006448488,0.0022846263,0.0015271799,0.0004208038,0.0002207186,0.0033755562,0.0020743030,0.0012133027,0.0001353456,0.0013068459,0.0001846606,0.0010065762,0.0009441522,0.0020241737,0.0007253973,0.0002578576,0.0012476486,0.0033182664,0.0014411205,0.0010010140,0.0008836712,0.0011698773,0.0001861542,0.0011553902,0.0005938452,0.0017745764,0.0006547723,0.0013772612,0.0010403816,0.0006236613,0.0005092490,0.0015693664,0.0017977675,0.0012612865,0.0030759338,0.0028430056,0.0019025616,0.0000724997,0.0010154226,0.0001627837,0.0019810632,0.0020217002,0.0011813635,0.0009698169,0.0005683735,0.0026896712,0.0006463989,0.0006984836,0.0005493131,0.0008875692,0.0026284316,0.0008169730,0.0001012068,0.0027880211,0.0012822120,0.0010536885,0.0027920790,0.0014575510,0.0003014654,0.0006165226,0.0014545626,0.0019941261,0.0005676732,0.0018124583,0.0024054692,0.0023139513,0.0002410357,0.0010292191,0.0019520522,0.0006817029,0.0001410616,0.0008858833,0.0016912776,0.0012521290,0.0025276374,0.0013099514,0.0018272514,0.0003719546,0.0003575361,0.0018248415,0.0003359926,0.0003790017,0.0017885941,0.0017351143,0.0008350412,0.0016649901,0.0009857405,0.0035978026,0.0095647789,0.0007743775,0.0011484385,0.0004820920,0.0010011507,0.0004890629,0.0011921316,0.0010224831,0.0008005778,0.0016594916,0.0009895575,0.0022564359
