"glcode","total_pages","iso","macroarea","family_name","latitude","longitude","GB020"
"aari1239",1181,"aiw","Africa",NA,NA,NA,NA
"aasa1238",1136,"aas","Africa",NA,NA,NA,NA
"abab1239",15,NA,"Africa",NA,NA,NA,NA
"abad1241",148,"kbt","Papunesia","Austronesian",-9.03389,146.992,"?"
"abag1245",8,"abg",NA,NA,NA,NA,NA
"abar1238",782,"mij","Africa","Atlantic-Congo",6.5805,10.2267,"1"
"abau1245",3386,"aau","Papunesia","Sepik",-3.97222,141.324,"0"
"abaz1241",4038,"abq","Eurasia",NA,NA,NA,NA
"abee1242",290,"aba","Africa","Atlantic-Congo",5.59682,-4.38497,"1"
"aben1249",401,"abp","Papunesia","Austronesian",15.4131,120.2,"0"
"abid1235",1043,"abi","Africa",NA,NA,NA,NA
"abin1243",482,"bsa","Papunesia",NA,NA,NA,NA
"abip1241",1656,"axb","South America","Guaicuruan",-29,-61,"?"
"abis1238",899,"ash","South America",NA,NA,NA,NA
"abkh1244",10876,"abk","Eurasia","Abkhaz-Adyge",43.056218,41.159115,"1"
"abom1238",49,"aob","Papunesia",NA,NA,NA,NA
"abro1238",1055,"abr","Africa",NA,NA,NA,NA
"abua1244",507,"abn","Africa",NA,NA,NA,NA
"abua1245",372,"aah","Papunesia","Nuclear Torricelli",-3.461612,142.917031,"0"
"abui1241",2759,"abz","Papunesia","Timor-Alor-Pantar",-8.31058,124.588,"1"
"abun1252",1103,"kgr","Papunesia",NA,-0.57073,132.416,"1"
"abur1243",771,"abu","Africa",NA,NA,NA,NA
"abur1244",26,"mgj","Africa",NA,NA,NA,NA
"abuu1241",8,"ado","Papunesia",NA,NA,NA,NA
"acat1239",881,"tpx","North America",NA,NA,NA,NA
"acha1249",1518,"acn","Eurasia","Sino-Tibetan",24.3479,97.7438,"0"
"acha1250",2449,"aca","South America","Arawakan",4.38649,-72.2005,"0"
"ache1244",28,"yif",NA,NA,NA,NA,NA
"ache1245",244,"acz","Africa","Narrow Talodi",10.8827,30.3187,"0"
"ache1246",2643,"guq","South America","Tupian",-25.5865,-56.4697,"?"
"achi1256",3071,"acr","North America","Mayan",15.073,-90.3513,"1"
"achi1257",11343,"ace","Papunesia","Austronesian",3.90757,96.6032,"0"
"achu1247",852,"acv","North America","Palaihnihan",41.0979,-121.191,"0"
"achu1248",5556,"acu","South America","Chicham",-2.82646,-77.2641,"0"
"acol1236",5559,"ach","Africa","Nilotic",3.57738,32.5147,"0"
"acom1246",593,NA,"North America",NA,NA,NA,NA
"acro1239",449,"acs","South America",NA,NA,NA,NA
"adai1235",15,"xad","North America",NA,NA,NA,NA
"adam1238",507,"ads","Africa",NA,NA,NA,NA
"adam1253",16376,"fub",NA,NA,NA,NA,NA
"adan1247",107993,"ada",NA,NA,NA,NA,NA
"adan1248",198,"adq","Africa",NA,NA,NA,NA
"adan1251",476,"adn","Papunesia","Timor-Alor-Pantar",-8.18958,124.448,"1"
"adas1235",19,"tiu","Papunesia",NA,NA,NA,NA
"adel1244",364,"ade","Africa",NA,NA,NA,NA
"adho1243",242,"adh","Africa",NA,NA,NA,NA
"adio1239",3053,"adj","Africa",NA,NA,NA,NA
"adiv1239",3274,"ort","Eurasia",NA,NA,NA,NA
"adny1235",2453,"adt","Australia","Pama-Nyungan",-30.1451,138.671,"0"
"adon1237",335,"adr","Papunesia","Austronesian",-8.32027,123.159,"0"
"adyg1241",9956,"ady","Eurasia",NA,NA,NA,NA
"adze1240",3280,"adz",NA,"Austronesian",-6.39394,146.294,"0"
"adze1241",175,"azr","Papua",NA,NA,NA,NA
"aeka1244",1,"aez","Papunesia",NA,NA,NA,NA
"aeky1238",468,"awi","Papunesia","Kamula-Elevala",-5.88478,141.532,"0"
"afad1236",1464,"aal","Africa","Afro-Asiatic",12.0551,14.6343,"?"
"afar1241",7402,"aar","Africa","Afro-Asiatic",12.2281,41.8083,"0"
"afgh1239",217,"afg","Eurasia",NA,NA,NA,NA
"afik1238",106,NA,"Africa",NA,NA,NA,NA
"afit1238",196,"aft","Africa",NA,NA,NA,NA
"afri1274",42462,"afr",NA,NA,NA,NA,NA
"afro1254",29,"afs","North America",NA,NA,NA,NA
"afro1255",13816,NA,"Africa",NA,NA,NA,NA
"agar1251",320,"agi","Eurasia",NA,NA,NA,NA
"agar1252",1766,"agd","Papunesia",NA,NA,NA,NA
"agat1236",291,"agc","Africa",NA,NA,NA,NA
"agav1236",845,"avo",NA,NA,NA,NA,NA
"aghe1239",3348,"agq",NA,"Atlantic-Congo",6.38956,10.0807,"0"
"aghu1253",1657,"agx","Eurasia",NA,NA,NA,NA
"aghu1254",186,"ggr","Australia","Pama-Nyungan",-13.735,142.426,NA
"aghu1255",1201,"ahh","Papunesia","Nuclear Trans New Guinea",-6.34674,140.043,"0"
"aghw1237",696,"xag","Eurasia","Nakh-Daghestanian",40.374444,47.126667,"1"
"agob1244",920,"kit","Papunesia","Pahoturi",-9.08521,142.532,"0"
"agoi1246",80,"ibm","Africa",NA,NA,NA,NA
"agta1234",1406,"apf","Papunesia",NA,NA,NA,NA
"agua1252",2035,"agu","North America",NA,NA,NA,NA
"agua1253",8347,"agr","South America","Chicham",-5.30044,-77.9218,"?"
"agun1238",25,"aug","Africa",NA,NA,NA,NA
"agus1235",2343,"msm","Papunesia","Austronesian",8.62731,125.742,"?"
"agut1237",2974,"agn","Papunesia","Austronesian",10.5328,119.655,"1"
"agwa1247",382,"yay","Africa",NA,NA,NA,NA
"ahan1243",512,"aha","Africa",NA,NA,NA,NA
"ahan1244",642,"ahn","Africa",NA,NA,NA,NA
"aher1237",53,"esg","Eurasia",NA,NA,NA,NA
"aheu1239",717,"thm","Eurasia","Austroasiatic",17.7655,104.229,"0"
"ahin1234",656,"kak","Papunesia","Austronesian",16.321,120.90003,"1"
"ahom1240",3717,"aho","Eurasia","Tai-Kadai",27.2778,88.464,"0"
"ahte1237",4985,"aht","North America",NA,NA,NA,NA
"ahwa1235",76,"nfd","Africa",NA,NA,NA,NA
"aich1238",328,"aih","Eurasia",NA,NA,NA,NA
"aigh1235",30,"aix","Papunesia",NA,NA,NA,NA
"aika1237",1604,"tba","South America",NA,-12.6695,-60.5353,"0"
"aima1241",390,"aiq","Eurasia",NA,NA,NA,NA
"aime1238",437,"ail","Papunesia","Bosavi",-6.68656,142.656,"1"
"aimo1244",420,"aim","Eurasia",NA,NA,NA,NA
"ainb1238",14,"aic","Papunesia",NA,NA,NA,NA
"ainu1240",8804,"ain","Eurasia","Ainu",43.633654,142.46167,"0"
"ainu1251",1051,"aib","Eurasia",NA,NA,NA,NA
"airo1242",12,"air","Papunesia",NA,NA,NA,NA
"aito1238",1248,"aio","Eurasia","Tai-Kadai",26.5145,92.3169,"1"
"ajab1235",2151,"ajg","Africa","Atlantic-Congo",7.06634,1.64992,"1"
"ajaw1236",4,"ajw","Africa",NA,NA,NA,NA
"ajie1238",2027,NA,"Papunesia","Austronesian",-21.3029,165.468,"0"
"ajyi1238",1960,"cpc","South America","Arawakan",-9.82364,-74.61947,NA
"akab1248",510,"akm","Eurasia",NA,NA,NA,NA
"akab1249",1616,"abj","Eurasia","Great Andamanese",12.3782,92.7818,"1"
"akac1240",497,"aci","Eurasia",NA,NA,NA,NA
"akaj1239",2216,"akj","Eurasia","Great Andamanese",13.1525,92.9504,"0"
"akak1251",30,"ack","Eurasia",NA,NA,NA,NA
"akak1252",229,"akx","Eurasia",NA,NA,NA,NA
"akak1253",598,"aky","Eurasia",NA,NA,NA,NA
"akan1250",23933,"aka",NA,"Atlantic-Congo",6.34756,-1.33254,"1"
"akar1243",33,"acl","Eurasia",NA,NA,NA,NA
"akar1244",4,NA,"Australia",NA,NA,NA,NA
"akas1242",90,"aks","Africa",NA,NA,NA,NA
"akaw1239",3709,"ake","South America",NA,NA,NA,NA
"akeb1238",404,"keu","Africa",NA,NA,NA,NA
"akee1238",78,"aik","Africa",NA,NA,NA,NA
"akei1237",13,"tsr","Papunesia","Austronesian",-15.6377,166.767,"0"
"akeu1235",440,"aeu","Eurasia",NA,NA,NA,NA
"akha1245",5561,"ahk",NA,"Sino-Tibetan",21.2309,100.964,"0"
"akhv1239",2104,"akv","Eurasia",NA,NA,NA,NA
"akim1239",579,NA,"North America",NA,NA,NA,NA
"akka1237",229,"sia","Eurasia",NA,NA,NA,NA
"akka1240",16520,"akk","Eurasia","Afro-Asiatic",33.1,44.1,"0"
"akla1240",1044,"akl","Papunesia",NA,NA,NA,NA
"akla1241",38,NA,"Papunesia","Austronesian",11.5543,122.354,"1"
"akoo1248",1248,"bss","Africa","Atlantic-Congo",4.9243,9.65522,"0"
"akoy1238",763,"miw","Papunesia",NA,NA,NA,NA
"akpa1238",35,"akf","Africa",NA,NA,NA,NA
"akpe1248",841,"ibe","Africa",NA,NA,NA,NA
"akru1241",376,"afi","Papunesia",NA,NA,NA,NA
"akuk1235",188,"ayk","Africa",NA,NA,NA,NA
"akum1238",28,"aku","Africa",NA,NA,NA,NA
"akun1241",516,"aqz","South America","Tupian",-12.8322,-60.9716,"1"
"akur1238",261,"ako","South America",NA,NA,NA,NA
"akwa1248",560,"akw","Africa",NA,NA,NA,NA
"akye1239",8,NA,"Africa",NA,NA,NA,NA
"alab1237",1431,"akz","North America","Muskogean",30.76738,-94.62848,"0"
"alab1246",894,"dul","Papunesia",NA,NA,NA,NA
"alab1254",1382,"alw","Africa","Afro-Asiatic",7.39014,38.1732,"1"
"alac1244",1501,"mim","North America","Otomanguean",17.25,-98.58,"0"
"alag1242",23,"ala",NA,NA,NA,NA,NA
"alag1248",611,"wbj","Africa","Afro-Asiatic",-4.64148,35.7231,"0"
"alak1253",432,"alk","Eurasia",NA,NA,NA,NA
"alam1246",6073,"amp","Papunesia","Sepik",-4.66307,143.316,"1"
"alan1249",40,"alj","Papunesia",NA,NA,NA,NA
"alaw1244",1401,"alh","Australia",NA,NA,NA,NA
"alba1269",636,"bhk","Papunesia","Austronesian",13.1989,123.49,"0"
"alba1270",268,NA,"North America",NA,NA,NA,NA
"alba1271",163,"sqk","Eurasia",NA,NA,NA,NA
"alba1273",20,"lsc","North America",NA,NA,NA,NA
"alco1235",810,"xta","North America",NA,NA,NA,NA
"aleg1238",53,"alf","Africa",NA,NA,NA,NA
"alek1238",3827,"gah","Papunesia",NA,NA,NA,NA
"aleu1260",10579,"ale","North America","Eskimo-Aleut",52.1228,-174.29,"0"
"alge1235",136,"asp","Africa",NA,NA,NA,NA
"alge1239",9798,"arq","Africa",NA,NA,NA,NA
"alge1240",199,"aao","Africa",NA,NA,NA,NA
"algi1247",56,NA,"Africa",NA,NA,NA,NA
"algo1255",2808,"alq","North America",NA,NA,NA,NA
"algo1256",33,NA,NA,NA,NA,NA,NA
"alii1240",215,"aiy","Africa",NA,NA,NA,NA
"alla1247",2,"all","Eurasia",NA,NA,NA,NA
"alla1248",1115,"ald","Africa",NA,NA,NA,NA
"aloa1235",83,"zaq","North America",NA,NA,NA,NA
"alop1235",439,"ypo","Eurasia",NA,NA,NA,NA
"alor1247",753,"aol","Papunesia","Austronesian",-8.20382,124.264,"0"
"alsa1242",294,"syy","Eurasia",NA,NA,NA,NA
"alse1251",1017,"aes","North America",NA,44.408,-123.94,"1"
"aluk1238",2351,"xua",NA,"Dravidian",11.3456,76.7995,"0"
"alum1246",2975,"aab","Eurasia",NA,NA,NA,NA
"alun1238",2131,"alp","Papunesia",NA,NA,NA,NA
"aluo1235",149,"yna","Eurasia",NA,NA,NA,NA
"alur1250",3384,"alz","Africa",NA,NA,NA,NA
"alut1245",3325,"alr",NA,NA,NA,NA,NA
"alvi1241",30,"avd","Eurasia",NA,NA,NA,NA
"alya1239",2450,"aly","Australia","Pama-Nyungan",-21.0427,136.835,"1"
"amah1246",2695,"amc","South America","Pano-Tacanan",-10.2012,-72.3208,"0"
"amai1246",739,"ali","Papua",NA,NA,NA,NA
"amam1247",74,"jks","Eurasia",NA,NA,NA,NA
"aman1265",4918,"amn","Papunesia",NA,NA,NA,NA
"aman1266",537,"ama","South America",NA,NA,NA,NA
"amap1240",2258,"amm","Papunesia","Left May",-4.20192,141.658,"0"
"amar1271",346,"amg","Australia",NA,NA,NA,NA
"amar1272",291,"aie","Papunesia","Austronesian",-5.55778,148.68,"0"
"amar1273",985,"aaz","Papunesia",NA,NA,NA,NA
"amar1274",4732,"amr","South America","Harakmbut",-12.4931,-70.5533,"0"
"amar1281",26,NA,"Africa",NA,NA,NA,NA
"amas1236",760,"nyi","Africa","Nyimang",12.0993,29.4332,"0"
"amat1238",797,"zpo","Africa",NA,NA,NA,NA
"amba1263",602,"rwm","Africa",NA,NA,NA,NA
"amba1265",936,"amk","Papunesia",NA,NA,NA,NA
"amba1267",132,"abc","Papunesia",NA,NA,NA,NA
"amba1269",246,"aew","Papunesia",NA,NA,NA,NA
"ambe1247",289,"ael","Africa",NA,NA,NA,NA
"ambe1248",47,"amv","Papunesia",NA,NA,NA,NA
"ambo1250",1956,"abs","Papunesia","Austronesian",-3.71342,128.184,"1"
"ambo1252",734,"qva","South America",NA,NA,NA,NA
"ambu1247",7942,"abt","Papua","Ndu",-3.7801,143.059,"0"
"amda1238",260,NA,"Africa",NA,NA,NA,NA
"amdo1237",8050,"adx","Eurasia","Sino-Tibetan",34.5177,100.485,"0"
"amel1241",4250,"aey","Papunesia",NA,NA,NA,NA
"amer1248",7403,"ase","North America",NA,NA,NA,NA
"amer1254",18,NA,"Eurasia",NA,NA,NA,NA
"amga1235",1780,"ifa","Papunesia",NA,NA,NA,NA
"amha1245",41947,"amh","Africa","Afro-Asiatic",11.708182,39.543456,"1"
"amii1238",1006,"amy","Australia","Western Daly",-13.5573,130.04,"1"
"amis1246",4306,"ami","Papunesia","Austronesian",23.0917,121.348,"0"
"amol1236",43,"mbz","North America",NA,NA,NA,NA
"amoo1242",209,"amo","Africa",NA,NA,NA,NA
"ampa1238",30,"aqd","Africa",NA,NA,NA,NA
"ampa1239",70,"apg","Papunesia",NA,NA,NA,NA
"amri1238",641,"ajz","Eurasia","Sino-Tibetan",26.024,91.482,"?"
"amto1250",113,"amt","Papunesia",NA,NA,NA,NA
"amun1246",856,"adw","South America",NA,NA,NA,NA
"anaa1238",752,"anw","Africa",NA,NA,NA,NA
"anak1240",440,"akg","Papunesia",NA,NA,NA,NA
"anal1239",686,"anm","Eurasia",NA,NA,NA,NA
"anam1248",476,"imi","Papunesia",NA,NA,NA,NA
"anam1249",409,"aan","South America",NA,NA,NA,NA
"anat1248",27,"dti","Africa",NA,NA,NA,NA
"anci1242",23390,"grc","Eurasia","Indo-European",39.8155,21.9129,"1"
"anci1244",19323,"hbo","Eurasia","Afro-Asiatic",31.7761,35.1725,"1"
"anci1245",2110,"xna","Eurasia",NA,NA,NA,NA
"anci1248",22,"xlg","Eurasia",NA,NA,NA,NA
"anda1280",59,"hca","Eurasia",NA,NA,NA,NA
"anda1283",35,"afd","Papunesia",NA,NA,NA,NA
"anda1284",1,"aod","Papunesia",NA,NA,NA,NA
"anda1286",674,"ana","South America",NA,NA,NA,NA
"anda1287",2566,"xaa","Eurasia",NA,NA,NA,NA
"ande1247",232,"adg","Australia",NA,NA,NA,NA
"andh1242",792,"anr","Eurasia",NA,NA,NA,NA
"andi1255",2978,"ani",NA,NA,NA,NA,NA
"andi1257",22,"bzb","Papunesia",NA,NA,NA,NA
"ando1255",257,"anb","South America",NA,NA,NA,NA
"ando1256",1841,"ano","South America",NA,-0.53751,-72.0869,"1"
"andr1248",2,"anx","Papunesia",NA,NA,NA,NA
"anei1239",1644,"aty","Papunesia","Austronesian",-20.1864,169.825,"0"
"anem1248",5,"aby","Papunesia",NA,NA,NA,NA
"anem1249",188,"anz","Papunesia",NA,-5.54836,148.993,"0"
"anfi1235",794,"myo","Africa","Ta-Ne-Omotic",8.568,34.647,"1"
"anga1288",3097,"njm","Eurasia","Sino-Tibetan",25.6841,93.8668,"1"
"anga1290",2233,"agm","Papunesia","Angan",-7.15012,146.352,"0"
"anga1292",756,"akh","Papunesia",NA,NA,NA,NA
"anga1293",727,"age","Papunesia",NA,NA,NA,NA
"anga1294",1573,"aoe","Papunesia",NA,NA,NA,NA
"anga1316",448,"aqt","South America",NA,NA,NA,NA
"angg1239",841,"yli","Papunesia",NA,NA,NA,NA
"angi1238",156,"anp","Eurasia",NA,NA,NA,NA
"angl1239",2046,"rme","Eurasia",NA,NA,NA,NA
"angl1258",300,"xno","Eurasia",NA,NA,NA,NA
"ango1254",3462,"agg","Papunesia",NA,NA,NA,NA
"ango1255",27,"aog","Papunesia",NA,NA,NA,NA
"ango1257",331,"tnd","South America","Chibchan",6.54198,-71.9212,"?"
"ango1258",1850,"aoa","Africa",NA,NA,NA,NA
"angu1242",56,"awg","Australia",NA,NA,NA,NA
"anii1245",826,"blo","Africa",NA,NA,NA,NA
"anii1246",3737,"hnh","Africa",NA,NA,NA,NA
"anim1239",28,"anf","Africa",NA,NA,NA,NA
"anin1240",4546,"aoi","Australia","Gunwinyguan",-13.99904,136.6415,"0"
"anin1242",24,"aqk","Africa",NA,NA,NA,NA
"anip1235",189,"ypn","Eurasia",NA,NA,NA,NA
"anja1238",1191,"boj","Papunesia",NA,NA,NA,NA
"anka1246",1208,"aak","Papunesia",NA,NA,NA,NA
"anma1239",1407,"amx","Australia",NA,NA,NA,NA
"anor1241",187,"anj","Papunesia",NA,NA,NA,NA
"anse1238",345,"ans","South America",NA,NA,NA,NA
"ansu1237",226,"and","Papunesia",NA,NA,NA,NA
"anta1253",359,"ant","Australia",NA,NA,NA,NA
"anta1255",1411,"xmv","Africa","Austronesian",-13.2164,49.2402,"1"
"anti1245",465,"aig","North America",NA,NA,NA,NA
"anua1242",2951,"anu","Africa","Nilotic",7.57714,34.0267,"1"
"anuf1239",1911,"cko","Africa","Atlantic-Congo",10.2839,0.56021,"1"
"anut1237",1080,"aud",NA,"Austronesian",-11.61,169.85,"1"
"anuu1241",171,"anl","Eurasia","Sino-Tibetan",21.5,93.05,"1"
"anyi1244",574,"mtb","Africa",NA,NA,NA,NA
"anyi1245",5686,"any","Africa",NA,NA,NA,NA
"aohe1237",1054,"pni","Papunesia",NA,NA,NA,NA
"aona1235",5701,"njo",NA,"Sino-Tibetan",26.3241,94.3824,"0"
"aoua1234",1348,"aou","Eurasia","Tai-Kadai",26.8,105.85,"1"
"apac1239",16,NA,NA,NA,NA,NA,NA
"apal1237",71,"xap","North America",NA,NA,NA,NA
"apal1256",53,"ena","Papunesia",NA,NA,NA,NA
"apal1257",1377,"apy","South America",NA,NA,NA,NA
"apas1235",32,"mip","North America",NA,NA,NA,NA
"apat1240",2755,"apt","Eurasia","Sino-Tibetan",27.1933,93.7284,"0"
"apia1248",2553,"api","South America",NA,NA,NA,NA
"apin1244",4482,"apn","South America","Nuclear-Macro-Je",-6.10774,-47.6315,"1"
"apma1240",1027,"app","Papunesia","Austronesian",-15.8559,168.189,"1"
"apma1241",735,"kbx","Papunesia","Keram",-4.35147,144.085,"0"
"apro1235",137,"ahp","Africa",NA,NA,NA,NA
"apuc1241",172,"apq","Eurasia",NA,NA,NA,NA
"apul1237",12,NA,"Eurasia",NA,NA,NA,NA
"apur1254",2223,"apu","South America","Arawakan",-8.21692,-66.7714,"0"
"aput1237",26,"apx","Papunesia",NA,NA,NA,NA
"arab1267",680,"ard","Australia","Pama-Nyungan",-28.705,135.449,NA
"arab1268",2005,"arl","South America",NA,NA,NA,NA
"arag1245",4594,"arg","Eurasia",NA,NA,NA,NA
"arak1252",353,"akr","Papunesia","Austronesian",-15.632997,166.952542,"0"
"arak1254",443,"rkw","Australia",NA,NA,NA,NA
"aral1243",175,"atq","Papunesia",NA,NA,NA,NA
"aram1253",225,"stk","Papunesia","Yam",-8.29593,141.445,"0"
"aran1237",155,"jbj","Papunesia",NA,NA,NA,NA
"aran1261",5,NA,"Eurasia",NA,NA,NA,NA
"aran1267",32,NA,NA,NA,NA,NA,NA
"arao1248",2561,"aro","South America","Pano-Tacanan",-12.4242,-67.7293,"1"
"arap1274",2773,"arp","North America","Algic",43.3879,-108.81,"0"
"arap1275",289,"arj","South America",NA,NA,NA,NA
"araw1273",2294,"awt","South America","Tupian",-4.90246,-52.5001,"0"
"araw1276",5319,"arw","South America","Arawakan",5.64295,-56.9243,"1"
"araw1281",3236,NA,"South America",NA,NA,NA,NA
"arbe1236",2826,"aae","Eurasia",NA,NA,NA,NA
"arbo1245",1083,"arv","Africa","Afro-Asiatic",4.92183,36.7986,"1"
"arch1244",4304,"aqc","Eurasia","Nakh-Daghestanian",42.3239,46.8267,"0"
"area1240",519,"alu","Papunesia","Austronesian",-9.20699,161.158,"1"
"aree1239",142,"mwc","Papunesia","Austronesian",-9.67147,149.999,"0"
"arem1240",21,"aem","Eurasia",NA,NA,NA,NA
"areq1237",1258,"qxu","South America",NA,NA,NA,NA
"arew1238",41,NA,"Africa",NA,NA,NA,NA
"arge1236",2120,"aed","South America",NA,NA,NA,NA
"argo1244",1631,"agj","Africa","Afro-Asiatic",10.6596,39.756,"1"
"argu1237",162,"agf","Papunesia",NA,NA,NA,NA
"arha1237",38,"aqr","Papunesia",NA,NA,NA,NA
"arho1237",6,NA,"Papunesia",NA,NA,NA,NA
"arhu1242",4941,"arh","South America","Chibchan",10.7018,-73.6363,"1"
"arib1241",38,"laz","Papunesia","Austronesian",-6.72266,146.991,"1"
"arif1239",477,"aai","Papunesia",NA,NA,NA,NA
"arig1246",912,"aqg","Africa","Atlantic-Congo",7.56324,5.89556,"1"
"arik1262",854,"ari","North America",NA,NA,NA,NA
"arik1264",3,"ait","South America",NA,NA,NA,NA
"arik1265",1894,"ark",NA,"Nuclear-Macro-Je",-12.4878,-62.7261,"?"
"arin1244",9,"luc","Africa",NA,NA,NA,NA
"ariz1237",33,NA,"North America",NA,NA,NA,NA
"arma1244",48,"aoh",NA,NA,NA,NA,NA
"arme1259",1170,"aen",NA,NA,NA,NA,NA
"arom1237",7910,"rup","Eurasia","Indo-European",40.616,21.2,"1"
"arop1242",339,"aps","Papunesia","Austronesian",-3.06984,142.12,"0"
"arop1243",201,"apr","Papunesia","Austronesian",-5.31671,147.103,"0"
"aros1241",1445,"aia","Papunesia","Austronesian",-10.2441,161.432,"1"
"arta1239",630,"atz","Papunesia","Austronesian",16.4185,121.656,"1"
"arua1260",2,"msy","Papunesia",NA,NA,NA,NA
"arua1261",3,"arx","South America",NA,NA,NA,NA
"arua1263",16,"aru","South America",NA,NA,NA,NA
"arut1244",164,"atx","South America",NA,NA,NA,NA
"arva1236",1994,"aat","Eurasia",NA,NA,NA,NA
"asan1239",400,NA,"Africa",NA,NA,NA,NA
"asha1243",5378,"cni","South America","Arawakan",-11.9311,-73.9073,"0"
"ashe1269",80,"ahs","Africa",NA,NA,NA,NA
"ashe1272",2719,"prq","South America","Arawakan",-10.9777,-74.9153,"0"
"ashe1273",3475,"cjo","South America",NA,NA,NA,NA
"ashk1246",304,"ask","Eurasia",NA,NA,NA,NA
"asho1236",3940,"csh","Eurasia",NA,NA,NA,NA
"asht1244",392,"atn","Eurasia",NA,NA,NA,NA
"asil1242",209,"asl","Papunesia",NA,NA,NA,NA
"asoa1238",241,"asv","Africa","Central Sudanic",2.26818,26.7198,"0"
"assa1263",7325,"asm","Eurasia",NA,NA,NA,NA
"assa1269",180,NA,"Africa",NA,NA,NA,NA
"assi1247",3318,"asb","North America","Siouan",49.2923,-106.068,"0"
"asss1237",75,"asz","Papunesia",NA,NA,NA,NA
"assy1241",9227,"aii","Eurasia",NA,NA,NA,NA
"astu1245",5537,"ast","Eurasia",NA,NA,NA,NA
"asue1235",115,"psa","Papunesia",NA,NA,NA,NA
"asum1237",8,"aua","Papunesia",NA,NA,NA,NA
"asun1235",203,"aum","Africa",NA,NA,NA,NA
"asun1236",238,"zoo","North America",NA,NA,NA,NA
"asur1254",362,"asr","Eurasia","Austroasiatic",21.5721,83.4562,"0"
"asut1235",2712,"asa","Africa","Atlantic-Congo",-4.17978,37.8323,"0"
"ataa1240",166,"atm","Papunesia",NA,NA,NA,NA
"atak1252",1149,"aqp","North America",NA,30.9121,-93.0827,"?"
"atam1239",153,"amz",NA,"Pama-Nyungan",-11.0018,142.273,"0"
"atam1240",952,"atd","Papunesia","Austronesian",7.7789,125.499,"1"
"atat1238",530,"mib","North America",NA,NA,NA,NA
"atay1247",4927,"tay","Papunesia","Austronesian",24.5209,121.388,"1"
"atem1241",1273,"ate","Papunesia",NA,NA,NA,NA
"atha1245",18,NA,NA,NA,NA,NA,NA
"athp1241",737,"aph","Eurasia","Sino-Tibetan",26.8794,87.3296,"0"
"atii1237",831,"atk",NA,"Austronesian",11.1539,122.512,"0"
"atik1240",919,"atj","North America",NA,NA,NA,NA
"atoh1238",16,"aqm","Papunesia",NA,NA,NA,NA
"aton1241",2185,"aot","Eurasia","Sino-Tibetan",25.346508,90.658722,"0"
"ator1244",1759,"aox","South America",NA,NA,NA,NA
"atsa1241",184,"cch","Africa",NA,NA,NA,NA
"atsu1245",959,"atw","North America",NA,NA,NA,NA
"atta1243",11,"pkr","Eurasia",NA,NA,NA,NA
"atti1239",1854,"ati","Africa",NA,NA,NA,NA
"atzi1235",1318,"ocu","North America",NA,NA,NA,NA
"auhe1237",1207,"kud","Papunesia",NA,NA,NA,NA
"aulu1238",42,"aul","Papunesia","Austronesian",-16.3579,167.697,"?"
"aura1243",102,NA,"South America",NA,NA,NA,NA
"aush1241",1115,"auh","Africa",NA,NA,NA,NA
"aust1252",117,"asq","Eurasia",NA,NA,NA,NA
"aust1253",1347,"asw","Australia",NA,NA,NA,NA
"aust1271",1701,"asf","Australia",NA,NA,NA,NA
"aust1304",506,"aut","Papunesia",NA,NA,NA,NA
"aust1305",3734,NA,"Eurasia",NA,NA,NA,NA
"auuu1241",3811,"avt","Papunesia","Nuclear Torricelli",-3.53277,142.105,"0"
"auye1238",402,"auu","Papunesia","Nuclear Trans New Guinea",-3.43705,136.096,"1"
"auyo1240",80,"auo","Africa",NA,NA,NA,NA
"avac1239",1811,"avv","South America","Tupian",-13.6081,-48.1336,"0"
"avar1256",10168,"ava","Eurasia",NA,NA,NA,NA
"avat1244",1158,"avn","Africa","Atlantic-Congo",6.8688,0.41314,"1"
"aves1237",9317,"ave","Eurasia",NA,NA,NA,NA
"avik1243",495,NA,"Africa",NA,NA,NA,NA
"avok1242",1198,"avu","Africa","Central Sudanic",4.38639,29.9379,"0"
"awab1243",3677,"awk","Australia","Pama-Nyungan",-33.12847,151.43555,NA
"awac1238",347,"vwa","Eurasia",NA,NA,NA,NA
"awac1239",2770,"kwi","South America","Barbacoan",1.21652,-78.3401,"0"
"awad1243",1480,"awa","Eurasia","Indo-European",27.5907,82.4663,"0"
"awad1244",1556,"bcu","Eurasia","Austronesian",-5.59896,146.355,"0"
"awak1250",16,"awo","Africa",NA,NA,NA,NA
"awap1236",9376,"awb","Papunesia","Nuclear Trans New Guinea",-6.65534,145.714,"1"
"awar1248",1170,"awx","Papunesia","Nuclear Trans New Guinea",-6.16986,146.372,"0"
"awar1249",341,"aya","Papunesia","Lower Sepik-Ramu",-4.13554,144.836,"1"
"awee1242",1042,"bob","Africa",NA,NA,NA,NA
"awet1244",2188,"awe","South America","Tupian",-12.381944,-53.391944,"0"
"awin1248",566,"azo","Africa",NA,NA,NA,NA
"awiy1238",4322,"auy","Papunesia",NA,NA,NA,NA
"awji1241",477,"auj","Africa","Afro-Asiatic",29.2341,21.1819,"?"
"awng1244",1663,"awn","Africa",NA,NA,NA,NA
"awtu1239",631,"kmn","Papunesia","Sepik",-3.53129,141.928,"0"
"awun1245",761,"aww","Papunesia",NA,NA,NA,NA
"awut1241",685,"afu","Africa",NA,NA,NA,NA
"awuu1235",424,"yiu","Eurasia",NA,NA,NA,NA
"awyi1241",515,"auw","Papunesia",NA,NA,NA,NA
"axam1237",570,"ahb","Papunesia","Austronesian",-16.4838,167.707,"1"
"axiy1235",871,"yix","Eurasia","Sino-Tibetan",24.6009,103.713,"0"
"ayab1239",611,"ayd","Australia",NA,NA,NA,NA
"ayac1239",7541,"quy","South America","Quechuan",-13.84714,-74.32246,"0"
"ayau1235",454,"vmy","North America",NA,NA,NA,NA
"ayip1235",32,"ayq","Papunesia",NA,NA,NA,NA
"ayiw1239",1794,"nfl","Papunesia","Austronesian",-10.282595,166.328715,"0"
"ayiz1245",126,"ayb","Africa",NA,NA,NA,NA
"ayoq1235",230,"zaf","North America",NA,NA,NA,NA
"ayor1240",3137,"ayo","South America",NA,NA,NA,NA
"ayut1236",798,"miy","Eurasia",NA,NA,NA,NA
"ayuu1242",42,"ayu","Africa",NA,NA,NA,NA
"azha1235",391,"aza","Eurasia","Sino-Tibetan",23.9,104.15,"0"
"azhe1235",226,"yiz","Eurasia",NA,NA,NA,NA
"azoy1236",367973,"tpc",NA,NA,NA,NA,NA
"baan1241",77,"bvj","Africa",NA,NA,NA,NA
"baan1242",46,"bqx","Africa",NA,NA,NA,NA
"baat1238",1379,"bba","Africa",NA,NA,NA,NA
"baba1263",138,"bbm","Africa",NA,NA,NA,NA
"baba1264",641,"bbw","Africa","Atlantic-Congo",6.11222,10.5216,"1"
"baba1266",912,"bbk","Africa","Atlantic-Congo",5.97863,10.2869,"1"
"baba1267",2186,"mbf","Eurasia","Austronesian",1.75414,103.076,"0"
"baba1268",14,"baa","Papunesia","Austronesian",-7.22281,157.149,"0"
"baba1273",48,"bbz","Africa",NA,NA,NA,NA
"babi1235",1255,"bcr","North America","Athabaskan-Eyak-Tlingit",55.0997,-126.41,"0"
"babu1240",917,"bzg","Papunesia",NA,NA,NA,NA
"babu1242",24,NA,"Papunesia",NA,NA,NA,NA
"baca1243",121,"btj",NA,NA,NA,NA,NA
"baca1246",1246,"bcy","Africa",NA,NA,NA,NA
"bact1239",1097,"xbc","Eurasia",NA,NA,NA,NA
"bada1257",4264,"bfq","Eurasia","Dravidian",11.3094,76.5974,"0"
"bada1258",146,"bau","Africa",NA,NA,NA,NA
"bada1261",9,"bhz","Papunesia",NA,NA,NA,NA
"bade1240",2,"bdz","Eurasia",NA,NA,NA,NA
"bade1248",1648,"bde","Africa",NA,NA,NA,NA
"badi1246",131,"bia","Australia",NA,NA,NA,NA
"badj1244",27,"jbi","Australia",NA,NA,NA,NA
"badu1237",273,"bac",NA,NA,NA,NA,NA
"bady1239",1343,"pbp","Africa",NA,NA,NA,NA
"baeg1237",363,"bvd","Papunesia",NA,NA,NA,NA
"bafa1247",1613,"bwt","Africa","Atlantic-Congo",4.53307,9.522,"0"
"bafa1249",366,"bfj","Africa",NA,NA,NA,NA
"baff1240",850,NA,"North America",NA,NA,NA,NA
"bafi1243",3173,"ksf","Africa","Atlantic-Congo",4.72603,11.0982,"0"
"bafu1246",2981,"bfd","Africa","Atlantic-Congo",6.14153,10.1194,"1"
"baga1270",1296,"bmd","Africa",NA,NA,NA,NA
"baga1272",545,"bsp","Africa","Atlantic-Congo",10.4793,-14.4756,"0"
"baga1273",68,"bgo","Africa","Atlantic-Congo",10.1286,-13.947,"1"
"baga1275",1073,"bcg","Africa",NA,NA,NA,NA
"bagh1251",161,"bfy","Eurasia",NA,NA,NA,NA
"bagi1244",82,"fui","Africa",NA,NA,NA,NA
"bagi1246",2177,"bmi","Africa","Central Sudanic",11.52392,14.769495,"1"
"bago1245",37,"bqg","Africa",NA,NA,NA,NA
"bagr1243",787,"bgq","Eurasia",NA,NA,NA,NA
"bagu1251",48,"bqb","Papunesia",NA,NA,NA,NA
"bagv1239",2969,"kva","Eurasia","Nakh-Daghestanian",42.3966,46.1041,"0"
"baha1256",609,"yha","Eurasia",NA,NA,NA,NA
"baha1257",24,"bhv","Papunesia",NA,NA,NA,NA
"baha1258",907,"bdw","Papunesia",NA,NA,NA,NA
"baha1259",1720,"abv","Eurasia","Afro-Asiatic",26.223615,50.580811,"1"
"baha1260",1163,"bah","North America","Indo-European",25.032149,-77.390587,"1"
"bahi1252",1449,"bhj","Eurasia","Sino-Tibetan",27.3323,86.3949,"?"
"bahi1254",1302,"bjh","Papunesia",NA,NA,NA,NA
"bahn1262",6300,"bdq","Eurasia","Austroasiatic",14.0476,108.471,"0"
"baii1251",19,"bdj","Africa",NA,NA,NA,NA
"baik1238",349,"bkx","Papunesia","Austronesian",-9.32991,124.256,"0"
"baim1244",2956,"bqh","Eurasia","Sino-Tibetan",33.1001,103.952,"0"
"bain1259",440,"bab","Africa",NA,NA,NA,NA
"bain1261",1457,"bcz","Africa",NA,NA,NA,NA
"bais1246",914,"bsw","Africa",NA,NA,NA,NA
"baja1265",843,"bjs","North America, South America",NA,NA,NA,NA
"baje1238",497,"bjm","Eurasia",NA,NA,NA,NA
"baka1272",9513,"bkc","Africa","Atlantic-Congo",2.16013,13.7804,"0"
"baka1273",139,"bqz","Africa",NA,NA,NA,NA
"baka1274",846,"bdh","Africa","Central Sudanic",4.65943,29.59,"1"
"baka1277",3807,"bkq","South America",NA,NA,NA,NA
"bakh1245",1174,"bqi","Eurasia",NA,NA,NA,NA
"baki1244",49,"bki","Papunesia","Austronesian",-16.7096,168.165,"0"
"bako1249",897,"bkh","Africa",NA,NA,NA,NA
"bako1250",124,"kme","Africa",NA,NA,NA,NA
"baku1263",792,"bkr","Papunesia",NA,NA,NA,NA
"bakw1243",527,"bjw","Africa",NA,NA,NA,NA
"bala1301",559,"ble","Africa",NA,NA,NA,NA
"bala1302",2870,"bjt","Africa",NA,NA,NA,NA
"bala1310",2059,"blw","Papunesia",NA,NA,NA,NA
"bala1311",315,"sse","Papunesia","Austronesian",6.011614,121.686646,"1"
"bala1314",99,"bls","Papunesia",NA,NA,NA,NA
"bala1315",1058,"blz","Papunesia","Austronesian",-0.86809,123.289,"0"
"bala1316",16,NA,"Papunesia","Austronesian",-20.25,164.2,"?"
"bald1241",38,"bdn","Africa",NA,NA,NA,NA
"bale1254",39,NA,"Africa",NA,NA,NA,NA
"bali1245",8,"bcn","Africa",NA,NA,NA,NA
"bali1274",464,"bcp","Africa",NA,NA,NA,NA
"bali1278",4902,"ban","Papunesia","Austronesian",-8.35714,115.075,"1"
"bali1279",1059,"mhp","Papunesia",NA,NA,NA,NA
"balk1252",6801,"rmn","Eurasia",NA,NA,NA,NA
"balk1254",2224,"bgx","Eurasia",NA,NA,NA,NA
"balo1261",387,"biz","Africa","Atlantic-Congo",0.93777,18.1266,"1"
"balt1257",2550,"rml","Eurasia",NA,NA,NA,NA
"balt1258",1339,"bft","Eurasia",NA,NA,NA,NA
"balu1257",1031,"blq","Papunesia","Austronesian",-2.5604,147.282,"0"
"bama1249",25,"bog","Africa",NA,NA,NA,NA
"bama1251",45,"bbq","Africa",NA,NA,NA,NA
"bamb1262",1005,"myf","Africa","Blue Nile Mao",9.82554,34.6522,"1"
"bamb1265",263,"bmo","Africa",NA,NA,NA,NA
"bamb1266",1756,"baw","Africa","Atlantic-Congo",6.10821,10.2233,NA
"bamb1269",18350,"bam","Africa","Mande",12.9,-7.65,"1"
"bamb1270",672,"ptu","Papunesia","Austronesian",-3.02759,119.201,"1"
"bame1260",486,"bce","Africa",NA,NA,NA,NA
"bamu1253",3844,"bax","Africa","Atlantic-Congo",5.49017,10.8477,"1"
"bamu1254",128,"bqt","Africa",NA,NA,NA,NA
"bamu1256",195,"bvm","Africa",NA,NA,NA,NA
"bamu1257",737,"bcf","Papunesia",NA,NA,NA,NA
"bamw1238",63,"bmg","Africa","Atlantic-Congo",2.16773,19.1644,"0"
"bana1287",106,NA,"Papunesia",NA,NA,NA,NA
"bana1288",68,"bjx","Papunesia","Austronesian",17.5643,121.05,"1"
"bana1292",1101,"byz","Papunesia",NA,NA,NA,NA
"bana1305",1342,"bcw","Africa",NA,NA,NA,NA
"band1337",108,"bjd","Australia",NA,NA,NA,NA
"band1339",872,NA,NA,NA,NA,NA,NA
"band1340",2261,"bqj","Africa","Atlantic-Congo",12.5258,-16.4245,"1"
"band1342",180,"bqk","Africa",NA,NA,NA,NA
"band1343",594,"bpd","Africa",NA,NA,NA,NA
"band1344",1153,"liy","Africa","Atlantic-Congo",6.21563,20.9827,"1"
"band1345",47,"bfl","Africa",NA,NA,NA,NA
"band1348",233,"yaj","Africa",NA,NA,NA,NA
"band1352",527,"bza","Africa",NA,NA,NA,NA
"band1353",262,"bpq","Papunesia",NA,NA,NA,NA
"band1355",561,"bnd","Papunesia",NA,NA,NA,NA
"bang1339",610,"bjb","Australia",NA,NA,NA,NA
"bang1345",34,"bbe","Africa",NA,NA,NA,NA
"bang1347",2580,"bgf","Africa",NA,NA,NA,NA
"bang1350",294,"bnx","Africa",NA,NA,NA,NA
"bang1353",2036,"bxg","Africa",NA,NA,NA,NA
"bang1354",1657,"bni","Africa","Atlantic-Congo",-0.87437,17.227,"0"
"bang1356",475,"bgj","Africa",NA,NA,NA,NA
"bang1363",1265,"dba","Africa",NA,14.8116,-3.77092,"1"
"bang1365",1452,"mfb","Papunesia",NA,NA,NA,NA
"bang1368",704,"bgz","Papunesia",NA,NA,NA,NA
"bani1254",21,"bvv","South America",NA,NA,NA,NA
"bani1255",3221,"bwi","South America","Arawakan",2.17859,-67.7704,"0"
"banj1239",3424,"bjn","Papunesia",NA,NA,NA,NA
"bank1251",387,"bfk","Eurasia",NA,NA,NA,NA
"bank1256",1561,"abb",NA,"Atlantic-Congo",4.3702,9.6403,"0"
"bank1258",52,"bxw","Africa",NA,NA,NA,NA
"bank1259",496,"dbw","Africa",NA,NA,NA,NA
"bann1247",4786,"bcm",NA,"Austronesian",-6.23061,155.128,"?"
"bann1248",6,NA,"North America",NA,NA,NA,NA
"bant1281",1736,"bap","Eurasia","Sino-Tibetan",27.12147,87.04738,"0"
"bant1286",1506,"bnq","Papunesia",NA,NA,NA,NA
"bant1288",311,"bno","Papunesia","Austronesian",12.5194,122.034,"0"
"baou1238",5953,"bci","Africa",NA,NA,NA,NA
"bara1357",621,"brd","Eurasia","Sino-Tibetan",28.3768,85.0584,"0"
"bara1361",701,"brm","Africa","Atlantic-Congo",3.34642,26.861,"?"
"bara1362",8,"bbg","Africa",NA,NA,NA,NA
"bara1367",19,"baj","Papunesia",NA,NA,NA,NA
"bara1369",2710,"bhr","Africa","Austronesian",-23.9716,45.5937,"1"
"bara1370",612,"kys","Papunesia","Austronesian",3.51211,114.482,"1"
"bara1371",50,"brs","Papunesia",NA,NA,NA,NA
"bara1380",4051,"bsn","South America","Tucanoan",0.02193,-70.808,NA
"barb1263",1520,"boi","North America",NA,NA,NA,NA
"barc1235",100,"gry","Africa",NA,NA,NA,NA
"bard1255",5580,"bcj","Australia","Nyulnyulan",-16.6274,122.906,"0"
"bare1276",1593,"bae","South America","Arawakan",1.91649,-66.828,"0"
"bare1279",968,"bva","Africa","Afro-Asiatic",10.970124,17.911727,"0"
"barg1252",2436,"mlp","Papunesia","Nuclear Trans New Guinea",-4.8723,145.756,"0"
"bari1241",13,"bxo","Africa",NA,NA,NA,NA
"bari1284",5457,"bfa","Africa",NA,NA,NA,NA
"bari1286",1174,"bch","Papunesia","Austronesian",-5.5087,148.666,"0"
"bari1290",1,"bjc","Papunesia",NA,NA,NA,NA
"bari1297",1447,"mot","South America",NA,NA,NA,NA
"bari1298",1,"jbk","Papunesia",NA,NA,NA,NA
"baro1252",109,"bbi","Africa",NA,NA,NA,NA
"baro1253",653,"bjk","Papunesia","Austronesian",-3.47672,152.193,"1"
"barr1247",268,"bpt","Australia",NA,NA,NA,NA
"barr1251",74,"tbn","South America",NA,NA,NA,NA
"baru1267",5607,"byr","Papunesia",NA,NA,NA,NA
"baru1269",287,"bjz","Papunesia",NA,NA,NA,NA
"barw1243",424,"bwg","Africa",NA,NA,NA,NA
"barz1241",92,"bjf","Eurasia",NA,NA,NA,NA
"basa1282",489,"bzw","Africa","Atlantic-Congo",8.03159,7.06183,"?"
"basa1284",5375,"bas","Africa",NA,NA,NA,NA
"basa1286",307,"bdb","Papunesia",NA,NA,NA,NA
"basa1287",93,"byq","Papunesia","Austronesian",25.0046,121.857,"0"
"base1242",76,NA,"Africa",NA,NA,NA,NA
"bash1263",1602,"bsg","Eurasia",NA,NA,NA,NA
"bash1264",13132,"bak",NA,"Turkic",53.5967,56.5594,"0"
"bask1236",683,"bst","Africa",NA,NA,NA,NA
"basq1248",31772,"eus",NA,NA,43.2787,-1.31622,"1"
"basq1250",87,NA,"Eurasia",NA,NA,NA,NA
"bass1257",13,NA,"Eurasia",NA,NA,NA,NA
"bass1258",4151,NA,"Africa",NA,NA,NA,NA
"bass1260",785,"bsi","Africa",NA,NA,NA,NA
"bata1285",1066,"bnm","Africa","Atlantic-Congo",1.397041,9.51011,"0"
"bata1288",966,"bts","Papunesia",NA,NA,NA,NA
"bata1289",3380,"bbc","Papunesia","Austronesian",2.35498,99.1761,"0"
"bata1290",1406,"akb","Papunesia",NA,NA,NA,NA
"bata1291",404,"btm","Papunesia",NA,NA,NA,NA
"bata1292",923,"btz","Papunesia",NA,NA,NA,NA
"bata1293",3704,"btx","Papunesia","Austronesian",2.12787,98.2517,"0"
"bata1294",3620,"btd","Papunesia",NA,NA,NA,NA
"bata1297",694,"ayt","Papunesia",NA,NA,NA,NA
"bata1298",2671,"ifb","Papunesia",NA,NA,NA,NA
"bata1301",2296,"bya","Papunesia",NA,NA,NA,NA
"bata1314",2042,"bta","Africa",NA,NA,NA,NA
"bate1261",104,"btv","Eurasia",NA,NA,NA,NA
"bate1262",1143,"btq","Eurasia",NA,NA,NA,NA
"bath1244",459,"bhm","Eurasia",NA,NA,NA,NA
"bath1248",80,NA,"Africa","Afro-Asiatic",12.188285,12.360552,"1"
"bati1251",1109,"btc","Africa",NA,NA,NA,NA
"bats1242",2042,"bbl","Eurasia","Nakh-Daghestanian",42.1806,45.344,"0"
"batu1258",285,"bay","Papunesia",NA,NA,NA,NA
"batu1260",222,"zbt","Papunesia",NA,NA,NA,NA
"baub1235",287,NA,"Papunesia",NA,NA,NA,NA
"bauc1238",58,"bsf","Africa",NA,NA,NA,NA
"baur1251",12,"bge","Eurasia",NA,NA,NA,NA
"baur1252",278,"bxa","Papunesia",NA,NA,NA,NA
"baur1253",3544,"brg","South America","Arawakan",-13.61,-63.68,"1"
"bauu1243",275,NA,"Papunesia",NA,NA,NA,NA
"bauu1244",108,"bbd","Papunesia",NA,NA,NA,NA
"bauw1240",72,"bwk","Papunesia",NA,NA,NA,NA
"bauz1241",2115,"bvz",NA,"Geelvink Bay",-2.44717,137.629,"?"
"bava1246",22815,"bar","Eurasia",NA,NA,NA,NA
"bawm1236",604,"bgr","Eurasia","Sino-Tibetan",22.4405233333,92.92553,"0"
"baya1255",29,NA,"Eurasia",NA,NA,NA,NA
"baya1257",11,"bjy","Australia",NA,NA,NA,NA
"bayb1234",31,"bvy","Papunesia","Austronesian",10.6956,124.8086,"1"
"baym1241",21,"mkq","North America",NA,NA,NA,NA
"bayo1255",551,"bda","Africa","Atlantic-Congo",12.6881,-16.3947,"1"
"bayu1240",418,"bxj","Australia",NA,NA,NA,NA
"bazi1237",343,"bfr","Eurasia",NA,NA,NA,NA
"beam1240",712,"beo","Papunesia",NA,NA,NA,NA
"beav1236",2500,"bea","North America",NA,NA,NA,NA
"bebe1248",517,"beb","Africa","Atlantic-Congo",4.78874,12.824,"0"
"bebe1250",52,"bzv","Africa",NA,NA,NA,NA
"bebe1252",90,"bek","Papunesia",NA,NA,NA,NA
"bebi1242",224,"bxp","Africa",NA,NA,NA,NA
"bedi1235",1470,"tnr","Africa",NA,NA,NA,NA
"bedj1245",1804,"bjv","Africa",NA,NA,NA,NA
"bedo1237",22,"bed","Papunesia",NA,NA,NA,NA
"beek1238",261,NA,"Africa",NA,NA,NA,NA
"beem1239",2022,"beq","Africa","Atlantic-Congo",-3.95895,14.1,"0"
"beez1238",193,"bnz","Africa",NA,NA,NA,NA
"befa1241",1050,"bby","Africa",NA,NA,NA,NA
"begb1241",122,"bqv","Africa",NA,NA,NA,NA
"beja1238",7193,"bej","Africa","Afro-Asiatic",17.2436,36.6666,"1"
"beka1240",169,NA,"Africa",NA,NA,NA,NA
"beka1241",759,"bei","Papunesia","Austronesian",1.3307,109.576,"1"
"bekw1241",666,"bkv","Africa","Atlantic-Congo",6.73737,8.86489,"0"
"bekw1242",4743,"bkw",NA,"Atlantic-Congo",1.71801,14.6527,"?"
"bela1254",7829,"bel","Eurasia","Indo-European",53.2307,25.6038,"0"
"bela1255",1173,"bvi","Africa",NA,NA,NA,NA
"bela1256",647,"bxb","Africa","Nilotic",6.6503,27.8232,"0"
"bela1260",337,"beg","Papunesia","Austronesian",4.96207,114.933,"0"
"belh1239",731,"byw","Eurasia","Sino-Tibetan",26.9972,87.2783,"0"
"beli1257",368,"blm","Africa","Central Sudanic",6.40428,29.7954,"1"
"beli1260",5528,"bzj",NA,"Indo-European",17.3941,-88.6281,"1"
"bell1243",1784,"blc","North America","Salishan",52.3448,-126.689,"1"
"bell1261",345,"brw","Eurasia",NA,NA,NA,NA
"bell1263",321,NA,"North America",NA,NA,NA,NA
"beln1234",76,"glb","Africa",NA,NA,NA,NA
"bemb1255",687,"bmb","Africa",NA,NA,NA,NA
"bemb1257",9070,"bem","Africa","Atlantic-Congo",-10.6122,29.2993,"0"
"bena1260",637,"yun","Africa",NA,NA,NA,NA
"bena1262",1975,"bez","Africa","Atlantic-Congo",-9.26671,35.0364,"?"
"bena1264",2014,"bef","Papunesia",NA,NA,NA,NA
"benc1235",2785,"bcq","Africa","Ta-Ne-Omotic",7.04682,35.7673,"0"
"bend1258",648,"bdp","Africa",NA,NA,NA,NA
"bend1260",77,"bct","Africa",NA,NA,NA,NA
"beng1239",1575,"bqy","Papunesia",NA,NA,NA,NA
"beng1280",17411,"ben","Eurasia",NA,NA,NA,NA
"beng1282",2468,NA,"Africa","Atlantic-Congo",1.075766,9.600739,"0"
"beng1286",759,"nhb","Africa",NA,NA,NA,NA
"benl1235",593,"xpb","Australia",NA,NA,NA,NA
"bent1238",892,NA,"Africa","Dogon",14.78,-2.94,"1"
"benu1247",1337,NA,"Africa",NA,NA,NA,NA
"beny1237",31,"byd","Papunesia",NA,NA,NA,NA
"beot1247",598,"bue","North America",NA,NA,NA,NA
"bera1259",726,"brf","Africa",NA,NA,NA,NA
"bera1261",411,"bxv","Africa",NA,NA,NA,NA
"bera1262",202,"bve","Papunesia","Austronesian",1.6687,117.934,"?"
"berb1259",2243,"brc","South America","Indo-European",5.3829,-58.0002,"1"
"beri1253",84,"bit",NA,NA,NA,NA,NA
"beri1254",2545,"bkl","Papunesia",NA,NA,NA,NA
"bero1242",2905,"bom","Africa",NA,NA,NA,NA
"bert1248",4647,"wti","Africa",NA,10.6474,34.7042,"0"
"bert1249",459,"byt","Africa",NA,NA,NA,NA
"besi1244",1556,"mhe","Eurasia",NA,NA,NA,NA
"besm1235",30,"bes","Africa",NA,NA,NA,NA
"beso1237",98,"bep","Papunesia",NA,NA,NA,NA
"beta1252",3121,"bew","Papunesia","Austronesian",-6.21174,107.022,"0"
"beta1253",14,NA,"Papunesia",NA,NA,NA,NA
"bete1261",259,"byf","Africa",NA,NA,NA,NA
"bete1262",392,"btt","Africa",NA,NA,NA,NA
"beti1248",379,"eot","Africa",NA,NA,NA,NA
"bett1235",1117,"xub","Eurasia",NA,NA,NA,NA
"bezh1248",4070,"kap","Eurasia","Nakh-Daghestanian",42.1206,46.0332,"0"
"bhad1241",498,"bhd","Eurasia",NA,NA,NA,NA
"bhal1245",17,"bhx","Eurasia",NA,NA,NA,NA
"bhar1241",780,"bha","Eurasia",NA,NA,NA,NA
"bhat1237",208,"btl","Eurasia",NA,NA,NA,NA
"bhat1263",834,"bht","Eurasia",NA,NA,NA,NA
"bhat1265",467,"bgw","Eurasia",NA,NA,NA,NA
"bhil1251",1604,"bhb","Eurasia",NA,NA,NA,NA
"bhoj1244",7500,"bho",NA,"Indo-European",26.458455,84.817115,"0"
"bhot1235",238,"nes","Eurasia",NA,NA,NA,NA
"bhun1242",185,"bhu","Eurasia",NA,NA,NA,NA
"biaf1240",711,NA,"Africa","Atlantic-Congo",11.467,-15.1347,"0"
"biak1248",3406,"bhw","Papunesia","Austronesian",-0.9523,135.879,"1"
"bial1238",1071,"beh","Eurasia",NA,NA,NA,NA
"bian1251",73,"bpv",NA,NA,NA,NA,NA
"bian1252",2586,"big","Papunesia","Goilalan",-7.33882,146.765,"0"
"biao1253",939,"byk","Eurasia","Tai-Kadai",23.656,113.391,"0"
"biao1254",1702,"bje","Eurasia","Hmong-Mien",25.5309,111.344,"0"
"biao1256",44,"bmt","Eurasia","Hmong-Mien",24.6451,113.469,"0"
"biat1246",969,"bth","Papunesia","Austronesian",1.17596,110.254,"?"
"bidi1241",1768,"bid","Africa",NA,NA,NA,NA
"bidy1243",432,"bym","Australia",NA,NA,NA,NA
"bidy1244",1673,"bjg","Africa","Atlantic-Congo",11.1097,-16.1497,"0"
"biem1237",250,"bmc","Papunesia",NA,NA,NA,NA
"bier1244",1380,"bnk","Papunesia","Austronesian",-16.6663,168.154,"1"
"biet1238",568,"biu","Eurasia",NA,NA,NA,NA
"biga1237",17,"xbe","Australia",NA,NA,NA,NA
"bign1238",412,"nmb","Papunesia","Austronesian",-16.0903,167.239,"0"
"biha1246",520,"ibh","Eurasia","Austronesian",12.483333,108.016667,"0"
"biji1246",17,"jbm","Africa",NA,NA,NA,NA
"bijo1238",680,"bix","Eurasia",NA,NA,NA,NA
"bila1253",277,"kfs","Eurasia",NA,NA,NA,NA
"bila1255",3010,"bip","Africa","Atlantic-Congo",1.16839,28.7626,"0"
"bilb1241",71,"brz","Papunesia","Austronesian",-5.26505,145.764,"1"
"bile1244",107,"bil","Africa",NA,NA,NA,NA
"bili1250",558,NA,"Australia","Pama-Nyungan",-16.868771,130.533991,"0"
"bili1260",39363,"byn","Africa","Afro-Asiatic",15.7833,38.3917,"0"
"bilm1238",586,"bms","Africa",NA,NA,NA,NA
"bilo1248",1166,"bll","North America",NA,NA,NA,NA
"bilu1245",1517,"blb","Papunesia",NA,-7.92388,156.663,"1"
"bima1247",2221,"bhp","Papunesia",NA,NA,NA,NA
"bimi1240",3692,"bhl","Papunesia","Nuclear Trans New Guinea",-5.38732,142.04,"1"
"bimo1239",1583,"bim","Africa",NA,NA,NA,NA
"bina1271",413,"bmn",NA,NA,NA,NA,NA
"bina1275",1,"bxz","Papunesia",NA,NA,NA,NA
"bina1277",1206,"bhg","Papunesia","Nuclear Trans New Guinea",-8.37433,147.884,"0"
"bine1240",1587,"bon","Papunesia","Eastern Trans-Fly",-9.08879,142.893,"0"
"bini1246",3178,"bin","Africa","Atlantic-Congo",6.40701,5.70426,"0"
"binj1249",409,"bpj","Africa",NA,NA,NA,NA
"bino1237",191,"itb","Papunesia",NA,NA,NA,NA
"bint1245",1143,"bne","Papunesia",NA,NA,NA,NA
"bint1246",37,"bny","Papunesia",NA,NA,NA,NA
"binu1244",1987,"bkd","Papunesia","Austronesian",8.15933,124.892,"1"
"binu1245",3203,"bjr","Papunesia",NA,NA,NA,NA
"bipi1237",71,"biq","Papunesia",NA,NA,NA,NA
"bira1253",935,"bxe","Africa",NA,5.29807,37.025,"?"
"birg1239",80,"btf","Africa",NA,NA,NA,NA
"birh1242",910,"biy","Eurasia",NA,NA,NA,NA
"biri1256",236,"bzr","Australia","Pama-Nyungan",-20.1494,146.67,"0"
"birk1242",910,"brk","Africa",NA,NA,NA,NA
"birr1240",1061,"bvq",NA,"Central Sudanic",5.33,24.6,"1"
"birw1238",1525,"brl","Africa",NA,NA,NA,NA
"bise1238",1121,"ije","Africa",NA,NA,NA,NA
"bish1244",592,"bpy","Eurasia",NA,NA,NA,NA
"bish1251",30,NA,"Africa",NA,NA,NA,NA
"bisl1239",3930,"bis","Papunesia","Indo-European",-15.4,166.89,"1"
"biso1243",677,"bir","Papunesia",NA,NA,NA,NA
"biss1248",3379,"bib","Africa",NA,NA,NA,NA
"bisu1244",2190,"bzi","Eurasia","Sino-Tibetan",20.8542,99.9862,"0"
"bita1251",14,"brt","Africa",NA,NA,NA,NA
"bitt1240",1194,"bgk","Eurasia","Austroasiatic",21.3474,101.916,"0"
"bitu1242",12,"mcc","Papunesia",NA,NA,NA,NA
"biwa1243",406,"bwm","Papunesia","Yuat",-4.39429,143.873,"0"
"biyo1243",739,"byo","Eurasia",NA,NA,NA,NA
"blab1237",363,"blp","Papunesia","Austronesian",-8.15058,159.419,"1"
"blaf1238",253,"bfh","Papunesia",NA,NA,NA,NA
"blag1240",790,"beu","Papunesia",NA,NA,NA,NA
"blan1242",2506,"blr","Eurasia","Austroasiatic",22.0092,99.7405,"0"
"bloo1239",73,NA,"North America",NA,NA,NA,NA
"boan1242",236,"bzn","Papunesia",NA,NA,NA,NA
"boan1243",789,"bzl","Papunesia",NA,NA,NA,NA
"bobo1255",90,"bgb","Papunesia","Austronesian",-0.36759,121.922,"0"
"bodo1266",16,"bdv","Eurasia",NA,NA,NA,NA
"bodo1267",988,"gbj","Africa, Eurasia","Austroasiatic",18.3857,82.771,"0"
"bodo1269",4171,"brx","Eurasia","Sino-Tibetan",26.1,92,"0"
"bofi1238",778,"bff","Africa",NA,NA,NA,NA
"boga1247",274,"boq","Papunesia",NA,NA,NA,NA
"bogh1241",22,"bux","Africa",NA,NA,NA,NA
"bogu1241",191,"bqu","Africa",NA,NA,NA,NA
"boht1238",199,"bhn","Eurasia","Afro-Asiatic",41.459,45.084,"1"
"boik1241",6636,"bzf","Papunesia",NA,NA,NA,NA
"bokh1237",498,"ybk","Eurasia",NA,NA,NA,NA
"boko1261",101,"bdt","Africa",NA,NA,NA,NA
"boko1263",169,"bkp","Africa",NA,NA,NA,NA
"boko1266",885,"bqc","Africa",NA,NA,NA,NA
"boko1267",775,"bus","Africa",NA,NA,NA,NA
"boky1238",1240,"bky","Africa",NA,NA,NA,NA
"bola1250",367,"bnp","Papunesia","Austronesian",-5.55792,150.095,"1"
"bola1252",805,"bld","Papunesia",NA,NA,NA,NA
"bolg1250",512,"xbo","Eurasia",NA,NA,NA,NA
"bolg1251",239,"bvo","Africa","Atlantic-Congo",10.9025,18.8076,"0"
"boli1236",13,"bvl","South America",NA,NA,NA,NA
"boli1255",833,"bli","Africa",NA,NA,NA,NA
"boli1256",604,"smk","Papunesia","Austronesian",16.3071,119.853,"1"
"bolo1261",101,"blv","Africa",NA,NA,NA,NA
"bolo1262",88,"bkt","Africa","Atlantic-Congo",0.83463,18.4555,"1"
"bolo1263",28,"bzm","Africa",NA,NA,NA,NA
"bolo1266",443,"bof","Africa",NA,NA,NA,NA
"bolo1268",671,"blj","Papunesia",NA,NA,NA,NA
"boly1239",1214,"ply","Eurasia","Austroasiatic",24.7013,104.955,"0"
"boma1246",2099,"boh",NA,NA,NA,NA,NA
"bomb1261",12,"bml","Africa",NA,NA,NA,NA
"bomb1262",495,"bws","Africa","Atlantic-Congo",2.40195,18.7841,"0"
"bomi1238",1193,"zmx","Africa",NA,NA,NA,NA
"bomk1234",500,"bmf","Africa","Atlantic-Congo",9.27518,-11.59696,"1"
"bomm1240",528,NA,NA,NA,NA,NA,NA
"bomu1247",841,"bmq","Africa",NA,NA,NA,NA
"bomw1238",45,NA,"Africa",NA,NA,NA,NA
"bona1250",1478,"peh","Eurasia","Mongolic-Khitan",35.6972,102.995,"0"
"bond1245",2119,"bfw","Eurasia","Austroasiatic",19.1512,83.8141,"0"
"bond1246",2257,"kzc","Africa",NA,NA,NA,NA
"bond1247",726,"bou","Africa","Atlantic-Congo",-5.10749,38.5079,"0"
"bond1248",549,"dbu","Africa",NA,NA,NA,NA
"bone1254",68,"bna","Papunesia",NA,NA,NA,NA
"bong1282",69,"glc","Africa",NA,NA,NA,NA
"bong1284",276,"bui","Africa","Atlantic-Congo",0.37063,16.6079,"0"
"bong1285",3178,"bot","Africa","Central Sudanic",7.4145,27.9918,"0"
"bong1287",3981,"bpg",NA,NA,NA,NA,NA
"bong1289",1463,"bdg","Papunesia","Austronesian",7.29249,117.174,"1"
"bong1291",474,"bpu","Papunesia",NA,NA,NA,NA
"bonj1234",1092,"bok",NA,NA,NA,NA,NA
"book1241",182,"bnb","Papunesia",NA,NA,NA,NA
"boon1242",905,"bnl","Africa",NA,NA,NA,NA
"boor1242",14,"bvf","Africa",NA,NA,NA,NA
"bora1263",4849,"boa","South America","Boran",-2.000259,-72.257066,"1"
"bora1271",15881,"gax","Africa","Afro-Asiatic",1.05676,37.882,"0"
"bord1248",2047,"kvn","South America","Chibchan",7.92993,-77.1664,"?"
"bore1247",131,"gai","Papunesia",NA,NA,NA,NA
"borg1235",276,"fue","Africa",NA,NA,NA,NA
"bori1243",1177,"adi","Eurasia","Sino-Tibetan",27.62812,94.3538,"1"
"boro1274",733,NA,"Africa",NA,NA,NA,NA
"boro1277",2571,"bwo","Africa","Ta-Ne-Omotic",10.6596,35.345,"1"
"boro1279",1634,"ksr","Papunesia",NA,NA,NA,NA
"boro1282",6753,"bor","South America","Bororoan",-16.6029,-55.2004,"1"
"boro1283",200,"xxb","Africa",NA,NA,NA,NA
"boru1244",54,"mae","Africa",NA,NA,NA,NA
"boru1252",1594,"brn","North America","Chibchan",8.88093,-83.2124,"1"
"bosn1245",690,"bos","Eurasia",NA,NA,NA,NA
"bosn1248",23,"bqs","Papunesia",NA,NA,NA,NA
"bote1238",1054,"bmj","Eurasia",NA,NA,NA,NA
"botl1242",1968,"bph","Eurasia",NA,NA,NA,NA
"boto1242",2201,"sbl","Papunesia","Austronesian",15.2315,120.164,"0"
"boun1243",1108,"nku","Africa","Atlantic-Congo",8.46011,-2.74627,"0"
"boun1245",2139,"mux","Papunesia","Nuclear Trans New Guinea",-5.8626,144.086,"1"
"boun1246",24,"suo","Papunesia",NA,NA,NA,NA
"bouy1240",11774,"pcc","Eurasia","Tai-Kadai",24.8484,106.187,"0"
"bowa1234",472,"kxr","Papunesia",NA,NA,NA,NA
"brah1256",2790,"brh","Eurasia","Dravidian",29.04,66.56,"0"
"braj1242",541,"bra","Eurasia",NA,NA,NA,NA
"braz1236",3088,"bzs","South America",NA,NA,NA,NA
"braz1246",226,NA,"Eurasia",NA,NA,NA,NA
"brer1240",59,"brq","Papunesia",NA,NA,NA,NA
"bret1244",10302,"bre","Eurasia","Indo-European",48.2452,-3.78934,"1"
"brib1243",4706,"bzd","North America","Chibchan",9.39794,-83.0539,"0"
"brib1244",18,"rib","North America",NA,NA,NA,NA
"brit1235",4944,"bfi","Eurasia",NA,NA,NA,NA
"brok1247",1236,"bkk","Eurasia",NA,NA,NA,NA
"brok1248",2691,"sgt","Eurasia",NA,NA,NA,NA
"brok1249",17,"bro","Eurasia",NA,NA,NA,NA
"broo1238",20,"bpl","Australia",NA,NA,NA,NA
"broo1239",243,"plw","Papunesia",NA,NA,NA,NA
"brun1235",507,"xpz","Australia",NA,NA,NA,NA
"brun1242",2645,"kxd",NA,NA,NA,NA,NA
"brun1245",62,"bsb","Papunesia",NA,NA,NA,NA
"buaa1245",324,"bub","Africa",NA,NA,NA,NA
"buam1238",1809,"box","Africa",NA,NA,NA,NA
"bube1242",3097,"bvb","Africa","Atlantic-Congo",3.53638,8.68929,"1"
"bubi1250",2110,"buw","Africa","Atlantic-Congo",-1.16762,12.32251,"1"
"bude1236",675,"stt","Eurasia",NA,NA,NA,NA
"budi1249",1,"btp","Papunesia",NA,NA,NA,NA
"budo1241",274,"bdx","Papunesia",NA,NA,NA,NA
"budu1248",927,"bdk","Eurasia","Nakh-Daghestanian",41.2272,48.3353,"0"
"budu1250",1387,"buu","Africa",NA,NA,NA,NA
"budu1265",2180,"bdm","Africa","Afro-Asiatic",13.0692,14.4492,"?"
"budz1238",820,"bja","Africa","Atlantic-Congo",2.19951,22.6107,"0"
"buga1247",1226,"bbh","Eurasia","Austroasiatic",23.6124,104.963,"0"
"buga1250",1249,"buk","Papunesia","Austronesian",-6.67519,147.32,"0"
"bugh1239",367,"bgt","Papunesia","Austronesian",-8.47948,159.802,"1"
"bugi1244",9344,"bug",NA,"Austronesian",-4.47,119.977,"1"
"bugl1243",1877,"sab","North America","Chibchan",8.57695,-81.25648,"0"
"bugu1246",328,"bgg","Eurasia","Sino-Tibetan",27.1929556,92.4713002,"?"
"buhi1245",6,"bku","Papunesia",NA,NA,NA,NA
"buhu1237",271,"bxh","Papunesia","Austronesian",-10.5074,150.18,"1"
"bujh1238",1158,"byh","Eurasia","Sino-Tibetan",28.0084,84.5068,"0"
"buka1257",348,"sdo","Papunesia","Austronesian",0.96817,110.657,"?"
"buka1261",304,"bvk","Papunesia",NA,NA,NA,NA
"bukh1238",770,"bhh","Eurasia",NA,NA,NA,NA
"buki1247",115,"bvu","Papunesia",NA,NA,NA,NA
"buki1248",152,"bkn","Papunesia",NA,NA,NA,NA
"buki1249",2613,NA,"Papunesia","Nuclear Torricelli",-3.47169,143.111,"0"
"buks1238",2708,"tkb",NA,NA,NA,NA,NA
"buku1249",2809,"bxk","Africa","Atlantic-Congo",0.68043,34.7719,"0"
"bulg1240",430,"bqn","Eurasia",NA,NA,NA,NA
"bulg1262",12543,"bul","Eurasia",NA,NA,NA,NA
"buli1254",3546,"bwu","Africa",NA,NA,NA,NA
"buli1255",366,"bzq","Papunesia",NA,NA,NA,NA
"bull1247",456,"buy","Africa","Atlantic-Congo",9,-13.16,"1"
"bulo1242",3008,"sti","Eurasia","Austroasiatic",11.9777,106.798,"?"
"bulu1251",4700,"bum","Africa","Atlantic-Congo",3.16141,11.6365,"0"
"bulu1253",48,NA,"Papunesia",NA,NA,NA,NA
"bumb1241",1594,"aon","Papunesia",NA,NA,NA,NA
"bumm1238",190,"bmv","Africa",NA,NA,NA,NA
"bumt1240",1939,"kjz","Eurasia",NA,NA,NA,NA
"buna1273",1534,"bwx","Eurasia",NA,NA,NA,NA
"buna1275",3023,"bck","Australia",NA,NA,NA,NA
"buna1276",1528,"bdd","Papunesia","Austronesian",-10.0761,151.066,"1"
"buna1277",24,"bvn","Papunesia",NA,NA,NA,NA
"buna1278",1707,"bfn","Papunesia","Timor-Alor-Pantar",-9.13618,125.216,"1"
"bund1253",233,"bns","Eurasia","Indo-European",24.8982,78.9542,"0"
"bung1264",509,"xbg","Australia",NA,NA,NA,NA
"bung1265",1661,"wun","Africa",NA,NA,NA,NA
"bung1269",639,"bkz","Papunesia",NA,NA,NA,NA
"bunn1240",291,"buv","Papunesia",NA,NA,NA,NA
"buno1241",383,"dgb","Africa",NA,NA,NA,NA
"bunu1267",4041,"bnn","Papunesia","Austronesian",23.4116,121.025,"1"
"buol1237",506,"blf",NA,"Austronesian",0.97727,121.519,"0"
"bura1267",3835,"bvr","Australia","Maningrida",-12.3061,134.365,"0"
"bura1271",127,"bys","Africa",NA,NA,NA,NA
"bura1292",1470,"bwr","Africa","Afro-Asiatic",10.4822,12.3007,"?"
"burd1238",4317,"bxn",NA,NA,NA,NA,NA
"bure1242",258,"bvh","Africa","Afro-Asiatic",10.4603,10.4554,"1"
"burj1242",3088,"bji","Africa","Afro-Asiatic",4.44624,38.4646,"1"
"burm1262",492,"pyx","Eurasia",NA,NA,NA,NA
"burm1263",12,"vrt","Papunesia",NA,NA,NA,NA
"burm1264",69,"bzu","Papunesia",NA,-2.47582,138.203,"0"
"buru1296",9729,"bsk",NA,NA,36.2161,74.8236,"0"
"buru1299",300,"bqw",NA,NA,NA,NA,NA
"buru1301",487,"bdi","Africa",NA,NA,NA,NA
"buru1303",1984,"mhs","Papunesia","Austronesian",-3.43957,126.632,"0"
"buru1304",10,"bqr","Papunesia",NA,NA,NA,NA
"buru1306",2553,"bmu","Papunesia",NA,NA,NA,NA
"buru1308",34,"asi","Papunesia",NA,NA,NA,NA
"buru1320",859,"bds","Africa","Afro-Asiatic",-5.21369,35.963,"0"
"busa1253",4617,"bqp","Africa","Mande",9.91074,4.39929,"1"
"busa1255",343,"bfg","Papunesia",NA,NA,NA,NA
"bush1247",3223,"buf","Africa","Atlantic-Congo",-4.69463,21.4556,"0"
"bush1250",1654,"buc","Africa",NA,NA,NA,NA
"buso1238",430,"bup","Papunesia",NA,NA,NA,NA
"buss1239",487,"dox","Africa",NA,NA,NA,NA
"butb1235",995,"kyb","Papunesia",NA,NA,NA,NA
"butu1244",346,"btw","Papunesia",NA,NA,NA,NA
"buuu1244",20,"jid","Africa",NA,NA,NA,NA
"buwa1243",919,"bhs","Africa","Afro-Asiatic",10.6151,13.8838,"1"
"buyu1238",24,"jiy","Eurasia",NA,NA,NA,NA
"buyu1239",139,"byi","Africa",NA,NA,NA,NA
"bwaa1238",2437,NA,"Africa",NA,NA,NA,NA
"bwai1242",991,"bwd","Papunesia","Austronesian",-9.51158,150.297,"1"
"bwan1241",1624,"tte","Papunesia",NA,NA,NA,NA
"bwat1240",501,"bwa","Papunesia","Austronesian",-21.3777,165.076,"1"
"bwek1238",1043,"bwe","Eurasia",NA,NA,NA,NA
"bwel1238",175,"bwl","Africa",NA,NA,NA,NA
"bwis1242",181,"bwz","Africa",NA,NA,NA,NA
"byan1241",1126,"bee","Eurasia","Sino-Tibetan",29.92002,80.63653,"0"
"byep1241",24,"mkk","Africa",NA,NA,NA,NA
"caac1237",2606,"msq",NA,"Austronesian",-20.4114,164.578,"1"
"cabe1245",1628,"cjp","North America","Chibchan",9.67031,-83.4102,"0"
"cabi1241",391,"cbb","South America",NA,NA,NA,NA
"caca1247",314,"ccr","North America",NA,NA,NA,NA
"caca1250",201,"miu","North America",NA,NA,NA,NA
"cacg1235",212,"roc",NA,NA,NA,NA,NA
"cacu1241",2654,"cbv","South America","Kakua-Nukak",0.88778,-69.5659,"0"
"cadd1256",2173,"cad","North America, South America",NA,NA,NA,NA
"cafu1238",419,"ccd","South America",NA,NA,NA,NA
"cahu1264",6648,"chl","North America","Uto-Aztecan",33.5324,-116.691,"0"
"cahu1268",334,"cah","South America",NA,NA,NA,NA
"caja1238",2892,"qvc","South America",NA,NA,NA,NA
"caja1239",26,"qvl","South America",NA,NA,NA,NA
"cajo1238",909,"zad","North America",NA,NA,NA,NA
"caju1236",3183,"frc","North America",NA,NA,NA,NA
"cakc1235",357,"ckz","North America",NA,NA,NA,NA
"cakf1236",361,"cky","Africa","Afro-Asiatic",9.00924,9.16071,"0"
"cala1258",1989,NA,"Papunesia",NA,NA,NA,NA
"cald1236",1444,"qud","South America","Quechuan",-0.36205,-78.2587,"0"
"call1235",711,"caw","South America",NA,NA,NA,NA
"calo1236",2151,"rmq","Eurasia",NA,NA,NA,NA
"calu1238",331,"clu","Papunesia",NA,NA,NA,NA
"calu1239",41,NA,"North America",NA,NA,NA,NA
"cama1250",534,"abd","Papunesia",NA,NA,NA,NA
"camb1244",36,"csx","Eurasia",NA,NA,NA,NA
"came1252",1254,"mcu","Africa",NA,NA,NA,NA
"came1254",4297,"wes","Africa",NA,NA,NA,NA
"caml1239",1482,"rab","Eurasia","Sino-Tibetan",27.3371,86.7612,"0"
"camp1261",5804,"sro",NA,"Indo-European",39.0566,9.03935,"1"
"camp1262",156,"cml","Papunesia",NA,NA,NA,NA
"cams1241",3357,"kbh","South America",NA,1.14537,-76.8931,"?"
"camt1236",534,"cmt","Africa",NA,NA,NA,NA
"camu1235",75,"xcc","Eurasia",NA,NA,NA,NA
"cana1262",1184,"qxr","South America",NA,NA,NA,NA
"cand1248",3894,"cbu","South America",NA,NA,NA,NA
"cane1242",5341,"ram","South America","Nuclear-Macro-Je",-6.10712,-45.1299,"0"
"cani1243",411,"caz","South America",NA,-14.3058,-64.944455,"?"
"caol1238",1133,"mlc",NA,NA,NA,NA,NA
"caom1238",1355,"cov","Eurasia","Tai-Kadai",26.2236,109.547,"0"
"capa1241",3053,"kaq","South America","Pano-Tacanan",-6.63254,-74.3813,"0"
"capi1239",40,"cps","Papunesia",NA,NA,NA,NA
"capp1239",2211,"cpg","Eurasia",NA,NA,NA,NA
"caqu1242",1419,"cot","South America",NA,NA,NA,NA
"cara1245",769,"cby","South America",NA,NA,NA,NA
"cara1270",625,NA,"Africa",NA,NA,NA,NA
"cara1271",463,"crf","South America",NA,NA,NA,NA
"cara1272",1073,"cbc","South America",NA,NA,NA,NA
"cari1274",1864,"xcr","Eurasia",NA,NA,NA,NA
"cari1275",4824,"hns","South America",NA,NA,NA,NA
"cari1276",17705,"jvn",NA,"Austronesian",5.62695,-54.6305,"1"
"cari1277",921,NA,"North America",NA,NA,NA,NA
"cari1279",2095,"cbd","South America",NA,NA,NA,NA
"cari1283",319,NA,"South America",NA,NA,NA,NA
"carn1240",1754,"caq","Eurasia","Austroasiatic",9.18853,92.7671,"1"
"caro1242",2510,"cal","Papunesia","Austronesian",15.205,145.765,"0"
"caro1243",104,"crr","North America",NA,NA,NA,NA
"carp1235",4547,"rmc","Eurasia",NA,NA,NA,NA
"carr1249",3114,"crx","North America",NA,NA,NA,NA
"cash1251",10549,"cbr","South America",NA,NA,NA,NA
"cash1254",8786,"cbs","South America",NA,NA,NA,NA
"casi1235",7083,"dgc","Papunesia","Austronesian",16.2176,121.878,"1"
"casu1237",302,"asc","Papunesia",NA,NA,NA,NA
"cata1241",968,"csc","Eurasia",NA,NA,NA,NA
"cata1286",1027,"chc","North America","Siouan",34.9685,-80.8857,"1"
"cauc1241",784,"cca","South America",NA,NA,NA,NA
"cavi1250",4322,"cav","South America","Pano-Tacanan",-13.3544,-66.6277,"0"
"cayu1241",79,"xcy","North America",NA,NA,NA,NA
"cayu1261",4510,"cay","North America",NA,NA,NA,NA
"cayu1262",869,"cyb","South America",NA,-13.2482,-65.4822,"1"
"ceba1235",6081,"sef","Africa",NA,NA,NA,NA
"cebu1242",9163,"ceb","Papunesia","Austronesian",8.38799,124.367,"1"
"celt1247",666,"xce","Eurasia",NA,NA,NA,NA
"cemu1238",2314,"cam","Papunesia","Austronesian",-20.8489,165.13,"1"
"cenn1238",29,"cen",NA,NA,NA,NA,NA
"cent1394",125,"hmm","Eurasia",NA,NA,NA,NA
"cent1972",15538,"ckb","Eurasia","Indo-European",35.6539,45.8077,"1"
"cent1973",505,"pst","Eurasia",NA,NA,NA,NA
"cent1989",25558,"khm","Eurasia","Austroasiatic",12.0515,105.015,"0"
"cent1990",1858,"ncb","Eurasia","Austroasiatic",7.94812,93.3921,"1"
"cent1992",11321,"cmo","Eurasia","Austroasiatic",12.6313,107.301,"0"
"cent2004",1958,"bca","Eurasia","Sino-Tibetan",26.1666,99.7052,"0"
"cent2009",727,"zch","Eurasia",NA,NA,NA,NA
"cent2018",1223,"fuq","Africa",NA,NA,NA,NA
"cent2045",182,NA,"Africa",NA,NA,NA,NA
"cent2050",4531,"knc","Africa","Saharan",11.8,13.13,"0"
"cent2053",3313,"pse","Papunesia",NA,NA,NA,NA
"cent2058",33,"mwo","Papunesia","Austronesian",-15.0784,168.135,"1"
"cent2084",1357,"agt","Papunesia","Austronesian",17.9571,121.857,"0"
"cent2087",3517,"bcl","Papunesia","Austronesian",13.7574,123.403,"0"
"cent2089",2152,"syb","Papunesia",NA,NA,NA,NA
"cent2090",482,"tgt",NA,"Austronesian",10.6519,119.338,"0"
"cent2091",271,"plc","Papunesia","Austronesian",8.77013,117.838,"?"
"cent2092",2521,"sml","Papunesia",NA,NA,NA,NA
"cent2098",29,"zbc","Papunesia",NA,NA,NA,NA
"cent2100",1695,"dtp","Papunesia","Austronesian",6.02998,116.681,"1"
"cent2101",1685,"mel","Papunesia",NA,NA,NA,NA
"cent2117",2787,"cns","Papunesia",NA,NA,NA,NA
"cent2118",28,"awu","Papunesia",NA,NA,NA,NA
"cent2126",5317,"ryu","Eurasia","Japonic",26.14854,127.7816,"?"
"cent2127",8770,"esu","North America","Eskimo-Aleut",60.3062,-161.486,"0"
"cent2128",7376,"ess","Eurasia",NA,NA,NA,NA
"cent2131",7372,"tar","North America","Uto-Aztecan",27.5648,-107.154,"1"
"cent2132",4078,"nhn","North America",NA,NA,NA,NA
"cent2134",469,"nch","North America",NA,NA,NA,NA
"cent2136",373,"ojc","North America",NA,NA,NA,NA
"cent2138",335,"poo","North America",NA,NA,NA,NA
"cent2140",143,"csm","North America","Miwok-Costanoan",38.0812,-120.257,"0"
"cent2142",10593,"ayr","South America","Aymaran",-17,-68.5,"1"
"cent2144",3429,"maz","North America",NA,NA,NA,NA
"cent2145",338,"pbs","North America",NA,NA,NA,NA
"cent2150",3796,NA,"South America","Chibchan",6.8867,-72.097,"0"
"cent2194",8410,"tzm","Africa",NA,NA,NA,NA
"cent2225",206,NA,"Africa",NA,NA,NA,NA
"cent2292",5514,"lbk","Papunesia","Austronesian",17.08,120.92,"1"
"cerm1238",965,"cme","Africa",NA,NA,NA,NA
"chac1249",2641,"cbi","South America","Barbacoan",0.71489,-79.0508,"0"
"chac1250",1151,"quk","South America",NA,NA,NA,NA
"chac1251",2968,"cao","South America","Pano-Tacanan",-12.133,-66.7164,"?"
"chad1240",377,"cdy","Eurasia",NA,NA,NA,NA
"chad1249",22053,"shu","Africa","Afro-Asiatic",14.67,13.5,"1"
"chad1250",14,NA,"Africa",NA,NA,NA,NA
"chag1247",5655,"chg","Eurasia",NA,NA,NA,NA
"chag1250",137,NA,"Africa",NA,NA,NA,NA
"chak1266",1111,"ccp","Eurasia",NA,NA,NA,NA
"chak1270",2374,"ckh","Eurasia","Sino-Tibetan",21.4134,92.5953,"1"
"chak1271",1117,"cli","Africa","Atlantic-Congo",9.83446,-1.90181,"1"
"chal1269",256,NA,"Africa",NA,NA,NA,NA
"chal1275",3219,"cld","Eurasia","Afro-Asiatic",37.0972,43.5027,"1"
"cham1307",283,"cdh","Eurasia",NA,NA,NA,NA
"cham1309",1153,"cji","Eurasia","Nakh-Daghestanian",42.5024,45.995,"0"
"cham1312",8605,"cha","Papunesia","Austronesian",13.438011,144.74474,"1"
"cham1313",302,"can","Papunesia",NA,NA,NA,NA
"cham1315",1647,"ceg","South America","Zamucoan",-20.5899,-58.2005,"1"
"cham1318",1122,"ccc","South America","Arawakan",-5.1149,-75.6778,"1"
"cham1329",193,"cdg","Eurasia",NA,NA,NA,NA
"chan1309",1326,"cna","Eurasia",NA,NA,NA,NA
"chan1310",1684,"chx","Eurasia",NA,NA,NA,NA
"chan1313",2360,"nbc","Eurasia","Sino-Tibetan",26.4336,94.9536,"?"
"chan1322",327,"caj","South America",NA,NA,NA,NA
"char1269",192,"cra","Africa","Ta-Ne-Omotic",6.63946,36.4192,"0"
"char1283",74,NA,"Africa",NA,NA,NA,NA
"chat1268",26,NA,NA,NA,NA,NA,NA
"chau1258",4955,"crv","Eurasia",NA,NA,NA,NA
"chau1259",64,"cdn","Eurasia",NA,NA,NA,NA
"chav1241",4205,"cbk",NA,NA,NA,NA,NA
"chay1248",5823,"cbt","South America",NA,NA,NA,NA
"chay1249",369,"mih","North America",NA,NA,NA,NA
"chec1245",10676,"che",NA,"Nakh-Daghestanian",43.5,45.5,"0"
"chee1238",3526,"ruk","Africa",NA,NA,NA,NA
"chek1238",974,"mrn","Papunesia","Austronesian",-8.27055,159.625,"0"
"chem1251",8,NA,"North America",NA,NA,NA,NA
"chen1255",977,"cde","Eurasia","Dravidian",15.8787,79.2534,"0"
"chen1259",30,"cjn","Papunesia",NA,NA,NA,NA
"chen1266",2701,"cnu","Africa",NA,NA,NA,NA
"chep1243",22,"ycp","Eurasia",NA,NA,NA,NA
"chep1245",4216,"cdm","Eurasia","Sino-Tibetan",27.7206,84.9017,"0"
"cher1271",164,"cpn","Africa",NA,NA,NA,NA
"cher1273",8019,"chr","North America","Iroquoian",35.4664,-83.163,"1"
"chew1245",1032,"cwg","Eurasia",NA,NA,NA,NA
"chew1246",366,NA,"Africa",NA,NA,NA,NA
"chey1247",7041,"chy","North America","Algic",45.5321,-106.659,"0"
"chha1249",1679,"hne","Eurasia",NA,NA,NA,NA
"chhi1245",1185,"ctn","Eurasia","Sino-Tibetan",26.961,87.1899,"0"
"chhu1238",220,"cur","Eurasia",NA,NA,NA,NA
"chia1237",28,"csd","Eurasia",NA,NA,NA,NA
"chia1262",1581,"cip","North America",NA,NA,NA,NA
"chib1270",6123,"chb","South America","Chibchan",6.24999,-74.1666,"0"
"chic1270",1793,"cic","North America","Muskogean",34,-88,"0"
"chic1271",273,"cob","North America",NA,NA,NA,NA
"chic1272",2463,"pei","North America",NA,NA,NA,NA
"chic1273",1596,"trs","North America",NA,NA,NA,NA
"chic1274",787,"zpv","North America",NA,NA,NA,NA
"chig1238",3619,"cgg","Africa","Atlantic-Congo",-1.04387,29.9122,"1"
"chil1264",416,"csg","South America",NA,NA,NA,NA
"chil1280",1346,"clc","North America","Athabaskan-Eyak-Tlingit",51.98952,-123.24458,"0"
"chil1281",136,NA,"North America",NA,NA,NA,NA
"chil1282",59,"csa","North America",NA,NA,NA,NA
"chim1300",4128,"zoh","North America",NA,NA,NA,NA
"chim1301",959,"cid","North America",NA,41,-123,"1"
"chim1302",1738,"qug","South America","Quechuan",-1.36727,-78.8521,"0"
"chim1309",1509,"cbg","South America","Chibchan",10.1902,-74.2559,"0"
"chim1310",63,NA,"North America",NA,NA,NA,NA
"chin1253",3306,"cpi",NA,NA,NA,NA,NA
"chin1272",3149,"chn",NA,NA,NA,NA,NA
"chin1283",1810,"csl","Eurasia",NA,NA,NA,NA
"chin1286",1936,"chh","North America","Chinookan",45.1729,-119.166,"0"
"chin1475",95,"cih","Eurasia",NA,NA,NA,NA
"chin1476",463,"bxu","Eurasia",NA,NA,NA,NA
"chin1478",160,"cnb",NA,NA,NA,NA,NA
"chin1483",378,"qxc",NA,NA,NA,NA,NA
"chip1241",2997,"ciw","North America","Algic",47.347,-94.2738,"0"
"chip1261",6451,"chp","North America","Athabaskan-Eyak-Tlingit",58.98,-104.44,"0"
"chip1262",2745,"cap","South America",NA,NA,NA,NA
"chiq1248",4831,"cax","South America","Chiquitano",-16.769554,-61.817795,"1"
"chiq1249",428,"qxa","South America",NA,NA,NA,NA
"chiq1250",1178,"maq","North America",NA,NA,NA,NA
"chir1283",612,"cdf","Eurasia","Sino-Tibetan",25.4643,94.4072,"0"
"chir1286",4195,"nhd",NA,NA,NA,NA,NA
"chit1248",1048,"ctm","North America",NA,30.3386,-90.9123,"0"
"chit1274",1555,"the","Eurasia",NA,NA,NA,NA
"chit1275",379,"ctg","Eurasia",NA,NA,NA,NA
"chit1279",831,"cik","Eurasia",NA,NA,NA,NA
"choa1237",825,"zpc","North America",NA,NA,NA,NA
"choc1275",78,"cgk","Eurasia","Sino-Tibetan",27.46961,91.21954,"0"
"choc1276",3997,"cho","North America","Muskogean",32.25,-88.5,"1"
"choc1279",840,"coz","North America",NA,NA,NA,NA
"chok1243",374,"nri","Eurasia",NA,NA,NA,NA
"chok1245",2967,"cjk","Africa",NA,NA,NA,NA
"chol1282",12889,"ctu",NA,NA,NA,NA,NA
"chol1284",1945,"cht","South America","Hibito-Cholon",-9.23129,-75.9621,"0"
"chol1286",24,NA,NA,NA,NA,NA,NA
"chon1284",1959,"cog","Eurasia","Austroasiatic",12.5218,102.514,"0"
"chon1285",4896,"cda","Eurasia",NA,NA,NA,NA
"chon1287",566,"coh","Africa",NA,NA,NA,NA
"chop1243",1557,"cce","Africa",NA,NA,NA,NA
"chor1273",3552,"caa","North America",NA,NA,NA,NA
"chor1274",42,NA,NA,NA,NA,NA,NA
"chor1275",443,"cjr","North America",NA,NA,NA,NA
"chot1239",597,"nct","Eurasia","Sino-Tibetan",24.3722,94.2408,"0"
"chra1242",2685,"crw","Eurasia","Austroasiatic",10.8021,107.293,"0"
"chru1239",3584,"cje","Eurasia",NA,NA,NA,NA
"chua1250",1677,"cjv","Papunesia",NA,NA,NA,NA
"chua1256",1034,"cqd","Eurasia",NA,NA,NA,NA
"chug1252",2349,"cvg","Eurasia","Sino-Tibetan",27.4177713,92.2255891,"0"
"chug1254",262,NA,"North America",NA,NA,NA,NA
"chuj1250",1880,"cac","North America","Mayan",15.8399,-91.76,"0"
"chuk1273",7998,"ckt","Eurasia","Chukotko-Kamchatkan",68.6436,170.045,"0"
"chuk1274",482,"cuh","Africa",NA,NA,NA,NA
"chul1246",331,"clw","Eurasia",NA,NA,NA,NA
"chum1261",2008,"ncu","Africa",NA,NA,NA,NA
"chum1264",83,"chs","North America",NA,NA,NA,NA
"chur1257",4178,"chu","Eurasia",NA,NA,NA,NA
"chut1247",2602,"scb","Eurasia",NA,NA,NA,NA
"chuu1238",4042,"chk","Papunesia","Austronesian",7.346993,151.598607,"0"
"chuv1255",17843,"chv","Eurasia","Turkic",55.487,47.163,"0"
"chuv1256",62,"xcv","Eurasia",NA,NA,NA,NA
"chuw1238",1789,"chw","Africa","Atlantic-Congo",-17.3428,37.1231,"1"
"ciac1237",160,"cia","Papunesia",NA,NA,NA,NA
"ciba1236",144,"ckl","Africa",NA,NA,NA,NA
"cici1237",532,"awc","Africa","Atlantic-Congo",11.0417,5.54073,"1"
"cigb1235",38,"cib","Africa",NA,NA,NA,NA
"cimb1238",4209,"cim","Eurasia",NA,NA,NA,NA
"cina1236",41,"mkx","Papunesia",NA,NA,NA,NA
"cind1241",50,"cdr","Africa",NA,NA,NA,NA
"cine1238",76,"cie","Africa",NA,NA,NA,NA
"cint1239",723,"cin","South America",NA,NA,NA,NA
"cisa1237",1555,"xcg",NA,NA,NA,NA,NA
"cish1238",52,"asg","Africa",NA,NA,NA,NA
"cita1245",814,"txt","Papunesia",NA,NA,NA,NA
"clal1241",2163,"clm","North America",NA,NA,NA,NA
"clas1249",4471,"xcl","Eurasia","Indo-European",38.592316,41.346422,"1"
"clas1250",14217,"nci","North America","Uto-Aztecan",19.72,-96.97,"1"
"clas1251",753,"qwc","South America",NA,NA,NA,NA
"clas1252",4329,"syc","Eurasia",NA,NA,NA,NA
"clas1253",2441,"myz","Eurasia",NA,NA,NA,NA
"clas1254",9958,"xct","Eurasia",NA,NA,NA,NA
"clas1258",168,NA,"Eurasia",NA,NA,NA,NA
"clel1238",1094,"dri","Africa",NA,NA,NA,NA
"coah1252",1673,"xcw","North America",NA,28.2589,-97.89,"1"
"coas1294",1757,"kzj","Papunesia",NA,NA,NA,NA
"coas1295",2234,"kjc","Papunesia",NA,NA,NA,NA
"coas1301",197,"csi","North America",NA,NA,NA,NA
"coat1238",2944,"mco","North America",NA,NA,NA,NA
"coat1240",586,"naz","North America",NA,NA,NA,NA
"coat1241",3265,"miz","North America",NA,NA,NA,NA
"coat1243",976,"zps","North America","Otomanguean",16.1463,-96.7683,"0"
"coat1244",412,"zca","North America",NA,NA,NA,NA
"coca1259",7189,"cod","South America","Tupian",-4.5,-74,"0"
"coch1272",1099,"coj","North America","Cochimi-Yuman",29.04,-114.077,"?"
"coch1273",244,NA,"North America",NA,NA,NA,NA
"coco1260",47,"coa","Papunesia","Austronesian",-12.193342,96.833679,"1"
"coco1261",2278,"coc","North America",NA,NA,NA,NA
"coeu1236",1916,"crd","North America","Salishan",47.2958,-116.715,"1"
"cofa1242",3532,"con","South America",NA,0.276675,-77.0643,"1"
"cogu1240",3569,"kog","South America","Chibchan",10.9485,-73.8043,"0"
"coll1240",446,"liw","Papunesia",NA,NA,NA,NA
"colo1249",1074,"csn","South America",NA,NA,NA,NA
"colo1254",2256,"gct",NA,NA,NA,NA,NA
"colo1256",2238,"cof","South America","Barbacoan",-0.21181,-79.2347,"0"
"colu1241",1235,"col","North America","Salishan",48.217,-118.454,"1"
"coma1245",2485,"com","North America","Uto-Aztecan",34,-101,NA
"coma1246",1135,"cco","North America",NA,NA,NA,NA
"come1251",66,"xcm","North America",NA,NA,NA,NA
"comm1245",1670,NA,NA,NA,NA,NA,NA
"como1259",1548,"coo","North America","Salishan",49.7233,-124.967,"1"
"cond1242",91,"gih","Australia",NA,NA,NA,NA
"cong1236",4698,"swc","Africa","Atlantic-Congo",-7.2692,27.4196,"0"
"coon1239",155,"cnc","Eurasia",NA,NA,NA,NA
"coos1249",1219,NA,"North America","Coosan",43.4413,-124.16,"1"
"copa1236",4553,"zoc","North America",NA,NA,NA,NA
"copa1237",3742,"trc","North America","Otomanguean",17.1541,-97.9826,"1"
"copi1238",21,NA,"Africa",NA,NA,NA,NA
"copp1244",804,NA,"North America",NA,NA,NA,NA
"copt1239",29515,"cop","Africa","Afro-Asiatic",29.472,31.2053,"1"
"coqu1236",933,"coq","North America",NA,NA,NA,NA
"cori1240",434,"cry","Africa","Atlantic-Congo",9.59,8.06,"1"
"corn1251",3926,"cor","Eurasia",NA,NA,NA,NA
"coro1247",1347,"qwa","South America",NA,NA,NA,NA
"coro1248",55,"xxr","South America",NA,NA,NA,NA
"cors1241",2142,"cos","Eurasia","Indo-European",41.7,9.25537,"1"
"cota1241",5793,"mta","Papunesia","Austronesian",6.39417,124.234,"1"
"coto1248",4,"xcn","North America",NA,NA,NA,NA
"cowi1241",66,NA,"North America",NA,NA,NA,NA
"cowl1242",358,"cow","North America","Salishan",46.4167,-122.917,"1"
"coya1241",159,"coy","South America",NA,NA,NA,NA
"coyo1236",147,"pbf","North America",NA,NA,NA,NA
"coyu1235",24,"toc","North America",NA,NA,NA,NA
"cree1270",4156,NA,"North America","Muskogean",31,-87.5,"0"
"cree1272",58,NA,"North America",NA,NA,NA,NA
"creo1235",1893,"gyn","South America",NA,NA,NA,NA
"crim1257",8776,"crh","Eurasia","Turkic",45,34.08,"0"
"croa1242",76,"csq","Eurasia",NA,NA,NA,NA
"croa1245",22454,"hrv",NA,NA,NA,NA,NA
"cros1244",600,"mfn","Africa","Atlantic-Congo",6.16926,8.23592,"0"
"crow1244",2407,"cro","North America","Siouan",45.368,-107.874,"1"
"cruz1243",25,NA,"North America",NA,NA,NA,NA
"cuaa1241",960,"cua","Eurasia","Austroasiatic",15.1688,108.431,"?"
"cuba1235",173,"csf","North America",NA,NA,NA,NA
"cuba1236",7,"cbq","Africa",NA,NA,NA,NA
"cube1242",4507,"cub","South America","Tucanoan",1.32382,-70.1939,"0"
"cuib1242",5058,"cui","South America",NA,NA,NA,NA
"cuit1236",696,"cuy","North America",NA,NA,NA,NA
"culi1244",3499,"cul","South America","Arawan",-8.55268,-70.6648,"0"
"cuma1240",1949,"cuo","South America",NA,NA,NA,NA
"cune1239",2235,"xlu","Eurasia",NA,NA,NA,NA
"cunn1236",1431,"cuq","Eurasia",NA,NA,NA,NA
"cupe1243",1888,"cup","North America","Uto-Aztecan",33.3148,-116.515,"1"
"curr1243",1739,"kpc","South America","Arawakan",0.69618,-67.5028,"0"
"cusc1236",17041,"quz",NA,"Quechuan",-14.0853,-71.7663,"0"
"cush1243",25,NA,"Africa",NA,NA,NA,NA
"cutc1238",103,"ccl","Africa",NA,NA,NA,NA
"cuvo1236",612,"cuv","Africa",NA,NA,NA,NA
"cuya1240",36,"xtu","North America",NA,NA,NA,NA
"cuyo1237",332,"cyo","Papunesia",NA,NA,NA,NA
"cypr1248",1822,"acy","Eurasia","Afro-Asiatic",35.1674,33.0943,"1"
"czec1253",209,"cse","Eurasia",NA,NA,NA,NA
"czec1258",12586,"ces",NA,"Indo-European",49.873398,15.10437,"0"
"daai1236",786,"dao","Eurasia","Sino-Tibetan",20.7347,93.7853,"0"
"daak1235",703,"kzf","Papunesia","Austronesian",-1.21051,119.527,"0"
"daas1238",1763,"dsh","Africa","Afro-Asiatic",4.58879,35.9888,"1"
"daat1234",83,"dtn","Africa",NA,NA,NA,NA
"daba1260",1150,"dbr",NA,NA,NA,NA,NA
"daci1234",350,"xdc","Eurasia",NA,NA,NA,NA
"dadi1249",40,"dbd","Africa",NA,NA,NA,NA
"dadi1250",4376,"mps","Papunesia","Teberan",-6.65765,144.511,"1"
"daga1272",52,"dgd","Africa",NA,NA,NA,NA
"daga1275",2455,"dgz","Papunesia",NA,NA,NA,NA
"dagb1246",4560,"dag","Africa","Atlantic-Congo",9.64745,-0.43227,"1"
"dagb1248",527,"dgk","Africa",NA,NA,NA,NA
"dagi1241",511,"dec","Africa","Narrow Talodi",10.583,29.9404,"0"
"dago1245",3,"dgn","Australia",NA,NA,NA,NA
"daha1245",2028,"dal",NA,"Afro-Asiatic",-2.1843,40.37,NA
"daha1247",105,"dlk","Africa",NA,NA,NA,NA
"dair1239",301,"drb","Africa",NA,NA,NA,NA
"daiz1235",2107,"zhd","Eurasia",NA,NA,NA,NA
"daka1243",852,"bpa","Papunesia","Austronesian",-16.2696,168.013,"1"
"dako1258",5244,"dak","North America",NA,NA,NA,NA
"dakp1242",214,"dka","Eurasia",NA,NA,NA,NA
"dale1238",5028,"qer","Eurasia",NA,NA,NA,NA
"dalm1243",2091,"dlm","Eurasia",NA,NA,NA,NA
"dalo1238",1585,"bev","Africa",NA,NA,NA,NA
"dama1268",6,"dam","Africa",NA,NA,NA,NA
"dama1270",129,NA,"Africa",NA,NA,NA,NA
"dama1272",5017,NA,"Papunesia",NA,NA,NA,NA
"dama1278",1672,"idb","Eurasia",NA,NA,NA,NA
"dame1241",499,"dml","Eurasia",NA,NA,NA,NA
"damp1237",204,"dms","Papunesia","Austronesian",0.70234,120.219,"0"
"dana1252",73,"dnu","Eurasia","Austroasiatic",20.4957,96.998,"0"
"dand1238",434,"daq","Eurasia","Dravidian",18.7475,81.3598,"0"
"dang1260",1371,"thl","Eurasia",NA,NA,NA,NA
"dang1274",2923,"daa","Africa",NA,NA,NA,NA
"dani1246",892,"dsl","Eurasia",NA,NA,NA,NA
"dani1285",11443,"dan","Eurasia","Indo-European",54.8655,9.36284,"1"
"dann1241",4081,"daf","Africa",NA,NA,NA,NA
"dano1240",1874,"aso","Papunesia",NA,NA,NA,NA
"dans1240",28,"gku","Africa",NA,NA,NA,NA
"dara1250",1339,"dry","Eurasia","Indo-European",27.8623,84.1357,"0"
"dard1243",439,"djc","Africa","Dajuic",12.1187,18.7996,"?"
"darf1239",222,"daj","Africa",NA,NA,NA,NA
"darg1241",12633,"dar","Eurasia","Nakh-Daghestanian",42.4257,47.4388,"0"
"dari1249",5388,"prs","Eurasia",NA,NA,NA,NA
"darl1242",710,"dln","Eurasia",NA,NA,NA,NA
"darl1243",2652,"drl","Australia","Pama-Nyungan",-32.7021,142.695,NA
"darm1243",1344,"drd","Eurasia","Sino-Tibetan",29.8629,80.5439,"0"
"daro1239",35,"dro","Papunesia",NA,NA,NA,NA
"dars1235",636,"dau","Eurasia",NA,NA,NA,NA
"dass1243",600,"dot","Africa",NA,NA,NA,NA
"dato1239",3673,"tcc","Africa",NA,NA,NA,NA
"daur1238",2499,"dta","Eurasia","Mongolic-Khitan",48,124,"0"
"dava1245",150,"daw","Papunesia",NA,NA,NA,NA
"dawa1242",1032,"dww","Papunesia",NA,NA,NA,NA
"dawe1237",88,"ddw","Papunesia",NA,NA,NA,NA
"dawr1236",1318,"dwr","Africa","Ta-Ne-Omotic",6.95,37,"1"
"daww1239",1850,"kwa","South America","Naduhup",-0.1177,-67.2934,NA
"dayi1244",1,"dax","Australia",NA,NA,NA,NA
"dayy1236",471,"dai","Africa",NA,NA,NA,NA
"daza1242",6828,"dzg","Africa","Saharan",15.7358,15.8517,"1"
"dbus1238",2364,NA,"Eurasia",NA,NA,NA,NA
"decc1239",78,"dcc",NA,NA,NA,NA,NA
"dedu1240",883,"ded","Papunesia",NA,NA,NA,NA
"defa1248",259,"afn","Africa","Ijoid",4.58451,7.50186,"1"
"defi1235",53,"gbh","Africa",NA,NA,NA,NA
"dega1238",413,"dgu","Eurasia",NA,NA,NA,NA
"dege1246",1855,"deg","Africa","Atlantic-Congo",4.73373,6.80991,"1"
"dege1248",3350,"ing","North America",NA,NA,NA,NA
"degg1238",1150,"mzw","Africa",NA,NA,NA,NA
"dehu1237",1388,"dhv","Papunesia","Austronesian",-20.8892,167.229,"1"
"dehw1238",16,"deh","Eurasia",NA,NA,NA,NA
"dela1251",677,"row","Papunesia",NA,NA,NA,NA
"delo1240",374,"ntr","Africa",NA,NA,NA,NA
"dema1235",1425,"dmx","Africa",NA,NA,NA,NA
"demi1242",53,"dei","Papunesia",NA,NA,NA,NA
"demm1245",113,"dem",NA,NA,NA,NA,NA
"demt1241",22,"dmy","Papunesia",NA,NA,NA,NA
"dend1242",103,"deq","Africa",NA,NA,NA,NA
"dend1243",3764,"ddn","Eurasia",NA,NA,NA,NA
"deng1250",217,"dez","Africa",NA,NA,NA,NA
"deni1241",964,"dny","South America",NA,NA,NA,NA
"deno1239",79,"dbb","Africa",NA,NA,NA,NA
"deny1238",545,"anv","Africa",NA,NA,NA,NA
"deor1238",1021,"der","Eurasia",NA,NA,NA,NA
"dera1245",555,"kbv","Papunesia","Senagi",-3.52309,140.947,"0"
"dera1248",509,"kna","Africa","Afro-Asiatic",10.072,12.0256,"1"
"desa1247",2148,"des","South America","Tucanoan",0.58157,-69.4955,"0"
"desi1235",18,"dso",NA,NA,NA,NA,NA
"dezf1238",390,"def","Eurasia",NA,NA,NA,NA
"dghw1239",281,"dgh","Africa",NA,NA,NA,NA
"dhai1238",652,"dhs","Africa",NA,NA,NA,NA
"dhal1245",8575,"dhl",NA,NA,NA,NA,NA
"dhan1264",1237,"dhn","Eurasia",NA,NA,NA,NA
"dhan1265",602,"dwz","Eurasia",NA,NA,NA,NA
"dhan1270",996,"dhg","Australia",NA,NA,NA,NA
"dhao1237",498,"nfa","Papunesia","Austronesian",-10.8098,122.658,"1"
"dhar1247",119,"dhr","Australia","Pama-Nyungan",-24.0601,114.847,NA
"dhar1248",1358,"xgm","Australia","Pama-Nyungan",-23.307,150.593,"?"
"dhat1238",808,"mki","Eurasia",NA,NA,NA,NA
"dhim1246",3827,"dhi","Eurasia","Sino-Tibetan",26.6283,88.3798,"0"
"dhiv1236",2303,"div","Eurasia",NA,NA,NA,NA
"dhod1238",1985,"dho","Eurasia",NA,NA,NA,NA
"dhof1235",1005,"adf","Eurasia",NA,NA,NA,NA
"dhop1238",264,NA,"Africa",NA,NA,NA,NA
"dhud1236",192,"ddr",NA,NA,NA,NA,NA
"dhun1238",127,"dhd","Eurasia",NA,NA,NA,NA
"dhur1239",1124,"dhu","Australia",NA,NA,NA,NA
"dhuw1249",1429,"duj","Australia",NA,NA,NA,NA
"diba1242",2497,"mbd","Papunesia",NA,NA,NA,NA
"dibi1240",1,"dby","Papunesia",NA,NA,NA,NA
"dibo1245",686,"bvx","Africa","Atlantic-Congo",1.07773,17.2305,"0"
"dibo1247",76,"dio","Africa",NA,NA,NA,NA
"dica1235",3,"duy","Papunesia",NA,NA,NA,NA
"didi1258",706,"did","Africa",NA,NA,NA,NA
"dido1241",5545,"ddo",NA,"Nakh-Daghestanian",42.2646,45.8096,"0"
"dier1241",7471,"dif","Australia","Pama-Nyungan",-28.1667,138,NA
"diga1241",1600,"mhu","Eurasia","Sino-Tibetan",28.4993,96.8803,"0"
"digo1242",69,NA,"Eurasia",NA,NA,NA,NA
"digo1243",3695,"dig","Africa","Atlantic-Congo",-4.62101,39.1752,"0"
"diii1241",1730,"dur","Africa",NA,NA,NA,NA
"dill1242",742,"dil","Africa",NA,NA,NA,NA
"dima1251",1740,"dis","Eurasia","Sino-Tibetan",25.4198,93.1806,"0"
"dima1252",41,"jma","Papunesia",NA,NA,NA,NA
"dimb1238",216,"dii","Africa",NA,NA,NA,NA
"dime1235",1140,NA,"Africa","South Omotic",6.20951,36.3329,"?"
"dimi1244",664,"dmc","Papunesia",NA,NA,NA,NA
"diml1238",1590,"diq","Eurasia",NA,NA,NA,NA
"ding1239",3804,"diz","Africa",NA,NA,NA,NA
"dink1262",57,NA,"Africa",NA,NA,NA,NA
"dira1238",159,"dit","Australia",NA,NA,NA,NA
"dira1242",516,"gdl","Africa",NA,NA,NA,NA
"diri1252",2419,"diu","Africa","Atlantic-Congo",-18.1681,20.6678,"0"
"dita1238",437,"tbz","Africa",NA,NA,NA,NA
"diti1235",402,"dtd","North America",NA,NA,NA,NA
"diuw1238",22,"diy","Papunesia",NA,NA,NA,NA
"diux1235",1416,"xtd","North America",NA,NA,NA,NA
"dizi1235",1879,"mdx","Africa","Dizoid",6.1405,35.5763,NA
"djab1234",17,NA,"Australia",NA,NA,NA,NA
"djam1255",3122,"djd","Australia","Mirndi",-15.0558,130.06,"1"
"djam1256",2127,"djr","Australia","Pama-Nyungan",-12.021,135.59,"0"
"djan1238",50,"djf","Australia",NA,NA,NA,NA
"djau1244",992,"djn","Australia",NA,NA,NA,NA
"djaw1238",51,"djw","Australia",NA,NA,NA,NA
"djee1236",701,"djj","Australia","Maningrida",-12.0133,134.097,"0"
"djeo1235",906,"jbt","South America","Nuclear-Macro-Je",-12.038,-64.6694,"?"
"djim1235",845,"dyi","Africa",NA,NA,NA,NA
"djin1251",2122,"jig","Australia","Mirndi",-17.165,133.659,"0"
"djin1252",727,"djb","Australia",NA,NA,NA,NA
"djin1253",1896,"dji","Australia","Pama-Nyungan",-12.462,134.82,NA
"djiw1240",348,"djl","Australia",NA,NA,NA,NA
"djiw1241",382,"dze","Australia",NA,NA,NA,NA
"dobe1238",582,"kvo","Papunesia","Austronesian",-6.32531,134.638,"0"
"dobu1241",2409,"dob","Papunesia","Austronesian",-9.63239,150.825,"1"
"doee1238",702,NA,"Africa",NA,NA,NA,NA
"doga1238",30,NA,"Papunesia",NA,NA,NA,NA
"dogh1241",18,"dgx","Papunesia",NA,NA,NA,NA
"dogo1294",612,"dgs","Africa",NA,NA,NA,NA
"dogo1295",860,"dos","Africa",NA,NA,NA,NA
"dogo1299",102,NA,NA,NA,NA,NA,NA
"dogr1250",607,"dgo","Eurasia",NA,NA,NA,NA
"dogr1252",2539,"dgr","North America",NA,NA,NA,NA
"dogu1235",229,"dbg","Africa",NA,NA,NA,NA
"doko1243",667,"uya","Africa",NA,NA,NA,NA
"dolg1241",4291,"dlg","Eurasia",NA,NA,NA,NA
"dolp1239",695,"dre","Eurasia",NA,NA,NA,NA
"doma1258",2122,"rmt","Eurasia",NA,NA,NA,NA
"doma1260",510,"dmk","Eurasia","Indo-European",36.3258,74.7984,"0"
"domb1246",29,"dov","Africa",NA,NA,NA,NA
"domi1236",38,"doq","North America",NA,NA,NA,NA
"domm1246",591,"doa","Papunesia","Nuclear Trans New Guinea",-6.03737,144.895,"0"
"domp1238",439,"doy","Africa",NA,NA,NA,NA
"domu1245",2,"dof","Papunesia",NA,NA,NA,NA
"domu1246",42,"dev","Papunesia",NA,NA,NA,NA
"dond1249",242,"dok","Papunesia",NA,NA,NA,NA
"dong1285",2125,"sce","Eurasia","Mongolic-Khitan",35.5808,103.558,"0"
"dong1286",82,"yik",NA,NA,NA,NA,NA
"dong1290",409,"doo","Africa",NA,NA,NA,NA
"dong1293",1498,"doh","Africa",NA,NA,NA,NA
"dong1294",516,"ddd","Africa",NA,NA,NA,NA
"donn1239",1997,"dds","Africa",NA,NA,NA,NA
"doon1238",288,"dde","Africa",NA,NA,NA,NA
"doro1266",767,"kqc","Papunesia","Manubaran",-9.56687,147.986,"0"
"doro1267",39,"drr","Papunesia",NA,NA,NA,NA
"dorz1235",382,"doz","Africa",NA,NA,NA,NA
"doty1234",811,"dty","Eurasia",NA,NA,NA,NA
"dout1240",22,"tds","Papunesia",NA,NA,NA,NA
"doya1240",1040,"dow","Africa",NA,NA,NA,NA
"drav1251",8224,NA,"Eurasia",NA,NA,NA,NA
"dren1238",38,"drt",NA,NA,NA,NA,NA
"drun1238",5355,"duu","Eurasia","Sino-Tibetan",28.00792,98.49449,"0"
"dual1243",5172,"dua","Africa","Atlantic-Congo",4.10208,9.61877,"0"
"duan1242",497,"dup","Eurasia, Papunesia",NA,NA,NA,NA
"dubl1239",333,"dub","Eurasia",NA,NA,NA,NA
"dudu1240",107,"duk","Papunesia",NA,NA,NA,NA
"dugu1248",49,"ndu","Africa",NA,NA,NA,NA
"dugu1249",436,"dbm","Africa",NA,NA,NA,NA
"dugw1239",18,"dme","Africa",NA,NA,NA,NA
"duke1237",473,"nke","Papunesia",NA,NA,NA,NA
"dulb1238",11,"dbo","Africa",NA,NA,NA,NA
"duli1241",3,"duz","Africa",NA,NA,NA,NA
"duma1253",484,"dma","Africa",NA,NA,NA,NA
"dumb1241",600,"duf","Papunesia","Austronesian",-22.0947,166.531,"1"
"dumi1241",2326,"dus","Eurasia","Sino-Tibetan",27.45849,86.75699,"0"
"dump1242",5,"dmv","Papunesia",NA,NA,NA,NA
"dump1243",1,"wtf","Papunesia",NA,NA,NA,NA
"dumu1246",27,NA,"Africa, Papunesia",NA,NA,NA,NA
"duna1248",3912,"duc",NA,NA,-5.41439,142.475,"1"
"dung1252",118,"raa","Eurasia",NA,NA,NA,NA
"dung1253",4499,"dng","Eurasia",NA,NA,NA,NA
"duox1238",30,NA,"Eurasia",NA,NA,NA,NA
"dupa1235",1117,"duo","Papunesia","Austronesian",17.3748,122.188,"1"
"dura1244",611,"drq","Eurasia","Sino-Tibetan",28.173,84.435,"0"
"duri1242",1402,"mvp","Papunesia",NA,NA,NA,NA
"duru1236",1025,"pci","Eurasia","Dravidian",19.0534,82.4881,"0"
"duru1249",1015,"dug","Africa",NA,NA,NA,NA
"dusn1237",238,"dsn","Papunesia","Austronesian",-2.73859,134.391,"1"
"dusu1269",874,"duq","Eurasia, Papunesia",NA,NA,NA,NA
"dusu1271",138,"dun","Papunesia",NA,NA,NA,NA
"dutc1253",5498,"dse",NA,NA,NA,NA,NA
"dutc1256",54277,"nld","Eurasia","Indo-European",52,5,"1"
"duun1242",284,"dux","Africa",NA,NA,NA,NA
"duup1238",59,"dae","Africa",NA,NA,NA,NA
"duvl1242",366,"duv","Papunesia",NA,NA,NA,NA
"duwa1244",10,"dbp","Africa",NA,NA,NA,NA
"duwe1237",17,"gve","Papunesia",NA,NA,NA,NA
"dwan1238",162,"nnu","Africa",NA,NA,NA,NA
"dyaa1242",443,"dyy","Australia",NA,NA,NA,NA
"dyab1238",2,"dyb","Australia",NA,NA,NA,NA
"dyan1250",1409,"dyn","Australia","Pama-Nyungan",-30.8469,152.602,"?"
"dyan1251",636,"dya","Africa",NA,NA,NA,NA
"dyar1234",19,"dyr","Africa",NA,NA,NA,NA
"dyir1250",7168,"dbl","Australia","Pama-Nyungan",-17.4516,145.544,NA
"dyug1238",14,"dyd","Australia",NA,NA,NA,NA
"dyul1238",6894,"dyu","Africa","Mande",10.4536,-4.72007,"1"
"dzaa1238",280,"jen","Africa",NA,NA,NA,NA
"dzal1238",1127,"dzl","Eurasia",NA,NA,NA,NA
"dzao1238",2732,"bpn","Eurasia","Hmong-Mien",24.9754,112.326,"0"
"dzod1238",91,"add","Africa",NA,NA,NA,NA
"dzon1239",8075,"dzo","Eurasia","Sino-Tibetan",27.410786,89.581604,"0"
"dzuu1241",1172,"dnn","Africa",NA,NA,NA,NA
"east1236",4546,"ktv","Eurasia","Austroasiatic",15.8553,107.644,"?"
"east1472",1664,"kee","North America",NA,NA,NA,NA
"east2288",154,NA,NA,NA,NA,NA,NA
"east2295",16117,"ydd","Eurasia",NA,NA,NA,NA
"east2304",1182,"bgp","Eurasia",NA,NA,NA,NA
"east2328",5108,"mhr","Eurasia",NA,NA,NA,NA
"east2330",1060,"lwl","Eurasia","Austroasiatic",19.0136,98.7613,"0"
"east2332",3280,"bru","Eurasia","Austroasiatic",17.1311,105.671,"0"
"east2333",4937,"mng","Eurasia","Austroasiatic",12.3939,108.354,"0"
"east2337",343,"yuy","Eurasia",NA,NA,NA,NA
"east2342",1032,"eky","Eurasia","Sino-Tibetan",19.8939,98.3359,"0"
"east2346",120,"tge","Eurasia",NA,NA,NA,NA
"east2347",1922,"taj","Eurasia",NA,NA,NA,NA
"east2349",1937,"nos","Eurasia",NA,NA,NA,NA
"east2351",24,"emq","Eurasia",NA,NA,NA,NA
"east2352",2134,"mgp","Eurasia",NA,NA,NA,NA
"east2354",8,"kif","Eurasia",NA,NA,NA,NA
"east2357",10,"emg","Eurasia",NA,NA,NA,NA
"east2371",957,"muq","Eurasia",NA,NA,NA,NA
"east2379",2970,"aer","Australia","Pama-Nyungan",-23.3583,135.046,"0"
"east2387",1833,"lma","Africa",NA,NA,NA,NA
"east2398",1025,"xrb","Africa",NA,NA,NA,NA
"east2403",37,"acp","Africa",NA,NA,NA,NA
"east2409",756,"nle","Africa",NA,NA,NA,NA
"east2414",361,"kqo","Africa",NA,NA,NA,NA
"east2420",42,NA,"Africa",NA,NA,NA,NA
"east2426",4587,"emk","Africa",NA,NA,NA,NA
"east2440",1134,"mky","Papunesia","Austronesian",0.07337,127.423,"0"
"east2443",1061,"omb","Papunesia","Austronesian",-15.3523,167.89,"0"
"east2447",1928,"fud","Papunesia","Austronesian",-14.278717,-178.137222,"1"
"east2449",68,NA,NA,"Austronesian",NA,NA,NA
"east2472",8,"dmr","Papunesia",NA,NA,NA,NA
"east2482",490,"bnj","Papunesia",NA,NA,NA,NA
"east2485",1248,"pez","Papunesia","Austronesian",4.5915,114.584,"0"
"east2486",486,"zbe","Papunesia",NA,NA,NA,NA
"east2516",2839,"kjs","Papunesia","Nuclear Trans New Guinea",-6.32989,143.931,"1"
"east2533",216,NA,"North America",NA,NA,NA,NA
"east2534",8309,"ike","North America",NA,NA,NA,NA
"east2538",2674,"nhe","North America",NA,NA,NA,NA
"east2542",2439,NA,"North America",NA,NA,NA,NA
"east2544",545,"aaq","North America",NA,NA,NA,NA
"east2545",628,"peb","North America","Pomoan",38.5647,-122.586,"1"
"east2551",291,"qve","South America",NA,NA,NA,NA
"east2555",5927,"gui","South America","Tupian",-20.42,-63.37,"0"
"east2556",1222,"otm","North America","Otomanguean",20.5991,-98.0978,"1"
"east2563",11289,"cjm","Eurasia","Austronesian",11.2853,108.49,"0"
"east2652",4580,"hae","Africa",NA,NA,NA,NA
"east2690",4318,"avl","Eurasia","Afro-Asiatic",29.6742,33.6113,"1"
"east2694",72,"sfe","Papunesia","Austronesian",8.2475,123.5234,"1"
"east2695",881,"azd","North America",NA,NA,NA,NA
"east2696",785,"yit","Eurasia",NA,NA,NA,NA
"east2773",94,NA,"Eurasia","Sino-Tibetan",27.576985,86.033964,"0"
"east2779",312,"cek","Eurasia",NA,NA,NA,NA
"east2834",1010,"yol","Eurasia",NA,NA,NA,NA
"ebir1243",2144,"igb","Africa",NA,NA,NA,NA
"ebla1238",1592,"xeb",NA,NA,NA,NA,NA
"ebri1238",284,"ebr","Africa",NA,NA,NA,NA
"ecua1243",951,"ecs","South America",NA,NA,NA,NA
"edec1238",44,"cbj","Africa",NA,NA,NA,NA
"edei1244",283,"idd","Africa",NA,NA,NA,NA
"edei1245",222,"ijj","Africa",NA,NA,NA,NA
"edei1246",114,"ica",NA,NA,NA,NA,NA
"eden1244",273,"nqg","Africa",NA,NA,NA,NA
"eder1237",65,"awy","Papunesia",NA,NA,NA,NA
"edol1239",1234,"etr","Papunesia",NA,NA,NA,NA
"edop1238",164,"dbf","Papunesia",NA,NA,NA,NA
"eeee1240",763,"eee","Eurasia",NA,NA,NA,NA
"efee1239",2601,"efe","Africa",NA,NA,NA,NA
"efik1245",5370,"efi","Africa",NA,NA,NA,NA
"efut1241",9,NA,"Africa",NA,NA,NA,NA
"egaa1242",379,"ega","Africa","Atlantic-Congo",5.56081,-5.41732,"1"
"eggo1239",468,"ego","Africa",NA,NA,NA,NA
"egyp1238",199,"esl","Africa",NA,NA,NA,NA
"egyp1246",9594,"egy","Africa",NA,NA,NA,NA
"egyp1253",24209,"arz","Africa","Afro-Asiatic",31,31,"1"
"eipo1242",1727,"eip","Papunesia","Nuclear Trans New Guinea",-4.33691,140.045,"0"
"ejag1239",5614,NA,"Africa",NA,NA,NA,NA
"ejam1238",490,"eja","Africa",NA,NA,NA,NA
"ekaj1238",365,"eka","Africa",NA,NA,NA,NA
"ekar1243",3207,NA,"Papunesia","Nuclear Trans New Guinea",-3.88974,136.018,"0"
"ekii1241",198,"eki","Africa",NA,NA,NA,NA
"ekit1244",91,NA,"Africa",NA,NA,NA,NA
"ekit1246",24,"eke","Africa",NA,NA,NA,NA
"ekon1238",98,NA,"Africa",NA,NA,NA,NA
"ekpe1253",870,"ekp","Africa",NA,NA,NA,NA
"elam1244",2214,"elx","Eurasia",NA,NA,NA,NA
"elem1253",775,"elm","Africa","Atlantic-Congo",4.72964,7.267,"1"
"elep1240",34,"ele","Papunesia",NA,NA,NA,NA
"elhu1238",14,"elh","Africa",NA,NA,NA,NA
"elip1238",280,"ekm","Africa","Atlantic-Congo",4.45694,11.193,"0"
"elke1240",21,"elk","Papunesia",NA,NA,NA,NA
"elmo1238",1776,"elo","Africa","Afro-Asiatic",2.79312,36.7619,"0"
"elna1235",4640,"crn","North America","Uto-Aztecan",22.4099,-104.467,"1"
"elot1235",54,"zte","North America",NA,NA,NA,NA
"eloy1241",162,"afo","Africa",NA,NA,NA,NA
"else1239",30,"mrf","Papunesia",NA,NA,NA,NA
"elym1237",55,"xly","Eurasia",NA,NA,NA,NA
"emab1235",22,"yzg","Eurasia",NA,NA,NA,NA
"emae1237",55,"mmw","Papunesia","Austronesian",-17.052,168.399,"1"
"emai1241",2677,"ema","Africa",NA,NA,NA,NA
"eman1238",16,"emn","Africa",NA,NA,NA,NA
"emba1238",798,"emb","Papunesia",NA,NA,NA,NA
"embe1259",127,"bdc","South America",NA,NA,NA,NA
"embe1260",1703,"cto","South America","Chocoan",7.52721,-76.7476,"0"
"embe1261",16,"tdc","South America",NA,NA,NA,NA
"embe1262",893,"cmi","South America","Chocoan",4.8791,-76.0749,"1"
"embu1241",4139,"ebu","Africa",NA,NA,NA,NA
"emer1243",2023,"eme","South America",NA,NA,NA,NA
"emil1241",6072,"egl",NA,NA,NA,NA,NA
"emum1240",32,"enr","Papunesia",NA,NA,NA,NA
"enap1235",3071,NA,"South America","Cariban",6.95035,-65.8483,"0"
"enaw1238",644,"unk","South America",NA,NA,NA,NA
"ende1246",32,"end","Papunesia",NA,NA,NA,NA
"enga1252",2293,"enq","Papunesia",NA,NA,NA,NA
"enge1239",687,"enn","Africa",NA,NA,NA,NA
"engg1245",2978,"eno","Papunesia",NA,NA,NA,NA
"ennn1243",3487,"enc","Eurasia",NA,NA,NA,NA
"enre1239",14,"ptt","Papunesia",NA,NA,NA,NA
"enuu1235",546,"enu","Eurasia","Sino-Tibetan",22.95,101.85,"0"
"enya1247",1208,"gey","Africa",NA,NA,NA,NA
"epen1239",2107,"sja","South America","Chocoan",4.25877,-77.3566,"1"
"epie1238",274,"epi","Africa",NA,NA,NA,NA
"epig1241",2209,"emy","North America",NA,NA,NA,NA
"erav1242",407,"era","Eurasia",NA,NA,NA,NA
"erav1244",249,"kjy","Papunesia",NA,NA,NA,NA
"erit1239",31,"ert","Papunesia",NA,NA,NA,NA
"erok1237",41,"erw","Papunesia",NA,NA,NA,NA
"erro1240",133,"emx","Eurasia",NA,NA,NA,NA
"ersu1241",2609,"ers","Eurasia","Sino-Tibetan",29.2867,102.213,"0"
"eruw1238",27,"erh","Africa",NA,NA,NA,NA
"erzy1239",6988,"myv","Eurasia","Uralic",52.8548,45.3901,"0"
"esan1238",1560,"ish","Africa","Atlantic-Congo",6.25685,6.33917,"1"
"esee1247",3313,"mcq","Papunesia","Koiarian",-9.09451,148.376,"?"
"esee1248",6526,"ese",NA,"Pano-Tacanan",-11.7268,-67.515,"0"
"esim1238",367,"ags","Africa","Atlantic-Congo",6.50094,9.86936,"1"
"eski1266",22,NA,"North America",NA,NA,NA,NA
"espe1235",2588,"epo",NA,NA,NA,NA,NA
"esse1238",647,"esq","North America",NA,36.5473,-121.867,"0"
"esta1236",1352,"ots","North America",NA,NA,NA,NA
"esto1238",446,"eso","Eurasia",NA,NA,NA,NA
"esto1258",14470,"ekk","Eurasia","Uralic",58.55,25.82,"0"
"eten1239",135,"etx","Africa",NA,NA,NA,NA
"eteo1236",341,"ecr","Eurasia",NA,NA,NA,NA
"eteo1240",388,"ecy","Eurasia",NA,NA,NA,NA
"ethi1238",461,"eth","Africa",NA,NA,NA,NA
"etky1238",633,"ich","Africa",NA,NA,NA,NA
"eton1253",3868,"eto","Africa","Atlantic-Congo",4.21045,11.3935,NA
"etru1241",6553,"ett","Eurasia",NA,41.9,12.4833,"1"
"etul1245",281,"utr","Africa",NA,NA,NA,NA
"eude1234",489,"eud","North America","Uto-Aztecan",28.5,-110,"0"
"even1259",11385,"evn","Eurasia","Tungusic",61.972,94.689,"0"
"even1260",7359,"eve","Eurasia","Tungusic",70.6687,130.914,"0"
"eviy1235",880,"gev","Africa",NA,NA,NA,NA
"ewag1241",810,"nou","Papunesia",NA,NA,NA,NA
"ewee1241",31413,"ewe","Africa","Atlantic-Congo",6.46061,0.814975,"1"
"ewon1239",7672,"ewo","Africa",NA,NA,NA,NA
"extr1243",2012,"ext","Eurasia",NA,NA,NA,NA
"eyak1241",7692,"eya","North America","Athabaskan-Eyak-Tlingit",60.4232,-144.762,"0"
"fada1250",1356,"fab","Africa",NA,NA,NA,NA
"faga1239",7,"faf","Papunesia",NA,NA,NA,NA
"faif1234",1131,"fif","Eurasia",NA,NA,NA,NA
"fait1240",286,"faj","Papunesia","Nuclear Trans New Guinea",-5.59947,145.298,"?"
"faiw1243",2864,"fai","Papunesia",NA,NA,NA,NA
"fala1241",1676,"fax","Eurasia",NA,NA,NA,NA
"fala1243",3141,"cfm","Eurasia","Sino-Tibetan",23.7892833333,92.3254633333,"0"
"fali1285",41,"fli",NA,NA,NA,NA,NA
"fali1291",4422,"xfa","Eurasia",NA,NA,NA,NA
"famm1241",69,"fam","Africa",NA,NA,NA,NA
"fana1235",2198,"fng","Africa",NA,NA,NA,NA
"fang1246",11152,"fan","Africa",NA,NA,NA,NA
"fang1248",235,"fak","Africa",NA,NA,NA,NA
"fani1244",266,"fni","Africa",NA,NA,NA,NA
"fant1241",108,NA,"Africa",NA,NA,NA,NA
"fare1241",4267,"gur","Africa","Atlantic-Congo",11.0918,-0.81109,"1"
"farn1234",874,"nsf","Eurasia",NA,NA,NA,NA
"faro1244",5442,"fao","Eurasia","Indo-European",62.0732,-6.88497,"1"
"farw1235",77,"fmu","Eurasia",NA,NA,NA,NA
"fass1245",2457,"fqs","Papunesia","Baibai-Fas",-3.10868,141.64,"0"
"fasu1242",6253,"faa","Papunesia",NA,-6.62687,143.284,"0"
"fata1245",13,"far","Papunesia",NA,NA,NA,NA
"fata1247",1980,"ddg","Papunesia",NA,NA,NA,NA
"fayu1238",589,"fau","Papunesia",NA,NA,NA,NA
"fefe1239",2017,"fmp","Africa","Atlantic-Congo",5.18158,10.1442,"1"
"fern1234",2124,"fpe","Africa",NA,NA,NA,NA
"fiji1242",1029,"hif","Papunesia",NA,NA,NA,NA
"fiji1243",8267,"fij","Papunesia","Austronesian",-18,178.33,"1"
"fili1244",608,"fil","Papunesia","Austronesian",12.265,123.464,"1"
"filo1235",386,"tlp","North America","Totonacan",20.1415,-97.5931,"?"
"fina1242",2453,"bkb",NA,"Austronesian",17.0319,121.11,"1"
"finl1235",82,"fss","Eurasia",NA,NA,NA,NA
"finn1310",1909,"fse","Eurasia","Sign Language",60.661,25.0677,NA
"finn1318",23347,"fin","Eurasia","Uralic",64.7628,25.5577,"0"
"fino1238",6,"fag","Papunesia",NA,NA,NA,NA
"fipa1238",436,"fip","Africa","Atlantic-Congo",-7.88963,31.3442,"1"
"fira1238",91,"fir","Africa",NA,NA,NA,NA
"flin1247",86,"fln","Australia",NA,NA,NA,NA
"foau1240",697,"flh","Papunesia",NA,NA,NA,NA
"foii1241",1851,"foi","Papunesia","East Kutubu",-6.47258,143.495,"1"
"folo1238",1261,"ppo","Papunesia",NA,NA,NA,NA
"foma1238",62,"fom","Africa",NA,NA,NA,NA
"fonn1241",11779,"fon","Africa","Atlantic-Congo",7.15484,1.66495,"1"
"food1238",550,"fod","Africa",NA,NA,NA,NA
"ford1242",1187,"frd","Papunesia",NA,NA,NA,NA
"fore1265",3657,"enf","Eurasia","Uralic",69.9829,88.2121,"0"
"fore1270",8722,"for","Papunesia","Nuclear Trans New Guinea",-6.64473,145.5065,"0"
"fort1240",52,"frt","Papunesia",NA,NA,NA,NA
"fran1260",4870,"frp","Eurasia",NA,NA,NA,NA
"fran1266",2006,"zos","North America","Mixe-Zoque",17.3654,-93.3633,"0"
"fren1243",2967,"fsl","Eurasia",NA,NA,NA,NA
"friu1240",3072,"fur","Eurasia",NA,NA,NA,NA
"fuli1240",1767,"flr","Africa",NA,NA,NA,NA
"fuln1247",2980,"fun","South America",NA,-9.02591,-37.1402,"0"
"fumm1238",139,"fum","Africa",NA,NA,NA,NA
"fung1245",364,"ula","Africa",NA,NA,NA,NA
"furr1244",4617,"fvr","Africa","Furan",12.0455,23.6401,"0"
"furu1242",399,"fuu","Africa","Central Sudanic",4.485,20.6448,"1"
"futu1245",1958,"fut","Papunesia","Austronesian",-19.5303,170.215,"1"
"fuyu1242",603,"fuy","Papunesia","Goilalan",-8.6371,147.312,"0"
"fwai1237",20,"fwa","Papunesia",NA,NA,NA,NA
"fwee1238",1317,"fwe","Africa",NA,NA,NA,NA
"fyam1238",394,"pym","Africa",NA,NA,NA,NA
"fyer1241",136,"fie",NA,NA,NA,NA,NA
"gaaa1244",5065,"gaa","Africa","Atlantic-Congo",5.65488,-0.18598,"1"
"gaaa1245",346,"ttb","Africa","Atlantic-Congo",8.4809,11.9603,"?"
"gaal1238",18,NA,"Australia",NA,NA,NA,NA
"gaam1241",2217,"tbi","Africa","Eastern Jebel",11.4674,33.9797,"1"
"gaan1243",308,"gqa","Africa","Afro-Asiatic",10.2955,12.6479,"1"
"gabo1234",326,"gie","Africa",NA,NA,NA,NA
"gabr1253",73,"gab",NA,NA,NA,NA,NA
"gada1258",1572,"gdg","Papunesia","Austronesian",17.2238,121.455,"1"
"gada1262",24,"gdk","Africa",NA,NA,NA,NA
"gadd1242",1146,"gbk","Eurasia",NA,NA,NA,NA
"gadd1244",729,"gad","Papunesia",NA,NA,NA,NA
"gade1236",678,"gda","Eurasia",NA,NA,NA,NA
"gade1242",905,"ged","Africa","Atlantic-Congo",8.71139,7.49869,"1"
"gadj1243",71,"gdh","Australia",NA,NA,NA,NA
"gads1258",4474,"gaj","Papunesia",NA,NA,NA,NA
"gafa1240",813,"gft","Africa",NA,NA,NA,NA
"gaga1249",13528,"gag","Eurasia","Turkic",44.5988,28.0277,"0"
"gaga1251",1755,"gbu","Australia",NA,-12.5176,132.643,"0"
"gagn1235",908,"btg","Africa",NA,NA,NA,NA
"gagu1242",1276,"ggu","Africa",NA,NA,NA,NA
"gahr1239",1807,"bfu","Eurasia","Sino-Tibetan",32.2168,77.9596,"1"
"gaik1242",482,"gbf","Papunesia",NA,NA,NA,NA
"gail1235",272,"gic","Africa",NA,NA,NA,NA
"gala1252",441,"xga",NA,NA,NA,NA,NA
"gale1257",153,"gar","Papunesia",NA,NA,NA,NA
"gale1259",2397,"gbi","Papunesia","North Halmahera",2.31461,128.44,"1"
"gali1258",4906,"glg",NA,"Indo-European",42.2446,-7.5343,"1"
"gali1261",73,"gce",NA,NA,NA,NA,NA
"gali1262",9834,"car","South America","Cariban",5.83772,-56.8323,"0"
"gall1275",35,NA,"Eurasia",NA,NA,NA,NA
"gall1276",429,"sdn","Eurasia",NA,NA,NA,NA
"galo1242",2430,"adl","Eurasia","Sino-Tibetan",27.9805586,94.6884956,"0"
"galo1243",1088,"gal","Papunesia",NA,NA,NA,NA
"gama1251",390,NA,"Eurasia",NA,NA,NA,NA
"gamb1251",371,"gma","Australia","Worrorran",-14.29546,126.27131,"0"
"gamb1252",1763,"wof","Africa",NA,NA,NA,NA
"gami1243",5322,"kld","Australia",NA,NA,NA,NA
"gamo1243",3103,"gmv","Africa","Ta-Ne-Omotic",6.27645,37.23808,"1"
"gana1268",151,"ihw","Australia",NA,NA,NA,NA
"gana1270",25,"gne","Africa",NA,NA,NA,NA
"gana1274",1308,"gnk","Africa",NA,NA,NA,NA
"gana1278",1274,"unn","Australia","Pama-Nyungan",-38.58,146.5,"?"
"ganc1239",4590,"gan","Eurasia",NA,NA,NA,NA
"gand1255",18675,"lug","Africa","Atlantic-Congo",0.66884,32.15153,"1"
"gand1259",1052,"pgd","Eurasia",NA,NA,NA,NA
"gane1237",1088,"gzn","Papunesia",NA,NA,NA,NA
"gang1266",746,"gnb","Eurasia","Sino-Tibetan",24.5113,94.1681,"0"
"gang1267",2672,"gcd","Australia","Tangkic",-17.5446,139.426,"0"
"gang1268",6,"gnl","Australia",NA,NA,NA,NA
"gant1244",1017,"gao","Papunesia","Nuclear Trans New Guinea",-5.28113,144.771,"1"
"ganz1246",194,"gza","Africa",NA,NA,NA,NA
"gaoo1237",7,"gga","Papunesia",NA,NA,NA,NA
"gapa1238",471,"pwg","Papunesia","Austronesian",-9.73317,149.854,"1"
"gara1269",1739,"wrk","Australia","Garrwan",-17.4504,137.72014,"0"
"garh1243",710,"gbm","Eurasia",NA,NA,NA,NA
"gari1253",2983,"ilg",NA,NA,NA,NA,NA
"gari1256",5038,"cab","North America","Arawakan",15.3529,-86.9091,"0"
"garo1247",7498,"grt","Eurasia","Sino-Tibetan",25.2954,90.462,"0"
"garr1259",164,"gex","Africa",NA,NA,NA,NA
"garr1260",50,NA,"Australia",NA,NA,NA,NA
"gata1239",1317,"gaq","Eurasia","Austroasiatic",18.6076,82.984,"0"
"gava1241",55,"gou","Africa",NA,NA,NA,NA
"gavi1246",960,"gvo","South America",NA,NA,NA,NA
"gawa1247",416,"gwt","Eurasia",NA,NA,NA,NA
"gaww1239",1150,"gwd","Africa",NA,NA,NA,NA
"gayi1237",149,"gyl",NA,NA,NA,NA,NA
"gayo1244",2431,"gay","Papunesia","Austronesian",4.3733,97.3456,"0"
"gazi1243",1996,"gzi","Eurasia",NA,NA,NA,NA
"gbag1258",767,"gbr","Africa",NA,NA,NA,NA
"gban1258",699,"gbg","Africa",NA,NA,NA,NA
"gban1260",472,"gbv","Africa",NA,NA,NA,NA
"gbar1246",378,"gby","Africa",NA,NA,NA,NA
"gbay1278",18,"gyg","Africa","Atlantic-Congo",5.57378,21.9707,"?"
"gbay1281",299,"gmm","Africa",NA,NA,NA,NA
"gbay1286",392,"gbq","Africa",NA,NA,NA,NA
"gbay1287",2604,"gbp","Africa",NA,NA,NA,NA
"gbay1288",2301,"krs","Africa","Kresh-Aja",8.43391,25,"1"
"gbes1238",52,"gbs","Africa",NA,NA,NA,NA
"gbin1239",68,"xgb","Eurasia",NA,NA,NA,NA
"gbir1241",112,"grh","Africa",NA,NA,NA,NA
"geba1237",379,"kvq","Eurasia","Sino-Tibetan",19.4991,96.9492,"0"
"gebe1237",107,"gei","Papunesia","Austronesian",-0.07877,129.424,"?"
"geda1237",1315,"gdd","Papunesia","Austronesian",-5.18175,145.781,"0"
"gede1246",996,"drs","Africa",NA,NA,NA,NA
"geee1239",529,"hmj","Eurasia",NA,NA,NA,NA
"geez1241",12987,"gez","Africa",NA,NA,NA,NA
"geko1235",535,"ghk","Eurasia",NA,NA,NA,NA
"gela1263",1034,"nlg","Papunesia","Austronesian",-9.04587,160.186,"1"
"gela1264",1342,"giu","Eurasia",NA,NA,NA,NA
"geme1244",78,"geq","Africa","Atlantic-Congo",8.48359,20.6611,"?"
"gend1249",1069,"gaf","Papunesia",NA,NA,NA,NA
"genn1243",4904,"gej","Africa",NA,NA,NA,NA
"gepo1234",184,"ygp","Eurasia",NA,NA,NA,NA
"gera1246",253,"gew","Africa",NA,NA,NA,NA
"germ1281",2768,"gsg","Eurasia",NA,NA,NA,NA
"germ1287",1129,NA,NA,NA,NA,NA,NA
"geru1240",175,"gea","Africa","Afro-Asiatic",10.4775,9.78484,"?"
"gese1240",747,"ges","Papunesia","Austronesian",-3.8016,130.701,"?"
"ghad1239",1967,"gha","Africa","Afro-Asiatic",30.1168,10.0165,"0"
"ghan1235",712,"gse","Africa",NA,NA,NA,NA
"ghan1242",739,"ghn","Papunesia","Austronesian",-8.02035,156.552,"1"
"ghan1244",710,"gpe","Africa",NA,NA,NA,NA
"ghar1239",340,"gri",NA,"Austronesian",-9.4791,159.917,"1"
"ghar1240",326,"ajs","Africa",NA,NA,NA,NA
"ghay1237",7,"bmk","Papunesia",NA,NA,NA,NA
"gheg1238",7338,"aln","Eurasia","Indo-European",42.317,21.3837,"1"
"ghil1238",60,NA,"Eurasia",NA,NA,NA,NA
"ghod1238",1116,"gdo","Eurasia","Nakh-Daghestanian",42.7428,46.2252,"0"
"ghom1247",4780,"bbj","Africa",NA,NA,NA,NA
"ghom1257",1122,"gho","Africa","Afro-Asiatic",34.7979,-4.6696,"1"
"ghot1243",217,"aaa","Africa",NA,NA,NA,NA
"ghul1238",5784,"ghl","Africa",NA,NA,NA,NA
"gian1241",284,"bgi","Papunesia",NA,NA,NA,NA
"giba1240",334,"gib","Africa",NA,NA,NA,NA
"gida1247",1148,"gid","Africa","Afro-Asiatic",9.874715,14.07845,"1"
"giky1238",480,"acd","Africa",NA,NA,NA,NA
"gila1241",2756,"glk","Eurasia",NA,NA,NA,NA
"gilb1244",4026,"gil","Papunesia","Austronesian",0.179,173.64,"0"
"gily1242",6245,"niv","Eurasia","Nivkh",52.59,140.681,"0"
"gimi1242",96,"gip","Papunesia",NA,NA,NA,NA
"gimi1243",1507,"gim","Papunesia",NA,NA,NA,NA
"gimm1241",101,"kmp","Africa",NA,NA,NA,NA
"gimn1238",628,"gmn","Africa",NA,NA,NA,NA
"giny1241",243,"ayg","Africa",NA,NA,NA,NA
"gira1247",2530,"bbr","Papunesia","Nuclear Trans New Guinea",-5.35342,145.423,"0"
"giri1245",557,"gii","Africa",NA,NA,NA,NA
"giry1241",3124,"nyf","Africa","Atlantic-Congo",-3.30638,39.6648,"?"
"gito1238",896,"toh","Africa",NA,NA,NA,NA
"gitu1237",51,"ggt","Papunesia",NA,NA,NA,NA
"gitx1241",2045,"git","North America",NA,NA,NA,NA
"gizr1240",387,"tof","Papunesia","Eastern Trans-Fly",-9.183,142.804,"0"
"glav1244",210,"glw","Africa","Afro-Asiatic",11.1334,13.8652,"1"
"gnau1240",1195,"gnu","Papunesia",NA,NA,NA,NA
"goan1235",8303,"gom","Eurasia",NA,NA,NA,NA
"goba1246",1253,"goi","Papunesia",NA,NA,NA,NA
"godi1239",3195,"god","Africa",NA,NA,NA,NA
"godw1241",320,"gdx","Eurasia",NA,NA,NA,NA
"goem1240",1287,"ank","Africa","Afro-Asiatic",8.74455,9.72453,"1"
"gofa1235",738,"gof","Africa","Ta-Ne-Omotic",6.57645,37.05,"0"
"gogo1263",3620,"gog",NA,NA,NA,NA,NA
"gogo1265",2408,"ggw","Papunesia","Suki-Gogodala",-8.08527,142.874,"0"
"goka1239",342,"gkn","Africa",NA,NA,NA,NA
"gola1255",743,"gol","Africa","Atlantic-Congo",7.06193,-10.8138,"1"
"goli1247",4481,"gvf","Papunesia","Nuclear Trans New Guinea",-6.2249,144.8505,"0"
"gong1251",227,"goe","Eurasia",NA,NA,NA,NA
"gonj1241",1455,"gjn","Africa",NA,NA,NA,NA
"gooa1234",272,"gov","Africa",NA,NA,NA,NA
"goon1238",3993,"gni","Australia","Bunaban",-18.4073,126.351,"0"
"gora1261",3,"goq","Papunesia",NA,NA,NA,NA
"gore1235",10,NA,"Australia",NA,NA,NA,NA
"goro1259",2444,"gor","Papunesia",NA,NA,NA,NA
"goro1270",1285,"gow","Africa","Afro-Asiatic",-4.23575,35.7996,NA
"gorr1238",520,"gqr","Africa",NA,NA,NA,NA
"gosi1242",9,NA,"North America",NA,NA,NA,NA
"goth1244",7934,"got","Eurasia",NA,NA,NA,NA
"goun1238",34,"goy","Africa",NA,NA,NA,NA
"gour1243",4373,"gux","Africa",NA,NA,NA,NA
"gowl1241",15,"gok","Eurasia",NA,NA,NA,NA
"goza1238",18,"goz","Eurasia",NA,NA,NA,NA
"gran1245",65,"nli",NA,NA,NA,NA,NA
"gras1249",1197,"kbk","Papunesia","Koiarian",-9.51218,147.437,"0"
"gree1271",1054,"gss","Eurasia",NA,NA,NA,NA
"gree1278",1348,"giq","Eurasia",NA,NA,NA,NA
"gren1247",267,"gcl","North America",NA,NA,NA,NA
"gres1240",410,"grs","Papunesia",NA,NA,NA,NA
"grom1238",1849,"gro",NA,NA,NA,NA,NA
"gron1242",3473,"gos",NA,NA,NA,NA,NA
"gros1243",1995,"ats","North America","Algic",48.4834,-108.738,"0"
"guaa1238",886,"gwx","Africa",NA,NA,NA,NA
"guad1242",8290,"gcf","North America",NA,NA,NA,NA
"guah1255",10986,"guh","South America","Guahiboan",5.81736,-68.9839,"0"
"guai1237",40,NA,"North America",NA,NA,NA,NA
"guaj1255",528,"gub","South America",NA,NA,NA,NA
"guaj1256",2209,"gvj","South America",NA,NA,NA,NA
"guam1248",3227,"gum","South America","Barbacoan",2.55849,-76.582,"?"
"guan1266",2905,"jiq","Eurasia","Sino-Tibetan",31.5655,101.928,"1"
"guan1268",1342,"gva","South America",NA,NA,NA,NA
"guan1269",3750,"gvc","South America","Tucanoan",1.07554,-69.5705,"1"
"guan1270",219,NA,"South America","Arawakan",-19.1667,-54.0333,"0"
"guan1277",5514,"gnc","Africa",NA,NA,NA,NA
"guar1292",2580,"gyr","South America",NA,NA,NA,NA
"guar1293",1544,"gae","Eurasia","Arawakan",1.80835,-66.922505,"0"
"guat1249",282,"gsm","North America",NA,NA,NA,NA
"guat1253",3959,"gta","South America",NA,-17.8696,-57.2897,"?"
"guay1257",1209,"guo","South America",NA,NA,NA,NA
"guda1242",18,NA,"Australia",NA,NA,NA,NA
"guda1244",2161,"xgd","Australia, Papunesia",NA,NA,NA,NA
"gude1246",1753,"gde","Africa","Afro-Asiatic",10.2138,13.403,"1"
"gudu1252",31,"gdf","Africa",NA,NA,NA,NA
"guer1241",5315,"ngu","North America","Uto-Aztecan",17.8583,-99.0023,"1"
"guer1242",20,NA,"Africa",NA,NA,NA,NA
"guer1243",5603,"amu",NA,"Otomanguean",16.77226,-98.18953,"1"
"guev1238",582,"zpg","North America",NA,NA,NA,NA
"guga1239",43,"ggd","Australia",NA,NA,NA,NA
"gugu1253",290,"gdc","Australia","Pama-Nyungan",-18.4921,144.46,"0"
"gugu1254",160,"kkp","Australia",NA,NA,NA,NA
"gugu1255",2803,"kky","Australia","Pama-Nyungan",-14.9424,144.831,NA
"gugu1256",638,"wrw",NA,NA,NA,NA,NA
"guhu1244",3917,"ghs","Papunesia","Nuclear Trans New Guinea",-7.99922,147.228,"?"
"guia1246",3334,"gcr","South America",NA,NA,NA,NA
"guib1244",570,"zgn","Eurasia",NA,NA,NA,NA
"guib1245",60,"zgb","Eurasia",NA,NA,NA,NA
"guib1246",1473,"bet","Africa",NA,NA,NA,NA
"guil1236",1192,"ztu","North America",NA,NA,NA,NA
"guin1254",939,"gkp","Africa",NA,NA,NA,NA
"guin1260",714,"lgs","Africa",NA,NA,NA,NA
"guiq1238",2614,"gqi","Eurasia","Sino-Tibetan",30.4803,102.128,"0"
"guja1252",6719,"guj","Eurasia",NA,NA,NA,NA
"guja1253",4072,"gju","Eurasia",NA,NA,NA,NA
"gula1265",866,"glj","Africa",NA,NA,NA,NA
"gula1266",775,"kcm","Africa",NA,NA,NA,NA
"gula1268",207,"gvl","Africa",NA,NA,NA,NA
"gule1241",1131,"gly","Africa",NA,NA,NA,NA
"gulf1241",5656,"afb","Eurasia","Afro-Asiatic",30.17,47.5,"1"
"gull1241",2253,"gul","North America",NA,NA,NA,NA
"guma1253",690,"gnn",NA,NA,NA,NA,NA
"guma1254",1066,"gvs","Papunesia","Austronesian",-9.28497,150.762,"0"
"gumu1244",1860,"guk","Africa","Gumuz",11.05,35.93,"0"
"gund1247",2646,"gdi","Africa",NA,NA,NA,NA
"gung1248",235,"gyf","Australia","Pama-Nyungan",-25.6896,148.604,"?"
"gung1250",484,"rub","Africa",NA,NA,NA,NA
"gunn1248",21,NA,"Australia",NA,NA,NA,NA
"gunn1250",1860,"guw","Africa",NA,NA,NA,NA
"gunt1241",91,"gnt","Papunesia",NA,NA,NA,NA
"gunw1252",8811,"gup","Australia","Gunwinyguan",-12.3398,133.358,"0"
"guny1241",560,"gyy","Australia","Pama-Nyungan",-27.0642,145.862,"0"
"gupa1247",2521,"guf","Australia",NA,NA,NA,NA
"gura1251",2535,"hac","Eurasia","Indo-European",36.8377,44.4956,"1"
"gura1252",717,"gge","Australia",NA,NA,NA,NA
"gurd1238",201,"gdj","Australia",NA,NA,NA,NA
"gure1255",343,"gnr","Australia","Pama-Nyungan",-25.3893,151.175,"0"
"guri1247",4565,"gue","Australia",NA,NA,NA,NA
"guri1248",42,"grx","Papunesia",NA,-3.5718,141.597,"?"
"guri1249",976,"gjr","Australia",NA,NA,NA,NA
"guro1248",2724,"goa","Africa","Mande",7.34954,-6.31154,"1"
"guru1261",3698,"gvr","Eurasia","Sino-Tibetan",27.41687,86.28988,"0"
"guru1271",414,"grd","Africa","Afro-Asiatic",9.87332,10.162,"1"
"gusi1246",340,"gsl","Africa",NA,NA,NA,NA
"gusi1247",2311,"guz","Africa","Atlantic-Congo",-0.78872,34.76751,"0"
"guwa1242",105,"xgw","Australia",NA,NA,NA,NA
"guwa1243",22,"gwu","Australia",NA,NA,NA,NA
"guya1249",93,"gvy",NA,NA,NA,NA,NA
"gvok1239",67,"ngs","Africa",NA,NA,NA,NA
"gwah1244",251,"dah","Papunesia",NA,NA,NA,NA
"gwam1244",17,"bga","Africa",NA,NA,NA,NA
"gwan1268",421,"gwn","Africa",NA,NA,NA,NA
"gwed1239",47,"grw","Papunesia",NA,NA,NA,NA
"gwen1239",1802,NA,"Africa","Atlantic-Congo",-3.68407,37.6827,"0"
"gwer1238",1263,"gwr","Africa",NA,NA,NA,NA
"gwic1235",2524,"gwi","North America",NA,NA,NA,NA
"gwii1239",2546,"gwj","Africa",NA,NA,NA,NA
"gyel1242",2972,"gyi","Africa","Atlantic-Congo",2.47457,10.2493,"0"
"gyem1238",15,"gye","Africa",NA,NA,NA,NA
"haaa1252",2640,"haq","Africa","Atlantic-Congo",-3.77873,30.4894,"0"
"hadi1240",2864,"hdy","Africa","Afro-Asiatic",7.57377,37.7577,"1"
"hado1235",585,"hoj","Eurasia",NA,NA,NA,NA
"hadr1235",437,"xhd",NA,NA,NA,NA,NA
"hadr1236",3966,"ayh","Eurasia",NA,NA,NA,NA
"hadz1240",7363,"hts","Africa",NA,-3.83115,35.0458,"0"
"haid1248",7810,NA,"North America",NA,NA,NA,NA
"haig1237",17,"hgw","Papunesia",NA,NA,NA,NA
"hain1253",15,"bzx","Africa",NA,NA,NA,NA
"haio1238",1947,"hgm","Africa","Khoe-Kwadi",-19.7637,17.0299,NA
"haip1238",10,"haf","Eurasia",NA,NA,NA,NA
"hais1244",831,"has","North America",NA,NA,NA,NA
"hait1244",16487,"hat","North America","Indo-European",18.795135,-72.136115,"1"
"haji1235",385,"hji","Papunesia",NA,NA,NA,NA
"hajo1238",1197,"haj","Eurasia",NA,NA,NA,NA
"haka1240",2485,"cnh","Eurasia","Sino-Tibetan",22.8735,92.8208,"1"
"hakk1236",11495,"hak","Eurasia","Sino-Tibetan",25,116,"0"
"hako1237",53,"hao","Papunesia",NA,NA,NA,NA
"hala1252",601,"hal","Eurasia","Austroasiatic",14.7862,107.457,"?"
"hala1253",217,"hld","Eurasia",NA,NA,NA,NA
"halb1244",3225,"hlb","Eurasia",NA,NA,NA,NA
"halh1238",29818,"khk","Eurasia","Mongolic-Khitan",48.324,106.289,"0"
"hali1244",4822,"hla","Papunesia","Austronesian",-5.26603,154.662,"1"
"halk1245",6990,"hur","North America","Salishan",49.250402,-122.443668,"1"
"hamb1245",604,"hba","Africa",NA,NA,NA,NA
"hame1242",3031,"amf",NA,"South Omotic",5.06515,36.5176,"0"
"hamt1247",592,"hmt","Papunesia",NA,NA,NA,NA
"hang1258",285,"hag","Africa",NA,NA,NA,NA
"hang1260",202,"han","Africa",NA,NA,NA,NA
"hang1263",251,"wos","Papunesia","Ndu",-3.90364,142.849,"0"
"hani1248",8680,"hni","Eurasia","Sino-Tibetan",22.67753,102.851673333,"0"
"hann1241",1293,"haa","North America",NA,NA,NA,NA
"hano1243",373,"hab","Eurasia",NA,NA,NA,NA
"hano1246",870,"lml","Papunesia","Austronesian",-15.5432,168.167,"?"
"hanu1241",1129,"hnn","Papunesia",NA,NA,NA,NA
"hara1271",3629,"har","Africa",NA,NA,NA,NA
"hara1272",10,"xiv","Eurasia",NA,NA,NA,NA
"hari1246",300,"kjo","Eurasia",NA,NA,NA,NA
"haro1237",724,"hro","Eurasia","Austronesian",13.2201,108.995,"0"
"hars1241",462,"hss","Eurasia",NA,NA,NA,NA
"haru1244",46,"hrk","Papunesia",NA,NA,NA,NA
"haru1245",774,"tmd","Papunesia","Piawi",-5.09522,144.3375,"0"
"hary1238",1079,"bgc","Eurasia",NA,NA,NA,NA
"harz1239",405,"hrz","Eurasia",NA,NA,NA,NA
"hash1238",77,"ybj","Africa",NA,NA,NA,NA
"hass1238",5922,"mey","Africa","Afro-Asiatic",18.29,-14.11,"1"
"hata1243",1785,"had","Papunesia","Hatam-Mansim",-1.13531,134.037,"0"
"hatt1246",1965,"xht","Eurasia",NA,NA,NA,NA
"haus1246",400,"hsl","Africa",NA,NA,NA,NA
"haus1257",75689,"hau",NA,"Afro-Asiatic",11.1513,8.7804,"1"
"hava1248",5841,"yuf","North America","Cochimi-Yuman",35.6302,-113.385,"1"
"hava1249",555,NA,"North America",NA,NA,NA,NA
"havu1238",3476,"hav","Africa",NA,NA,NA,NA
"hawa1235",35,"hps","Papunesia",NA,NA,NA,NA
"hawa1245",4442,NA,"Papunesia","Austronesian",19.6297,-155.43,"1"
"hawa1247",9444,"hwc",NA,NA,NA,NA,NA
"hawk1239",268,"xda","Australia",NA,NA,NA,NA
"haya1250",6217,"hay","Africa",NA,NA,NA,NA
"haza1239",1609,"haz",NA,NA,NA,NA,NA
"hdii1240",2656,"xed","Africa","Afro-Asiatic",10.942,13.6881,"1"
"hebr1245",15299,"heb","Eurasia","Afro-Asiatic",31.1056,35.0179,"1"
"hehe1240",2772,"heh","Africa","Atlantic-Congo",-7.71572,35.7255,"0"
"heib1243",1085,"hbn","Africa",NA,NA,NA,NA
"heil1246",1636,"hei","North America","Wakashan",51.7045,-127.221,"0"
"hela1238",2208,"scp","Eurasia",NA,NA,NA,NA
"helo1243",411,"heg","Papunesia",NA,NA,NA,NA
"hema1238",374,"nix","Africa",NA,NA,NA,NA
"hemb1242",3049,"hem","Africa",NA,NA,NA,NA
"herd1236",1441,"hed","Africa",NA,NA,NA,NA
"here1253",7761,"her","Africa","Atlantic-Congo",-21.0231,20.5655,"0"
"herm1237",51,"llf","Papunesia",NA,NA,NA,NA
"hert1241",242,"hrt","Eurasia","Afro-Asiatic",37.373,42.5192,"0"
"hewa1241",821,"ham","Papunesia",NA,NA,NA,NA
"heyo1240",65,"auk","Papunesia",NA,NA,NA,NA
"hibe1235",194,"ghc",NA,NA,NA,NA,NA
"hibi1243",688,"hib","South America",NA,NA,NA,NA
"hida1246",3463,"hid","North America","Siouan",47.7534,-102.528,"1"
"hier1240",5148,"hlu","Eurasia","Indo-European",40.019722,34.615278,"0"
"higa1237",179,"mba","Papunesia",NA,NA,NA,NA
"high1242",1611,"chd","North America",NA,NA,NA,NA
"high1243",4960,"tos","North America","Totonacan",20.3798,-97.6159,"?"
"high1276",5882,"poi","North America","Mixe-Zoque",18.198,-94.9109,"0"
"high1278",3378,"azz","North America","Uto-Aztecan",20.1554,-97.5556,"1"
"high1286",6,NA,"North America",NA,NA,NA,NA
"hija1235",4722,"acw",NA,NA,NA,NA,NA
"hiju1238",8,"hij","Africa",NA,NA,NA,NA
"hili1240",4837,"hil","Papunesia","Austronesian",10.4018,122.974,"1"
"hima1247",52,"hir","South America",NA,NA,NA,NA
"hind1269",24748,"hin",NA,"Indo-European",25,77,"0"
"hinu1240",3710,"gin","Eurasia","Nakh-Daghestanian",42.4502,45.8064,"0"
"hiri1237",2351,"hmo",NA,NA,NA,NA,NA
"hitt1242",12744,"hit","Eurasia",NA,NA,NA,NA
"hitu1239",832,"htu","Papunesia",NA,NA,NA,NA
"hiww1237",6820,"hiw",NA,NA,NA,NA,NA
"hixk1239",2061,"hix","South America","Cariban",-0.16265,-58.80153,"?"
"hlai1239",142723717742808,"lic",NA,"Tai-Kadai",18.8062,109.459,"0"
"hler1235",470,"hle","Eurasia","Sino-Tibetan",24.4,101.4,"0"
"hmar1241",2149,"hmr","Eurasia",NA,NA,NA,NA
"hmon1263",33,"hmf","Eurasia",NA,NA,NA,NA
"hmon1264",8645,"hnj",NA,NA,NA,NA,NA
"hmon1331",708,"hmz","Eurasia",NA,NA,NA,NA
"hmon1332",4,"hmv","Eurasia",NA,NA,NA,NA
"hmon1333",5176,"mww","Eurasia",NA,NA,NA,NA
"hmwa1243",140,"mrk","Papunesia",NA,NA,NA,NA
"hoaa1235",1714,"huc","Africa","Kxa",-23.93447,24.69828,"0"
"hoav1238",737,"hoa","Papunesia","Austronesian",-8.19679,157.595,"1"
"hoby1242",437,"hoh","Eurasia",NA,NA,NA,NA
"hoch1237",36,"hos","Eurasia",NA,NA,NA,NA
"hoch1243",1803,NA,"North America",NA,NA,NA,NA
"hogg1238",65,NA,"Africa",NA,NA,NA,NA
"hoia1235",9,"hhi","Papunesia",NA,NA,NA,NA
"holi1241",82,"hoi","North America",NA,NA,NA,NA
"holm1250",400,"hod","Africa",NA,NA,NA,NA
"holo1240",2238,NA,"Africa","Atlantic-Congo",-5.37545,28.3274,"0"
"holu1245",236,"hol","Africa",NA,NA,NA,NA
"homa1239",18,"hom","Africa","Atlantic-Congo",4.97912,28.0039,"?"
"homs1234",8298,"hyw","Eurasia",NA,NA,NA,NA
"hond1239",24,"hds","North America",NA,NA,NA,NA
"hone1235",461,"juh","Africa","Atlantic-Congo",9.79715,10.9206,"1"
"hong1241",1477,"hks","Eurasia",NA,NA,NA,NA
"honi1244",2559,"how","Eurasia","Sino-Tibetan",23.2074,101.886,"0"
"hooo1248",2098,"hoc","Eurasia","Austroasiatic",23.9596,87.1188,"0"
"hopi1249",7293,"hop","North America",NA,NA,NA,NA
"horn1235",3334,"hrm","Eurasia",NA,NA,NA,NA
"horo1245",57,"hoe","Africa",NA,NA,NA,NA
"horp1239",4833,"ero","Eurasia",NA,NA,NA,NA
"hote1245",1021,"hot","Papunesia","Austronesian",-7.07708,146.869,"0"
"hoti1237",17,"hti","Papunesia",NA,NA,NA,NA
"hovo1239",33,"hov","Papunesia",NA,NA,NA,NA
"hozo1236",509,"hoz","Africa","Blue Nile Mao",9.38875,34.60448,"1"
"hpon1238",1518,"hpo","Eurasia",NA,NA,NA,NA
"hran1239",688,"hra","Eurasia",NA,NA,NA,NA
"hree1244",1506,"hre","Eurasia",NA,NA,NA,NA
"hrus1242",480,"hru","Eurasia",NA,27.27,92.63,"0"
"huaa1248",2364,"nmn","Africa","Tuu",-24.20022,20.79583,"0"
"huac1244",1308,"hug","South America",NA,NA,NA,NA
"hual1241",6934,"qub","South America","Quechuan",-9.57135,-75.594,"0"
"huam1247",3263,"hub","South America","Chicham",-3.99109,-77.9797,"0"
"huam1248",1036,"qvh","South America",NA,NA,NA,NA
"huar1255",2017,"var","North America","Uto-Aztecan",27.8685,-108.437,"0"
"huas1242",4901,"hus","North America","Mayan",21.6153,-98.5028,"1"
"huas1257",108,NA,NA,NA,NA,NA,NA
"huau1238",3924,"mau","North America",NA,NA,NA,NA
"huay1240",5271,"qwh","South America",NA,NA,NA,NA
"huay1241",9303,"qvw",NA,NA,NA,NA,NA
"huba1236",317,"hbb","Africa","Afro-Asiatic",10.3544,13.139,"1"
"hueh1236",4578,"tee","North America",NA,NA,NA,NA
"huic1243",6288,NA,"North America","Uto-Aztecan",21.954,-104.062,"1"
"huil1244",595,"huh","South America",NA,NA,NA,NA
"huit1251",21,NA,"South America",NA,NA,NA,NA
"huit1252",394,"mxs","North America",NA,NA,NA,NA
"huiz1242",1328,"czh","Eurasia",NA,NA,NA,NA
"hula1239",295,"hul","Papunesia","Austronesian",-9.99427,147.705,"1"
"hula1244",1951,"huy","Eurasia","Afro-Asiatic",31.9111,43.4865,"1"
"huli1244",1535,"hui","Papunesia","Nuclear Trans New Guinea",-5.97212,142.963,"0"
"humb1243",1701,"hmb","Africa","Songhay",15.2948,-1.69301,"1"
"huml1238",322,"hut","Eurasia",NA,NA,NA,NA
"hund1239",2912,NA,"Africa",NA,NA,NA,NA
"hung1263",228,"hsh","Eurasia",NA,NA,NA,NA
"hung1274",32594,"hun",NA,"Uralic",46.9068585714,19.6555271429,"1"
"hung1275",191,"hnu","Eurasia","Austroasiatic",18.7849,104.772,"0"
"hung1278",1563,"hum","Africa",NA,NA,NA,NA
"hung1280",20,"hng","Africa",NA,NA,NA,NA
"hunj1241",92,"hkk","Papunesia",NA,NA,NA,NA
"huns1239",857,"dud","Africa",NA,NA,NA,NA
"hunz1247",2103,"huz","Eurasia","Nakh-Daghestanian",42.0808,46.1369,"0"
"hupa1239",4299,"hup","North America",NA,NA,NA,NA
"hupd1244",3901,"jup","South America","Naduhup",0.58622,-69.8359,"0"
"huro1249",3,NA,"North America",NA,NA,NA,NA
"hurr1240",3565,"xhu","Eurasia","Hurro-Urartian",40.7339,43.3154,"?"
"hutt1235",1476,"geh","North America",NA,NA,NA,NA
"huuu1240",295,"huo","Eurasia","Austroasiatic",22.0163,100.881,"0"
"huzh1238",4821,"mjg","Eurasia",NA,NA,NA,NA
"hyam1245",859,"jab","Africa","Atlantic-Congo",9.57832,7.95163,"0"
"iaai1238",2722,"iai","Papunesia","Austronesian",-20.6301,166.59,"1"
"iama1237",2797,"yml","Papunesia","Austronesian",-9.45005,150.573,"0"
"iatm1242",4489,"ian","Papunesia","Ndu",-4.30064,143.316,"0"
"iauu1242",494,"tmu","Papunesia",NA,NA,NA,NA
"ibal1241",384,"tek","Africa",NA,NA,NA,NA
"ibal1244",1698,"ibl","Papunesia","Austronesian",16.4263,120.695,"1"
"iban1261",520,"iby","Africa",NA,NA,NA,NA
"iban1264",6371,"iba","Papunesia","Austronesian",2.09041,112.934,"0"
"iban1267",966,"ibg","Papunesia","Austronesian",17.4201,121.891,"1"
"ibat1238",3702,"ivb","Papunesia","Austronesian",18.9398,121.909,"1"
"iber1250",1543,"xib","Eurasia",NA,NA,NA,NA
"ibib1240",3308,"ibb","Africa","Atlantic-Congo",5.15279,7.86688,"1"
"ibuu1240",361,"ibu",NA,NA,NA,NA,NA
"icel1236",145,"icl","Eurasia",NA,NA,NA,NA
"icel1247",8966,"isl","Eurasia","Indo-European",63.4837,-19.0212,"1"
"icev1238",120,"bec","Africa",NA,NA,NA,NA
"idaa1241",1680,"dbj","Papunesia","Austronesian",5.29059,118.515,"0"
"idak1243",1358,"ida","Africa",NA,NA,NA,NA
"idat1237",254,"idt","Papunesia",NA,NA,NA,NA
"idii1243",180,"idi","Papunesia","Pahoturi",-8.75976,142.301,"0"
"idom1241",1605,"idu","Africa","Atlantic-Congo",7.19139,7.71261,"0"
"idon1238",151,"idc","Africa",NA,NA,NA,NA
"idum1241",2219,"clk","Eurasia","Sino-Tibetan",29.4473,95.6472,"0"
"idun1241",384,"ldb","Africa",NA,NA,NA,NA
"idun1242",4418,"viv","Papunesia","Austronesian",-9.34361,150.24,"1"
"ifee1241",1727,"ife","Africa",NA,NA,NA,NA
"ifoo1237",14,"iff","Papunesia",NA,NA,NA,NA
"igal1242",816,"igl","Africa",NA,NA,NA,NA
"igan1243",12,"igg","Papunesia",NA,NA,NA,NA
"iged1239",336,"ige","Africa",NA,NA,NA,NA
"igna1246",3199,"ign","South America","Arawakan",-15.1188,-65.3993,"1"
"igoo1238",1993,"ahl","Africa",NA,NA,NA,NA
"igut1238",421,"nar","Africa",NA,NA,NA,NA
"ihaa1241",928,"ihp","Papunesia",NA,NA,NA,NA
"ijes1238",185,NA,"Africa",NA,NA,NA,NA
"ikaa1238",750,"ikk","Africa",NA,NA,NA,NA
"ikar1243",110,"ikr","Australia",NA,NA,NA,NA
"ikhi1234",198,"ikh","Africa",NA,NA,NA,NA
"ikiz1238",196,"ikz","Africa",NA,NA,NA,NA
"ikkk1242",4463,"ikx","Africa","Kuliak",3.61407,34.2507,"0"
"ikob1240",1,"meb","Papunesia",NA,NA,NA,NA
"ikom1245",1759,"ntk","Africa",NA,NA,NA,NA
"ikoo1245",14,"iki","Africa",NA,NA,NA,NA
"ikpe1245",1491,"txi","South America",NA,NA,NA,NA
"ikpo1238",1838,"kpo","Africa",NA,NA,NA,NA
"ikug1238",15,"ikv","Africa",NA,NA,NA,NA
"ikul1238",95,"ikl","Africa",NA,NA,NA,NA
"ikwe1242",1213,"ikw","Africa",NA,NA,NA,NA
"ilaa1246",3826,"ilb","Africa","Atlantic-Congo",-15.60807,26.45548,"0"
"ilia1236",2170,"mbi","Papunesia","Austronesian",7.34448,124.766,"1"
"ilit1241",580,"ili",NA,NA,NA,NA,NA
"iliu1237",347,"ilu","Papunesia","Austronesian",-7.84385,125.902,"1"
"illy1234",477,"xil","Eurasia",NA,NA,NA,NA
"ilok1237",8854,"ilo","Papunesia","Austronesian",15.9361,120.993,"1"
"ilon1239",206,"ilk","Papunesia","Austronesian",16.3785,121.547,"1"
"ilwa1237",166,"mlk","Africa",NA,NA,NA,NA
"imba1240",4828,"qvi","South America","Quechuan",0.31776,-78.3729,"0"
"imbo1238",1503,"imo","Papunesia",NA,NA,NA,NA
"imer1236",1099,"ime",NA,NA,NA,NA,NA
"imer1248",8,NA,"Eurasia",NA,NA,NA,NA
"imon1245",795,"imn","Papunesia","Border",-3.31228,141.171,"0"
"impe1235",2890,"arc","Eurasia",NA,NA,NA,NA
"imro1237",53,"imr","Papunesia",NA,NA,NA,NA
"inab1237",690,"abx","Papunesia",NA,NA,NA,NA
"inap1242",598,"inp","South America",NA,NA,NA,NA
"inap1243",42,NA,NA,"Arawakan",-12.4653,-69.3083,"0"
"inar1241",10333,"smn","Eurasia",NA,NA,NA,NA
"indi1237",2294,"ins","Eurasia",NA,NA,NA,NA
"indo1291",698,"inl","Papunesia",NA,NA,NA,NA
"indo1316",15408,"ind","Papunesia","Austronesian",-7.33458,109.716,"0"
"indo1317",1623,"bdl","Papunesia",NA,NA,NA,NA
"indo1319",608,NA,"Eurasia",NA,NA,NA,NA
"indr1247",251,"idr","Africa",NA,NA,NA,NA
"indu1241",1852,"mvy","Eurasia",NA,NA,NA,NA
"ines1240",1735,"inz","North America","Chumashan",34.6169,-120.08,"0"
"inga1252",4716,"inb","South America","Quechuan",1.00313,-76.8606,NA
"ingr1248",4673,"izh","Eurasia","Uralic",59.47403,29.71145,"0"
"ingu1240",11598,"inh","Eurasia","Nakh-Daghestanian",43.11,45.03,"0"
"inok1238",1400,"ino","Papunesia",NA,NA,NA,NA
"inon1237",232,"loc","Papunesia",NA,NA,NA,NA
"inor1238",1788,"ior","Africa",NA,NA,NA,NA
"inpu1234",236,"nkf","Eurasia",NA,NA,NA,NA
"inte1259",323,"ils","Eurasia",NA,NA,NA,NA
"inth1238",244,"int","Eurasia",NA,NA,NA,NA
"inui1247",285,"iks","North America",NA,NA,NA,NA
"iowa1245",899,"iow","North America",NA,NA,NA,NA
"iowa1246",174,NA,"North America",NA,NA,NA,NA
"ipal1235",163,"azm","North America",NA,NA,NA,NA
"ipik1244",665,"ipo",NA,NA,NA,NA,NA
"ipil1240",317,"ipi","Papunesia",NA,NA,NA,NA
"ipul1238",404,"ass","Africa",NA,NA,NA,NA
"iqui1243",3689,"iqu","South America","Zaparoan",-3.31233,-73.97046,"1"
"iran1262",740,"ill","Papunesia","Austronesian",4.3362,118.224,"1"
"iran1263",970,"irn","South America",NA,NA,NA,NA
"iraq1241",5685,"irk","Africa","Afro-Asiatic",-4.19948,35.2939,"?"
"irar1238",1224,"irh","Papunesia","Austronesian",-2.94438,133.586,"1"
"iray1237",346,"iry","Papunesia","Austronesian",13.381,120.65,"?"
"ires1239",87,"ire","Papunesia",NA,NA,NA,NA
"irig1241",222,"iri",NA,NA,NA,NA,NA
"iris1235",2569,"isg","Eurasia",NA,NA,NA,NA
"iris1253",20846,"gle","Eurasia","Indo-European",53.2186,-7.61509,"1"
"iron1242",9101,"oss","Eurasia","Indo-European",42.98,44.61,"0"
"irul1243",4289,"iru","Eurasia",NA,NA,NA,NA
"isan1243",426,"isn","Africa",NA,NA,NA,NA
"isar1235",45,"agk","Papunesia",NA,NA,NA,NA
"isco1239",705,"isc","South America","Pano-Tacanan",-7.75236,-74.5193,"0"
"isek1239",2059,"its","Africa",NA,NA,NA,NA
"ishk1246",331,"isk","Eurasia",NA,NA,NA,NA
"isin1239",906,NA,"Papunesia","Austronesian",16.3299,121.12,"1"
"isir1237",1083,NA,"Papunesia","Greater Kwerba",-1.88775,138.595,"0"
"isla1276",12,NA,"North America",NA,NA,NA,NA
"isla1278",8564,NA,"North America","Arawakan",15.364795,-61.342957,"0"
"isna1241",1649,"isd","Papunesia","Austronesian",18.2139,121.16,"0"
"isok1239",589,"iso","Africa",NA,NA,NA,NA
"isra1236",2142,"isr","Eurasia",NA,NA,NA,NA
"isth1238",1011,"mir","North America",NA,NA,NA,NA
"isth1240",86,"nhk","North America","Uto-Aztecan",17.9401,-94.7347,"0"
"isth1241",323,"nhp","North America","Uto-Aztecan",18.2513,-94.6647,"0"
"isth1242",5333,"nhx","North America","Uto-Aztecan",18.2,-94.7547,"?"
"isth1244",6008,"zai","North America",NA,NA,NA,NA
"istr1244",1809,"ist","Eurasia",NA,NA,NA,NA
"istr1245",2209,"ruo","Eurasia",NA,NA,NA,NA
"isuf1235",585,"szv","Africa",NA,NA,NA,NA
"isum1240",784,"isu","Africa",NA,NA,NA,NA
"ital1275",2587,"ise","Eurasia",NA,NA,NA,NA
"ital1282",168576,"ita",NA,"Indo-European",43.0464,12.6489,"1"
"itaw1240",64,"itv","Papunesia",NA,NA,NA,NA
"itel1242",4683,"itl","Eurasia",NA,NA,NA,NA
"iten1243",1655,"ite","South America",NA,NA,NA,NA
"iter1241",144,"itr","Papunesia",NA,NA,NA,NA
"iton1250",1749,"ito","South America",NA,-12.80431,-64.35748,"0"
"itum1245",20,"itm","Africa",NA,NA,NA,NA
"itza1241",4597,"itz","North America","Mayan",17.0269,-89.8734,"1"
"iumi1238",9929,"ium","Eurasia","Hmong-Mien",20.83,101.17,"1"
"ivat1242",3457,"ivv","Papunesia","Austronesian",20.77,121.85,"0"
"ivbi1241",367,"atg","Africa",NA,NA,NA,NA
"iwai1244",1573,"ibd","Australia","Iwaidjan Proper",-11.3379,132.453,NA
"iwak1237",27,"iwk","Papunesia",NA,NA,NA,NA
"iwal1237",3932,"kbm","Papunesia","Austronesian",-7.20938,146.983,"0"
"iwam1256",721,"iwm","Papunesia","Sepik",-4.27346,141.817,"0"
"iwur1240",53,"iwo","Papunesia",NA,NA,NA,NA
"ixca1245",754,"ixc","North America",NA,NA,NA,NA
"ixca1246",348,"mzi","North America",NA,NA,NA,NA
"ixil1251",6728,"ixl","North America",NA,NA,NA,NA
"ixta1235",38,"vmj","North America",NA,NA,NA,NA
"ixte1237",592,"otz","North America",NA,NA,NA,NA
"iyiv1238",92,"uiv","Africa",NA,NA,NA,NA
"iyoj1235",998,"crt","South America",NA,NA,NA,NA
"iyoo1238",334,"nca","Papunesia","Nuclear Trans New Guinea",-5.84161,146.092,"0"
"iyow1239",852,"crq","South America",NA,NA,NA,NA
"izer1241",472,"izr","Africa",NA,NA,NA,NA
"izie1238",1272,"izi","Africa",NA,NA,NA,NA
"izon1238",1389,"ijc","Africa",NA,NA,NA,NA
"izor1238",39,"cbo","Africa",NA,NA,NA,NA
"jaba1234",364,"rzh","Eurasia",NA,NA,NA,NA
"jadd1243",78,"jda","Eurasia",NA,NA,NA,NA
"jadg1238",420,"jdg","Eurasia",NA,NA,NA,NA
"jaha1245",434,"jad","Africa",NA,NA,NA,NA
"jahh1242",775,"jah","Eurasia","Austroasiatic",3.67619,102.291,"0"
"jaka1245",27,"jat","Eurasia",NA,NA,NA,NA
"jaku1244",677,"jak","Eurasia",NA,NA,NA,NA
"jala1237",1322,"maj","North America",NA,NA,NA,NA
"jalk1242",493,"bxl","Africa","Mande",10.5426,-5.21959,"0"
"jama1256",32,"jcs","North America",NA,NA,NA,NA
"jama1261",2540,"jaa","South America","Arawan",-7.62223,-66.5662,"0"
"jama1262",11138,"jam","North America","Indo-European",18.13,-77.2612,"1"
"jama1263",362,"jls","North America",NA,NA,NA,NA
"jamb1236",2204,"jax","Papunesia","Austronesian",-2.6469,103.13,"1"
"jami1235",152,"mxt","North America",NA,NA,NA,NA
"jams1239",1051,"djm","Africa","Dogon",14.1794,-2.57999,"1"
"jang1254",320,"jna",NA,NA,NA,NA,NA
"japa1238",466,"jsl","Eurasia","Sign Language",36.0221,139.079,NA
"japh1234",31,NA,"Eurasia","Sino-Tibetan",32.1,102.36,"0"
"japr1238",328,"jru","South America",NA,NA,NA,NA
"jaqa1244",1680,"jqr","South America","Aymaran",-12.741939,-75.809231,"0"
"jara1245",948,"anq","Eurasia",NA,NA,NA,NA
"jara1263",37,"jar","Africa",NA,NA,NA,NA
"jara1266",5195,"jra","Eurasia","Austronesian",13.6161,107.813,"0"
"jaru1254",2660,"ddj","Australia","Pama-Nyungan",-18.3288,128.262,"0"
"jaru1257",262,"jap","South America",NA,NA,NA,NA
"jauj1238",3528,"qxw",NA,NA,NA,NA,NA
"jaun1243",744,"jns","Eurasia",NA,NA,NA,NA
"java1254",18806,"jav","Papunesia","Austronesian",-7.001,109.287,"1"
"javi1237",126,"jvd","Papunesia",NA,NA,NA,NA
"jaya1242",39,"jyy","Africa",NA,NA,NA,NA
"jebe1250",3942,"jeb","South America",NA,NA,NA,NA
"jebl1238",542,NA,"Africa",NA,NA,NA,NA
"jeha1242",759,"jhi","Eurasia","Austroasiatic",5.63695,101.541,"0"
"jehh1245",2543,"jeh","Eurasia","Austroasiatic",15.2351,107.753,"?"
"jeju1234",916,"jje","Eurasia",NA,NA,NA,NA
"jeme1245",2406,"tow","North America",NA,NA,NA,NA
"jena1242",787,"bze","Africa",NA,NA,NA,NA
"jeng1241",230,"jeg","Eurasia",NA,NA,NA,NA
"jenn1240",1540,"xuj","Eurasia","Dravidian",11.5041,76.5767,"0"
"jere1244",295,"jer","Africa",NA,NA,NA,NA
"jeri1242",1586,"jek",NA,NA,NA,NA,NA
"jeru1240",964,"jee","Eurasia","Sino-Tibetan",27.1741,86.2547,"0"
"jewi1240",1734,"tmr","Eurasia",NA,NA,NA,NA
"jhan1234",151,"jhs","Eurasia",NA,NA,NA,NA
"jiam1236",2376,"jio","Eurasia",NA,NA,NA,NA
"jiba1237",395,"juo","Africa","Atlantic-Congo",9.26508,11.5099,"1"
"jibu1239",484,"jib","Africa",NA,NA,NA,NA
"jica1244",1430,"apj","North America",NA,NA,NA,NA
"jiee1239",62,NA,"Africa",NA,NA,NA,NA
"jiid1238",1113,"jii","Africa",NA,NA,NA,NA
"jili1241",18,"jil","Papunesia",NA,NA,NA,NA
"jimi1254",546,"jim","Africa",NA,NA,NA,NA
"jina1244",459,"jia","Africa","Afro-Asiatic",11.3555,14.9611,"1"
"jing1260",22,NA,"Eurasia",NA,NA,NA,NA
"jiny1235",5984,"cjy","Eurasia",NA,NA,NA,NA
"jion1236",333,"pnu","Eurasia",NA,NA,NA,NA
"jire1238",4465,"jul","Eurasia",NA,NA,NA,NA
"jirj1239",55,NA,"Australia",NA,NA,NA,NA
"jiru1238",622,"jrr","Africa",NA,NA,NA,NA
"jita1239",2408,"jit","Africa","Atlantic-Congo",-1.62681,33.9141,"1"
"jjuu1238",1019,"kaj","Africa","Atlantic-Congo",9.83116,7.97167,"1"
"joba1238",328,"job","Africa",NA,NA,NA,NA
"jola1262",1147,"csk","Africa",NA,NA,NA,NA
"jola1263",3824,"dyo",NA,NA,NA,NA,NA
"jonk1238",13,"jeu","Africa",NA,NA,NA,NA
"jora1240",108,"jor","South America",NA,NA,NA,NA
"jord1238",876,"jos","Eurasia",NA,NA,NA,NA
"jort1240",76,"jrt","Africa",NA,NA,NA,NA
"jowu1238",910,"jow","Africa",NA,NA,NA,NA
"juan1238",1058,"jun","Eurasia","Austroasiatic",21.2606,85.5845,"1"
"jude1255",1669,"itk","Eurasia",NA,NA,NA,NA
"jude1256",1224,"jdt","Eurasia",NA,NA,NA,NA
"jude1257",445,"jpr","Eurasia",NA,NA,NA,NA
"jude1258",389,"jge","Eurasia",NA,NA,NA,NA
"jude1262",906,"jbe","Africa",NA,NA,NA,NA
"jude1263",101966,"ajt","Eurasia",NA,NA,NA,NA
"jude1264",416,"yud","Eurasia",NA,NA,NA,NA
"jude1265",3827,"aju","Africa",NA,NA,NA,NA
"jude1266",2185,"yhd","Eurasia",NA,NA,NA,NA
"jude1267",1507,"jye","Eurasia",NA,NA,NA,NA
"juho1239",10440,NA,"Africa","Kxa",-19.688,20.7673,"?"
"juku1254",688,"jbu","Africa","Atlantic-Congo",7.20236,10.2576,"1"
"julu1237",2,NA,"Africa",NA,NA,NA,NA
"juma1249",530,"jua","South America",NA,NA,NA,NA
"jumj1238",528,"jum","Africa",NA,NA,NA,NA
"juml1238",118,"jml","Eurasia",NA,NA,NA,NA
"juqu1238",1893,"mxq","North America",NA,NA,NA,NA
"jura1242",1387,"juy","Eurasia",NA,NA,NA,NA
"jurc1239",2148,"juc","Eurasia",NA,NA,NA,NA
"jurm1239",788,"bex","Africa","Central Sudanic",6.03321,29.974,"0"
"juru1256",3610,"jur","South America",NA,NA,NA,NA
"juti1236",6136,"jut","Eurasia",NA,NA,NA,NA
"juxt1235",253,NA,"North America",NA,NA,NA,NA
"jwir1241",86,"jwi","Africa",NA,NA,NA,NA
"kaam1238",262,"xku","Africa",NA,NA,NA,NA
"kaan1246",1107,"gna","Africa",NA,NA,NA,NA
"kaan1247",19,"ldl","Africa",NA,NA,NA,NA
"kaba1276",45,"xkp","Eurasia",NA,NA,NA,NA
"kaba1278",7948,"kbd","Eurasia","Abkhaz-Adyge",43.5082,43.3918,"0"
"kaba1281",2028,"ksp","Africa","Central Sudanic",7.64972,16.7344,"0"
"kaba1292",29,"kvf","Africa",NA,NA,NA,NA
"kabi1260",370,"gbw","Australia",NA,NA,NA,NA
"kabi1261",5151,NA,"Africa",NA,NA,NA,NA
"kabi1264",17,"xbx","South America",NA,NA,NA,NA
"kabo1247",18,"klz","Papunesia",NA,NA,NA,NA
"kabr1240",58,"lkb","Africa",NA,NA,NA,NA
"kabu1249",39,"uka","Papunesia",NA,NA,NA,NA
"kabu1254",222,"kbu","Eurasia",NA,NA,NA,NA
"kabu1256",14166,"kea","Africa",NA,NA,NA,NA
"kabw1241",21,"cwa","Africa",NA,NA,NA,NA
"kaby1243",25601,"kab","Africa","Afro-Asiatic",36.4103,4.76137,"0"
"kach1272",707,"gjk","Eurasia",NA,NA,NA,NA
"kach1277",761,"kfr","Eurasia",NA,NA,NA,NA
"kach1279",665,"xac","Eurasia",NA,NA,NA,NA
"kach1280",7936,"kac","Eurasia","Sino-Tibetan",25.4634,97.3278,"0"
"kach1284",2025,"kcx","Africa","Ta-Ne-Omotic",6.3971,37.9291,"1"
"kaci1244",551,"koe","Africa",NA,NA,NA,NA
"kaco1239",236,"xkk","Eurasia",NA,NA,NA,NA
"kada1242",1738,"kej","Eurasia","Dravidian",11.0602,76.7285,"0"
"kada1282",824,"kdu","Africa",NA,NA,NA,NA
"kada1284",38,"kad","Africa",NA,NA,NA,NA
"kada1286",122,"kzd","Papunesia",NA,NA,NA,NA
"kadi1248",3292,"kbc","South America",NA,NA,NA,NA
"kado1242",750,"kdv","Eurasia","Sino-Tibetan",21.5259,100.092,"0"
"kadu1253",887,"ktp","Eurasia",NA,NA,NA,NA
"kadu1257",212,NA,"Africa",NA,NA,NA,NA
"kaer1234",449,"jka","Papunesia",NA,NA,NA,NA
"kafa1242",2155,"kbr","Africa","Ta-Ne-Omotic",7.34022,36.1718,"0"
"kafo1240",54,"kpu","Papunesia",NA,NA,NA,NA
"kafr1234",73,"sqx","Eurasia",NA,NA,NA,NA
"kaga1252",287,"syw","Eurasia",NA,NA,NA,NA
"kaga1255",310,"kll","Papunesia",NA,NA,NA,NA
"kaga1256",1706,"cgc","Papunesia","Austronesian",10.4656,119.872,"1"
"kagf1238",735,"gel","Africa","Atlantic-Congo",11.5319,4.8387,NA
"kago1246",64,NA,"Africa",NA,NA,NA,NA
"kago1247",650,"kdm","Africa",NA,NA,NA,NA
"kago1248",314,"xkg","Africa",NA,NA,NA,NA
"kagu1239",2638,"kki","Africa","Atlantic-Congo",-6.38204,37.0534,"0"
"kahe1238",105,"hka","Africa",NA,NA,NA,NA
"kahu1241",76,"agw","Papunesia",NA,NA,NA,NA
"kaia1245",292,"kct","Papunesia",NA,NA,NA,NA
"kaid1239",1864,"kzp","Papunesia",NA,NA,NA,NA
"kaie1237",9,"kbw","Papunesia",NA,NA,NA,NA
"kaik1246",929,"kzq","Eurasia","Sino-Tibetan",28.853,83.1384,"0"
"kaik1247",19,"kkq","Africa",NA,NA,NA,NA
"kaim1235",13,"xai","South America",NA,NA,NA,NA
"kain1272",9106,"kgp","South America","Nuclear-Macro-Je",-27.7671,-52.5394,"1"
"kair1263",717,"kxa","Papunesia","Austronesian",-3.34608,143.558,"0"
"kair1267",43,"ckr","Papunesia",NA,NA,NA,NA
"kais1242",42,NA,"South America",NA,NA,NA,NA
"kaiw1246",2894,"kgk","Eurasia",NA,NA,NA,NA
"kaja1247",12,"xkj","Eurasia",NA,NA,NA,NA
"kaja1250",650,"kag","Papunesia",NA,NA,NA,NA
"kaja1254",130,"ckq","Africa",NA,NA,NA,NA
"kajk1237",736,"kjv","Eurasia",NA,NA,NA,NA
"kajt1238",305,"xdq","Eurasia",NA,NA,NA,NA
"kaka1264",143,"kka","Africa",NA,NA,NA,NA
"kaka1265",1181,"kke","Africa",NA,NA,NA,NA
"kaka1267",54,"kqf","Papunesia",NA,NA,NA,NA
"kaki1249",227,"tbd","Papunesia",NA,-7.9946,145.816,"0"
"kako1242",2014,"kkj","Africa",NA,NA,NA,NA
"kakw1240",229,"keo","Africa",NA,NA,NA,NA
"kala1256",232,"kzz","Papunesia",NA,NA,NA,NA
"kala1372",4776,"kls","Eurasia",NA,NA,NA,NA
"kala1373",1596,"gwc","Eurasia",NA,NA,NA,NA
"kala1376",15,"kkf","Eurasia",NA,NA,NA,NA
"kala1377",2476,"mwp","Australia, Papunesia","Pama-Nyungan",-10.6748,142.196,"0"
"kala1379",588,"kba","Australia",NA,NA,NA,NA
"kala1380",10,"gll","Australia",NA,NA,NA,NA
"kala1381",1407,"ijn","Africa",NA,NA,NA,NA
"kala1383",564,"knz","Africa",NA,NA,NA,NA
"kala1384",5323,"kck","Africa","Atlantic-Congo",-21.2887,27.401,"0"
"kala1388",608,"kqe","Papunesia","Austronesian",6.8126,125.328,"0"
"kala1397",7828,"kmh","Papunesia",NA,NA,NA,NA
"kala1399",10086,"kal","North America","Eskimo-Aleut",69.3761,-52.864,"0"
"kala1400",365,"kyl","North America","Kalapuyan",44.9861,-123.925,"?"
"kala1401",13,"lkm","Australia",NA,NA,NA,NA
"kale1246",2566,"kln","Africa",NA,NA,NA,NA
"kali1308",2355,"fla","North America","Salishan",47.5825,-114.19,"1"
"kali1309",161,NA,"North America",NA,NA,NA,NA
"kalk1245",107653,"xka",NA,NA,NA,NA,NA
"kalk1246",4391,"ktg",NA,"Pama-Nyungan",-21,139.5,"0"
"kalm1243",18432,"xal","Eurasia","Mongolic-Khitan",46.566667,45.316667,"0"
"kalo1256",3155,"rmf","Eurasia",NA,NA,NA,NA
"kalu1248",1239,"bco","Papunesia","Bosavi",-6.45932,142.788,"0"
"kama1350",921,"keq","Eurasia",NA,NA,NA,NA
"kama1351",1583,"xas","Eurasia",NA,NA,NA,NA
"kama1357",89,NA,"Africa",NA,NA,NA,NA
"kama1362",43,"kzx","Papunesia",NA,NA,NA,NA
"kama1363",432,"kyk","Papunesia",NA,NA,NA,NA
"kama1364",25,"kgx","Papunesia",NA,NA,NA,NA
"kama1365",2944,"woi","Papunesia",NA,NA,NA,NA
"kama1367",3326,"kms","Papunesia","Nuclear Torricelli",-3.8503,143.842,"0"
"kama1370",3835,"kbq","Papunesia","Nuclear Trans New Guinea",-6.25829,145.728,"?"
"kama1372",478,"vkm","South America",NA,NA,NA,NA
"kama1373",3060,"kay","South America",NA,NA,NA,NA
"kamb1297",5452,"kam","Africa","Atlantic-Congo",-1.60827,37.9532,"1"
"kamb1299",6317,"xbr","Papunesia","Austronesian",-9.88447,120.235,"1"
"kamb1302",16,"irx","Papunesia",NA,NA,NA,NA
"kamb1303",16,"kyy","Papunesia",NA,NA,NA,NA
"kamb1316",3249,"ktb","Africa","Afro-Asiatic",7.37582,37.9088,"0"
"kami1256",1739,NA,"Africa",NA,NA,NA,NA
"kami1258",28,NA,"Africa",NA,NA,NA,NA
"kamm1249",813,"kdx","Africa","Atlantic-Congo",8.305,11.05611111,"0"
"kamo1254",31,"kcq","Africa",NA,NA,NA,NA
"kamo1255",3601,"kgq","Papunesia","Nuclear Trans New Guinea",-4.30433,135.883,"0"
"kamu1258",142,"xmu","Australia",NA,NA,NA,NA
"kamu1260",888,"xla","Papunesia","Kamula-Elevala",-7.28798,142.639,"0"
"kamw1239",1030,"hig","Africa",NA,NA,NA,NA
"kana1281",392,"bjj","Eurasia",NA,NA,NA,NA
"kana1283",694,"xns","Eurasia",NA,NA,NA,NA
"kana1286",1635,"xnb","Papunesia","Austronesian",23.3235,120.887,"?"
"kana1288",916,"soq","Papunesia","Dagan",-10.1658,149.751,"0"
"kana1291",2284,"knm","South America",NA,NA,NA,NA
"kand1300",781,NA,"Africa",NA,NA,NA,NA
"kand1303",547,"gam","Papunesia",NA,NA,NA,NA
"kane1243",8792,"kbl","Africa",NA,NA,NA,NA
"kang1280",648,"xnr","Eurasia",NA,NA,NA,NA
"kang1281",342,"kxs","Eurasia",NA,NA,NA,NA
"kang1285",105,"kzy","Africa",NA,NA,NA,NA
"kang1286",221,"kty","Africa",NA,NA,NA,NA
"kang1288",239,"kcp","Africa",NA,NA,NA,NA
"kang1289",543,"kkv","Papunesia",NA,NA,NA,NA
"kani1275",732,"kev","Eurasia",NA,NA,NA,NA
"kani1277",419,"kdp","Africa",NA,NA,NA,NA
"kani1279",8,"kzo","Africa",NA,NA,NA,NA
"kani1281",161,"wat","Papunesia",NA,NA,NA,NA
"kani1286",2622,"kmu","Papunesia","Nuclear Trans New Guinea",-6.38841,145.556,"0"
"kanj1259",641,"kft","Eurasia",NA,NA,NA,NA
"kanj1260",108,"kbe","Australia",NA,NA,NA,NA
"kank1243",1996,"kne","Papunesia","Austronesian",16.8548,120.689,"1"
"kann1253",120,"kfi","Eurasia",NA,NA,NA,NA
"kano1244",1068,"kxn","Papunesia",NA,NA,NA,NA
"kano1245",585,"kxo","South America",NA,NA,NA,NA
"kano1249",92,NA,"Africa",NA,NA,NA,NA
"kans1243",1170,"ksk","North America",NA,NA,NA,NA
"kant1249",18,"xkt","Africa",NA,NA,NA,NA
"kanu1277",26,"kni","Africa",NA,NA,NA,NA
"kanu1278",317,NA,"Africa",NA,NA,NA,NA
"kanu1280",15,NA,NA,NA,NA,NA,NA
"kany1247",2521,"kny","Africa",NA,NA,NA,NA
"kaon1241",674,"kqn","Africa","Atlantic-Congo",-12.4129,25.7646,"?"
"kapi1248",1022,"xpn",NA,NA,NA,NA,NA
"kapi1249",1569,NA,"Papunesia","Austronesian",1.039166,154.797223,"?"
"kapi1250",74,"tbx","Papunesia",NA,NA,NA,NA
"kapp1237",394,"ykm","Papunesia",NA,NA,NA,NA
"kapr1245",1573,"dju",NA,NA,NA,NA,NA
"kaqc1270",10471,"cak","North America","Mayan",14.4662,-90.9881,"1"
"kara1289",277,"zkk","North America",NA,NA,NA,NA
"kara1462",2545,"kim","Eurasia",NA,NA,NA,NA
"kara1464",5182,"kdr","Eurasia",NA,NA,NA,NA
"kara1465",4275,"krc","Eurasia",NA,NA,NA,NA
"kara1467",8359,"kaa","Eurasia",NA,NA,NA,NA
"kara1474",2017,"kpt","Eurasia",NA,NA,NA,NA
"kara1475",366,"xkh",NA,NA,NA,NA,NA
"kara1476",1133,"gbd","Australia","Pama-Nyungan",-18.6771,122.334,NA
"kara1478",1168,"kzr","Africa",NA,NA,NA,NA
"kara1481",542,"reg","Africa",NA,NA,NA,NA
"kara1482",597,"kah","Africa","Central Sudanic",9.99526,22.9947,"?"
"kara1483",5728,"kdj","Africa",NA,NA,NA,NA
"kara1484",20,"kth",NA,NA,NA,NA,NA
"kara1486",1426,"leu","Papunesia","Austronesian",-2.81957,151.111,"0"
"kara1487",1182,"kyj","Papunesia","Austronesian",16.5655,120.956,"0"
"kara1489",569,"mry","Papunesia",NA,NA,NA,NA
"kara1495",1,"xrw","Papunesia",NA,NA,NA,NA
"kara1497",1,"xar","Papunesia",NA,NA,NA,NA
"kara1499",4689,"kgv","Papunesia","West Bomberai",-3.47037,132.678,"0"
"kara1500",4783,"kpj","South America","Nuclear-Macro-Je",-11.1881,-50.3492,"0"
"karb1241",5605,"mjw","Eurasia","Sino-Tibetan",25.7317,93.0462,"0"
"kare1335",7640,"krl",NA,NA,NA,NA,NA
"kare1338",521,"kbn","Africa","Atlantic-Congo",7.05641,15.2207,"1"
"kare1339",41,"kyd","Papunesia",NA,NA,NA,NA
"kare1348",264,"kai","Africa",NA,NA,NA,NA
"kari1255",237,"kzw","South America",NA,NA,NA,NA
"kari1301",1407,"kmv","North America, South America",NA,NA,NA,NA
"kari1303",134,"kgn","Eurasia",NA,NA,NA,NA
"kari1304",504,"vka","Australia",NA,NA,NA,NA
"kari1306",310,"kbj","Africa","Atlantic-Congo",5.03525,25.7491,"0"
"kari1309",24,"kgm","South America",NA,NA,NA,NA
"kari1311",20149715,"ktn",NA,"Tupian",-9.37937,-64.1522,"1"
"kari1316",40,"kil","Africa",NA,NA,NA,NA
"kari1317",676,NA,"South America",NA,NA,NA,NA
"kark1256",164,"kko","Africa",NA,NA,NA,NA
"kark1258",2129,"yuj","Papunesia","Pauwasi",-3.74954,141.098,"1"
"kark1259",22,"krb","North America",NA,NA,NA,NA
"karn1252",86,"bbv","Papunesia","Austronesian",-5.74133,147.917,"0"
"karn1253",18,NA,"Australia",NA,NA,NA,NA
"karo1294",495,"krx","Africa",NA,NA,NA,NA
"karo1297",747,NA,"Africa",NA,NA,NA,NA
"karo1303",594,"kgw","Papunesia",NA,NA,NA,NA
"karo1304",1760,"kyh","North America",NA,41.8228,-123.315,"1"
"karo1305",778,"arr","South America",NA,NA,NA,NA
"karr1236",3,"rxw","Australia",NA,NA,NA,NA
"kasa1248",283,NA,"Africa",NA,NA,NA,NA
"kase1253",4645,"xsm","Africa",NA,NA,NA,NA
"kash1274",7520,"csb","Eurasia",NA,NA,NA,NA
"kash1277",8861,"kas","Eurasia","Indo-European",34.166825,74.330455,"0"
"kash1280",2862,"kju","Eurasia, North America",NA,NA,NA,NA
"kasi1256",153,"ksn","Papunesia",NA,NA,NA,NA
"kask1239",1858,"kkz","North America","Athabaskan-Eyak-Tlingit",61.9942,-132.412,"0"
"kasu1251",1178,"khs","Papunesia",NA,NA,NA,NA
"kata1265",26,NA,"Africa",NA,NA,NA,NA
"katb1237",213,"tmb","Papunesia","Austronesian",-16.2701,167.484,"0"
"katc1249",1203,"xtc","Africa",NA,NA,NA,NA
"kate1253",2387,"kmg","Papunesia",NA,NA,NA,NA
"kath1250",323,"tkt","Eurasia",NA,NA,NA,NA
"kath1251",39,"ykt","Eurasia",NA,NA,NA,NA
"kati1270",3081,"bsh","Eurasia",NA,NA,NA,NA
"katk1238",2403,"kfu","Eurasia",NA,NA,NA,NA
"katl1237",59,"kcr","Africa",NA,NA,NA,NA
"kato1244",2485,"ktw","North America",NA,NA,NA,NA
"kats1235",1894,"kaf","Eurasia","Sino-Tibetan",24.6,102.4,"0"
"katu1273",23,"kta","Eurasia",NA,NA,NA,NA
"kaul1240",546,"pss","Papunesia","Austronesian",-6.08192,149.696,"0"
"kaur1267",3036,"zku","Australia","Pama-Nyungan",-34.34966141,138.4800794,NA
"kaur1269",181,"vkk","Papunesia",NA,NA,NA,NA
"kaur1271",857,"bpp","Papunesia","Kaure-Kosare",-3.39188,140.14,"?"
"kauw1242",292,"xau","Papunesia",NA,NA,NA,NA
"kava1241",1645,"ckv","Papunesia","Austronesian",24.6947,121.645,"0"
"kawa1283",850,"xaw","North America","Uto-Aztecan",36.0538,-118.679,"?"
"kawi1241",6219,"kaw","Papunesia","Austronesian",-7,111,"1"
"kaxa1239",156,"ktx","South America",NA,NA,NA,NA
"kaxu1237",7642,"kbb",NA,NA,NA,NA,NA
"kaya1315",1747,"pdu","Eurasia","Sino-Tibetan",19.5183,97.4138,"0"
"kaya1319",3374,"gyd","Australia","Tangkic",-17.0695,139.489,"0"
"kaya1328",174,"kyt","Papunesia",NA,NA,NA,NA
"kaya1329",2739,"kyz","South America",NA,NA,NA,NA
"kaya1330",4002,"txu","South America",NA,NA,NA,NA
"kaye1241",17,"kzl","Papunesia",NA,NA,NA,NA
"kayt1238",1615,"gbb","Australia",NA,NA,NA,NA
"kayu1243",807,"kzu","Papunesia",NA,NA,NA,NA
"kaza1248",26041,"kaz","Eurasia",NA,NA,NA,NA
"kazu1245",4,"kzk","Papunesia",NA,NA,NA,NA
"keak1239",568,"keh","Papunesia",NA,NA,NA,NA
"keap1239",847,"khz","Papunesia","Austronesian",-10.1342,147.95,"0"
"keda1251",757,"meo","Eurasia",NA,NA,NA,NA
"keda1252",1852,"ksx","Papunesia","Austronesian",-8.23039,123.77,"0"
"kehu1238",278,"khh","Papunesia",NA,NA,NA,NA
"keig1242",90,"kec","Africa","Kadugli-Krongo",11.2064,29.3889,"0"
"keii1239",1067,"kei","Papunesia",NA,NA,NA,NA
"keiy1238",352,"eyo","Africa",NA,NA,NA,NA
"kekc1242",7094,"kek","North America",NA,NA,NA,NA
"kela1254",37,NA,"Africa",NA,NA,NA,NA
"kela1255",323,"kcl","Papunesia",NA,NA,NA,NA
"kela1258",1678,"kzi","Papunesia",NA,NA,NA,NA
"kele1255",1810,"khy","Africa","Atlantic-Congo",0.36906,24.3098,"0"
"kele1257",257,"keb","Africa",NA,NA,NA,NA
"kele1258",97,"sbc",NA,"Austronesian",-2.09163,147.064,"0"
"kele1259",4092,"ify",NA,"Austronesian",16.7099,121.035,"1"
"keli1248",184,"kbo","Africa",NA,NA,NA,NA
"kelo1247",414,"kyo","Papunesia","Timor-Alor-Pantar",-8.40688,124.429,"?"
"kema1243",2380,"kem",NA,NA,NA,NA,NA
"kemb1235",138,"bzp","Papunesia",NA,NA,NA,NA
"kemb1249",254,"xem","Papunesia","Austronesian",0.66181,110.468,"0"
"keme1240",136,"dmo","Africa","Atlantic-Congo",6.69577,10.4984,"0"
"kemi1239",4756,"sjk","Eurasia",NA,NA,NA,NA
"kemt1242",1071,"kmt","Papunesia",NA,NA,NA,NA
"kena1236",13,"xbn","Eurasia",NA,NA,NA,NA
"kend1252",181,"kvm","Africa",NA,NA,NA,NA
"kend1253",12,"klf","Africa",NA,NA,NA,NA
"kend1254",1499,"knx","Papunesia",NA,NA,NA,NA
"keng1240",1149,"kyq","Africa","Central Sudanic",11.6816,18.1464,"1"
"keni1249",87,"kxi","Papunesia",NA,NA,NA,NA
"kens1248",1512,"kns","Eurasia","Austroasiatic",5.98085,101.026,"0"
"kens1251",402,"ndb","Africa",NA,NA,NA,NA
"kenu1236",6689,"kzh","Africa","Nubian",21.2837,31.8992,"0"
"keny1241",2123,"xki","Africa",NA,NA,NA,NA
"keny1278",61,"lke","Africa",NA,NA,NA,NA
"keny1279",1482,"ken","Africa",NA,NA,NA,NA
"keoo1238",1190,"xxk","Papunesia","Austronesian",-8.8704,121.256,"1"
"keor1235",2,"xeu","Papunesia",NA,NA,NA,NA
"kepo1237",187,"kuk","Papunesia",NA,NA,NA,NA
"kera1248",189,"hhr","Africa","Atlantic-Congo",12.3652,-16.6857,"1"
"kera1255",2446,"ker","Africa","Afro-Asiatic",9.88165,15.1419,"1"
"kere1280",454,"krk","Eurasia",NA,NA,NA,NA
"kere1283",1661,"ked","Africa",NA,NA,NA,NA
"kere1285",600,"xke","Papunesia",NA,NA,NA,NA
"kere1286",166,"kxz","Papunesia",NA,NA,NA,NA
"keri1250",3046,"kvr","Papunesia","Austronesian",-1.93668,101.403,"0"
"kesa1244",1493,"xes","Papunesia","Nuclear Trans New Guinea",-5.76797,145.58,"0"
"keta1243",59,"kae","Papunesia",NA,NA,NA,NA
"kete1252",1668,"kcv","Africa",NA,NA,NA,NA
"kete1254",1232,"xte","Papunesia",NA,NA,NA,NA
"kett1243",9387,"ket","Eurasia","Yeniseian",63.7551,87.5466,"0"
"kewa1250",40,NA,"Papua",NA,NA,NA,NA
"keya1238",29,"kyg","Papunesia",NA,NA,NA,NA
"kgal1244",2106,"xkv","Africa","Atlantic-Congo",-24.9208,22.72016,"0"
"khah1234",129,"hkh","Eurasia",NA,NA,NA,NA
"khak1248",8136,"kjh","Eurasia","Turkic",50.7393,107.169,"0"
"khal1275",2066,"klr","Eurasia","Sino-Tibetan",27.3912,87.5053,"0"
"kham1281",864,"ykh","Eurasia",NA,NA,NA,NA
"kham1282",4308,"khg","Eurasia","Sino-Tibetan",31.9313,91.7062,"1"
"kham1283",664,"kbg","Eurasia",NA,NA,NA,NA
"kham1290",2602,"kht","Eurasia",NA,NA,NA,NA
"kham1291",47,"ksu","Eurasia",NA,NA,NA,NA
"khan1272",584,"khn","Eurasia",NA,NA,NA,NA
"khan1273",7569,"kca","Eurasia",NA,NA,NA,NA
"khan1274",2014,"kjm","Eurasia","Austroasiatic",21.6624,103.736,"0"
"khan1278",549,"ogo","Africa","Atlantic-Congo",4.70908,7.44363,"1"
"khar1283",867,"ksy","Eurasia",NA,NA,NA,NA
"khar1287",6085,"khr","Eurasia","Austroasiatic",22.3571,84.3922,"0"
"khar1288",256,"kfw","Eurasia","Sino-Tibetan",25.2738,94.0503,"0"
"khas1269",93700,"kha","Eurasia","Austroasiatic",24.977,91.9998,"0"
"khay1238",255,"lko","Africa",NA,NA,NA,NA
"khee1238",403,"kqg","Eurasia",NA,NA,NA,NA
"khen1241",470,"xkf","Eurasia",NA,NA,NA,NA
"khet1238",34,"xhe","Eurasia",NA,NA,NA,NA
"khez1235",2631,"nkh","Eurasia","Sino-Tibetan",25.7078,94.3114,"0"
"khia1236",28,"kix","Eurasia",NA,NA,NA,NA
"khin1240",2885,"kjj","Eurasia","Nakh-Daghestanian",41.1801,48.0571,"0"
"khir1237",17,"kwx","Eurasia",NA,NA,NA,NA
"khis1238",614,NA,"Africa, Eurasia",NA,NA,NA,NA
"khmu1256",115236,"kjg",NA,"Austroasiatic",20.2463,101.671,"0"
"khoi1250",22,"xkc","Eurasia",NA,NA,NA,NA
"khoi1251",483,"nkb","Eurasia",NA,NA,NA,NA
"khol1240",1854,"ktc",NA,NA,NA,NA,NA
"khor1267",108,NA,"Eurasia",NA,NA,NA,NA
"khor1269",2193,"kmz","Eurasia",NA,NA,NA,NA
"khot1251",2217,"kho","Eurasia",NA,NA,NA,NA
"khow1242",490,"khw","Eurasia",NA,NA,NA,NA
"khua1243",74,"xhv","Eurasia",NA,NA,NA,NA
"khum1248",263,"cnk","Eurasia","Sino-Tibetan",22.87125,92.9894633333,"0"
"khun1255",742,"kfm","Eurasia",NA,NA,NA,NA
"khun1259",274,"kkh","Eurasia",NA,NA,NA,NA
"khva1239",929,"khv","Eurasia","Nakh-Daghestanian",42.2743,45.9977,"0"
"khwa1238",2771,"xco","Eurasia",NA,NA,NA,NA
"kibe1241",182,"kie","Africa",NA,NA,NA,NA
"kibi1239",1166,"prm",NA,NA,NA,NA,NA
"kich1262",12729,"quc","North America","Mayan",14.5278,-91.1696,"1"
"kich1266",242,"qut","North America",NA,NA,NA,NA
"kick1244",1006,"kic","North America",NA,NA,NA,NA
"kika1239",422,"kzg","Eurasia",NA,NA,NA,NA
"kiku1240",12096,"kik","Africa","Atlantic-Congo",-0.29005,36.719,"0"
"kild1236",1543,"sjd","Eurasia",NA,NA,NA,NA
"kili1267",4125,"kij","Papunesia","Austronesian",-8.72574,151.072,"0"
"kili1268",1970,"klb","North America",NA,NA,NA,NA
"kilm1241",1047,"kih","Papunesia",NA,NA,NA,NA
"kima1244",400,"kqr","Papunesia","Austronesian",6.61982,116.96,"1"
"kima1246",516,"kig","Papunesia","Kolopom",-8.01899,138.355,"0"
"kimb1241",8873,"kmb","Africa",NA,NA,NA,NA
"kimb1242",309,"kiv","Africa",NA,NA,NA,NA
"kimk1238",752,"sbt",NA,NA,NA,NA,NA
"kimm1245",1848,"mji","Eurasia","Hmong-Mien",22.9856,105.024,"0"
"kimm1246",1593,"kia",NA,"Atlantic-Congo",9.79442,15.8936,"0"
"kimr1241",41,"kqp","Africa",NA,NA,NA,NA
"kina1250",4955,"krj",NA,"Austronesian",10.8131,122.297,"1"
"kina1252",422,"cbw","Papunesia",NA,NA,NA,NA
"kinn1249",1878,"kfk","Eurasia","Sino-Tibetan",31.3688,78.3148,"0"
"kint1239",498,"knq","Eurasia",NA,NA,NA,NA
"kiny1244",22479,"kin","Africa",NA,NA,NA,NA
"kiok1239",49,"ues","Papunesia",NA,NA,NA,NA
"kion1242",203,"kkm","Africa",NA,NA,NA,NA
"kiow1264",500,"apk","North America",NA,NA,NA,NA
"kiow1266",2112,"kio","North America","Kiowa-Tanoan",34.9403,-98.9042,"0"
"kips1239",2272,"sgc","Africa","Nilotic",-0.35774,35.258532,"0"
"kipu1237",157,"kyi","Papunesia",NA,NA,NA,NA
"kire1240",128,"geb","Papunesia",NA,NA,NA,NA
"kirg1245",12290,"kir","Eurasia",NA,NA,NA,NA
"kiri1254",1087,NA,"Africa",NA,NA,NA,NA
"kiri1256",4,"kiy","Papunesia",NA,NA,NA,NA
"kirm1248",1092,"kiu","Eurasia",NA,NA,NA,NA
"kiry1234",50,"fkk","Africa",NA,NA,NA,NA
"kisa1263",293,"lks","Africa",NA,NA,NA,NA
"kisa1266",1310,"kje",NA,NA,NA,NA,NA
"kisi1243",112,"kiz","Africa",NA,NA,NA,NA
"kiss1245",12,NA,"Africa",NA,NA,NA,NA
"kist1241",1820,NA,"Africa",NA,NA,NA,NA
"kita1247",1178,"zkt","Eurasia",NA,NA,NA,NA
"kita1249",831,"mwk","Africa",NA,NA,NA,NA
"kitj1240",933,"gia","Australia",NA,NA,NA,NA
"kits1249",170,"kii","North America",NA,NA,NA,NA
"kitu1245",2043,"mkw","Africa",NA,NA,NA,NA
"kitu1246",3962,"ktu","Africa",NA,NA,NA,NA
"kjac1234",59,NA,"Eurasia",NA,NA,NA,NA
"klam1254",4363,"kla","North America",NA,42.5861,-121.704,"1"
"klao1243",386,"klu","Africa",NA,NA,NA,NA
"koal1240",561,"kib","Africa",NA,NA,NA,NA
"koas1236",2924,"cku","North America",NA,NA,NA,NA
"kobi1241",756,"kcj","Africa",NA,NA,NA,NA
"kobo1249",4280,"kpw","Papunesia","Nuclear Trans New Guinea",-5.16446,144.46,"0"
"kobu1239",55,NA,"North America",NA,NA,NA,NA
"koch1247",457,"thq","Eurasia",NA,NA,NA,NA
"koch1250",123,"kdq","Eurasia",NA,NA,NA,NA
"koch1253",390,"dhw","Eurasia",NA,NA,NA,NA
"koda1236",498,"cdz","Eurasia",NA,NA,NA,NA
"koda1254",254,"ksz","Eurasia",NA,NA,NA,NA
"koda1255",1645,"kfa","Eurasia","Dravidian",12.2443,75.9161,"0"
"kode1237",188,"vko","Papunesia",NA,NA,NA,NA
"kodi1246",215,"kwp","Africa",NA,NA,NA,NA
"kodi1247",1453,"kod","Papunesia",NA,NA,NA,NA
"koen1239",84,"kcs","Africa",NA,NA,NA,NA
"kofe1239",5,"kpi","Papunesia",NA,NA,NA,NA
"kofy1242",1181,"kwl","Africa",NA,NA,NA,NA
"kohi1248",361,"plk","Eurasia",NA,NA,NA,NA
"kohi1250",253,"kkx","Papunesia",NA,NA,NA,NA
"koho1244",7562,"kpm","Eurasia","Austroasiatic",11.6444,108.057,"0"
"kohu1244",78,"bcs","Africa",NA,NA,NA,NA
"koii1238",909,"kkt","Eurasia",NA,NA,NA,NA
"koir1240",759,"nkd","Eurasia","Sino-Tibetan",25.2857,94.2141,"0"
"koit1244",388,"kqi","Papunesia","Koiarian",-9.36877,147.079,"0"
"koka1244",284,"ktd","Australia","Pama-Nyungan",-29.94,135.55,"0"
"kokb1239",1512,"trp","Eurasia",NA,NA,NA,NA
"kokn1236",31,"gko","Australia",NA,NA,NA,NA
"koko1265",8,"xod","Papunesia",NA,NA,NA,NA
"koko1267",85,"kzn","Africa",NA,NA,NA,NA
"koko1269",1239,"kkk","Papunesia","Austronesian",-8.16481,159.191,"1"
"kola1285",353,"kvv","Papunesia","Austronesian",-5.48833,134.592,"0"
"kolb1240",270,"klc","Africa","Atlantic-Congo",8.26797,13.2707,"?"
"kolc1235",1440,"biw","Africa","Atlantic-Congo",3.65994,12.8574,"1"
"kolo1267",11,"klm","Papunesia",NA,NA,NA,NA
"kolp1236",241,"kol","Papunesia",NA,-5.21042,151.583,"0"
"kols1241",4839,"ksh",NA,NA,NA,NA,NA
"kolu1245",314,"klx","Papunesia","Austronesian",-9.42742,150.462,"0"
"koma1266",176,"kmy","Africa",NA,NA,NA,NA
"komb1272",1063,"xbi","Papunesia",NA,NA,NA,NA
"komb1273",2116,"kpf","Papunesia",NA,NA,NA,NA
"komb1274",566,"tyn","Papunesia","Nuclear Trans New Guinea",-5.54543,139.902,"0"
"komc1235",2688,"bkm","Africa","Atlantic-Congo",6.2596,10.3348,"0"
"kome1238",678,"kge",NA,NA,NA,NA,NA
"komi1268",16383,"kpv","Eurasia","Uralic",64.0527,54.946,"0"
"komi1269",7766,"koi","Eurasia","Uralic",59.6602,54.7959,"1"
"komi1270",537,"kmm","Eurasia","Sino-Tibetan",24.8688,94.534,"0"
"komo1258",1580,"xom","Africa",NA,NA,NA,NA
"komo1260",915,"kmw","Africa","Atlantic-Congo",-0.76333,26.7144,"0"
"komo1261",851,"kvh","Papunesia",NA,NA,NA,NA
"kona1242",1035,"kxw","Papunesia","East Strickland",-5.66011,142.069,"0"
"kond1295",568,"kfc","Eurasia",NA,NA,NA,NA
"kond1303",118,"knd","Papunesia",NA,NA,NA,NA
"kone1241",9,"kdw","Papunesia",NA,NA,NA,NA
"koni1262",19,NA,"North America",NA,NA,NA,NA
"konj1251",14,NA,"Africa",NA,NA,NA,NA
"konk1267",3197,"knn","Eurasia","Indo-European",18.404,73.994,"0"
"konk1269",3528,"xon","Africa",NA,NA,NA,NA
"konn1242",9958,"kma",NA,NA,NA,NA,NA
"kono1264",233,"klk","Africa",NA,NA,NA,NA
"kono1265",270,"kcz","Africa",NA,NA,NA,NA
"kono1267",55,"knu","Africa",NA,NA,NA,NA
"kono1268",801,"kno","Africa",NA,NA,NA,NA
"kons1243",2095,"kxc","Africa","Afro-Asiatic",5.39111,37.53,"1"
"kony1248",1165,"nbe","Eurasia","Sino-Tibetan",26.6823,95.0598,"0"
"kony1250",19,"mku","Africa",NA,NA,NA,NA
"konz1239",739,"koo","Africa","Atlantic-Congo",0.32395,29.8696,"0"
"koon1244",20769,"kng","Africa","Atlantic-Congo",-5.57722,14.4771,"1"
"koon1245",2393,"ozm","Africa","Atlantic-Congo",3.25933,13.54152,"?"
"kooo1244",883,"fuj","Africa",NA,NA,NA,NA
"koor1239",1259,"kqy","Africa","Ta-Ne-Omotic",5.80545,37.8679,"1"
"kopa1248",272,"xop","Papunesia",NA,NA,NA,NA
"kopk1238",219,"opk","Papunesia",NA,NA,NA,NA
"kora1291",785,"kcy","Africa",NA,NA,NA,NA
"kora1292",2473,"kqz","Africa",NA,NA,NA,NA
"kora1294",5432,"kpr","Papunesia","Nuclear Trans New Guinea",-9.07,149.267,"0"
"kore1273",1597,"kvk","Eurasia",NA,NA,NA,NA
"kore1279",64,"okh","Eurasia",NA,NA,NA,NA
"kore1280",40103,"kor","Eurasia","Koreanic",37.5,128,"0"
"kore1283",2285,"coe","South America","Tucanoan",0.92316,-75.3475,NA
"kork1243",2188,NA,"Eurasia","Austroasiatic",21.8358,77.5541,"0"
"korl1238",312,"vkp","Eurasia",NA,NA,NA,NA
"koro1296",756,"ktl","Eurasia",NA,NA,NA,NA
"koro1298",4677,"kfz","Africa","Atlantic-Congo",14.046,-1.96187,"1"
"koro1304",636,"krp","Africa",NA,NA,NA,NA
"koro1308",134,"krf","Papunesia",NA,NA,NA,NA
"koro1310",1127,"bpr","Papunesia",NA,NA,NA,NA
"koro1312",1613,"khe","Papunesia","Nuclear Trans New Guinea",-5.26952,140.047,"0"
"koro1313",82,"kqj","Papunesia","South Bougainville",-6.39399,155.742,"1"
"koro1316",976,"jkr","Eurasia",NA,NA,NA,NA
"koro1323",95,"vkn","Africa",NA,NA,NA,NA
"koro1324",13,"vkz","Africa",NA,NA,NA,NA
"korr1238",984,"kfd","Eurasia","Dravidian",12.9163,75.2,"0"
"koru1245",220,"kpq","Papunesia",NA,NA,NA,NA
"koru1247",124,"xor","South America",NA,NA,NA,NA
"korw1242",1169,"kfp","Eurasia",NA,NA,NA,NA
"kory1246",4988,"kpy","Eurasia",NA,NA,NA,NA
"kosa1249",411,"kkl","Papunesia","Nuclear Trans New Guinea",-4.06603,139.645,"0"
"kosa1251",44,"kiq","Papunesia",NA,NA,NA,NA
"kose1239",2789,"kze","Papunesia",NA,NA,NA,NA
"kosh1246",444,"kid","Africa",NA,NA,NA,NA
"kosr1238",3032,"kos","Papunesia","Austronesian",5.31,162.98,"1"
"kota1263",1114,"kfe","Eurasia","Dravidian",11.4978,76.9387,"0"
"kota1272",300,"kqk","Africa",NA,NA,NA,NA
"kota1274",2404,"koq","Africa",NA,NA,NA,NA
"kota1275",632,"mqg","Papunesia",NA,NA,NA,NA
"koti1238",783,"eko","Africa","Atlantic-Congo",-16.4823,39.7602,"0"
"kott1239",851,"zko","Eurasia",NA,NA,NA,NA
"kotz1238",5,NA,"Eurasia, North America",NA,NA,NA,NA
"kouy1238",380,"kyf","Africa",NA,NA,NA,NA
"kova1243",1032,"kqb","Papunesia","Nuclear Trans New Guinea",-5.61712,147.862,"?"
"kove1237",643,"kvc","Papunesia","Austronesian",-5.58623,149.63,"1"
"kowi1239",282,"kwh","Papunesia",NA,NA,NA,NA
"koya1251",1410,"kff","Eurasia","Dravidian",17.6772,81.2096,"0"
"koya1253",559,"kga","Africa",NA,NA,NA,NA
"koyo1242",309,"koh","Africa",NA,NA,NA,NA
"koyr1240",3876,"khq","Africa","Songhay",16.192,-3.73962,"1"
"koyr1242",3416,"ses","Africa","Songhay",16.9634,-0.55187,"1"
"koys1242",260,"kqd","Eurasia","Afro-Asiatic",36.0451,44.6365,"1"
"koyu1237",4385,"koy","North America",NA,NA,NA,NA
"kpal1241",27,"kpl","Africa",NA,NA,NA,NA
"kpan1246",228,"kpk","Africa",NA,NA,NA,NA
"kpas1242",99,"pbn","Africa",NA,NA,NA,NA
"kpat1246",62,"koc","Africa",NA,NA,NA,NA
"kpee1234",18,"cpo","Africa",NA,NA,NA,NA
"kpes1238",57,"kef","Africa",NA,NA,NA,NA
"krac1238",47,"kye","Africa",NA,NA,NA,NA
"krah1246",284,"xra","South America",NA,NA,NA,NA
"kren1239",113729,"kqq",NA,"Nuclear-Macro-Je",-18.9988,-41.2299,"?"
"krey1238",11,"xre","South America",NA,NA,NA,NA
"krik1239",830,"xri","South America",NA,NA,NA,NA
"krim1238",253,NA,"Africa","Atlantic-Congo",7.24116,-11.8393,"1"
"krio1252",5645,"rop","Australia",NA,NA,NA,NA
"krio1253",4246,"kri","Africa",NA,NA,NA,NA
"kris1246",774,"ksi","Papunesia","Sko",-2.80084,141.303,"0"
"krob1245",729,"kxb","Africa",NA,NA,NA,NA
"kron1241",710,"kgo","Africa","Kadugli-Krongo",10.514,30.003,NA
"krym1236",1987,"jct","Eurasia",NA,NA,NA,NA
"kryt1240",514,"kry","Eurasia","Nakh-Daghestanian",41.1811,48.1846,"0"
"kuaa1238",833,"tyu","Africa",NA,NA,NA,NA
"kuam1234",36,"yku","Eurasia",NA,NA,NA,NA
"kuan1247",6229,"kua","Africa, Eurasia","Atlantic-Congo",-17.7176,16.58,"0"
"kuan1248",3756,"ksd","Papunesia","Austronesian",-4.30986,152.114,"1"
"kuan1249",172,"ykn","Eurasia",NA,NA,NA,NA
"kuba1248",453,"ugh","Eurasia",NA,NA,NA,NA
"kube1244",483,"kgf","Papunesia",NA,NA,NA,NA
"kubo1242",67,"jko","Papunesia",NA,NA,NA,NA
"kubu1239",2514,"kvb","Papunesia",NA,NA,NA,NA
"kuco1235",410,"lkc","Eurasia",NA,NA,NA,NA
"kudm1238",213,"kyw","Eurasia",NA,NA,NA,NA
"kudu1241",38,"kov","Africa",NA,NA,NA,NA
"kuga1239",115,"kow","Africa",NA,NA,NA,NA
"kuii1252",3546,"kxu","Eurasia","Dravidian",19.2043,83.5859,"0"
"kuii1253",473,"kvd","Papunesia",NA,NA,NA,NA
"kuij1237",25,"dkr","Papunesia",NA,NA,NA,NA
"kuik1246",4884,"kui","South America","Cariban",-12.3035,-53.2261,"0"
"kuja1239",110,"vkj","Africa",NA,NA,NA,NA
"kuka1246",878,"kux","Australia",NA,NA,NA,NA
"kuke1242",124,"kez","Africa",NA,NA,NA,NA
"kuku1273",3345,"gvn","Australia","Pama-Nyungan",-16.0036,145.188,"0"
"kuku1280",225,"uwa","Australia","Pama-Nyungan",-14.0756,141.724,"0"
"kuku1281",665,"ugb","Australia",NA,NA,NA,NA
"kuku1283",20,"xmh","Australia",NA,NA,NA,NA
"kuku1285",687,"ukv","Africa",NA,NA,NA,NA
"kula1280",435,"tpg","Papunesia",NA,NA,NA,NA
"kule1247",832,"kul","Africa",NA,NA,NA,NA
"kulf1238",225,"kxj","Africa",NA,NA,NA,NA
"kuli1254",424,"vkl","Papunesia",NA,NA,NA,NA
"kuli1255",6,"xpk","South America",NA,NA,NA,NA
"kull1236",1496,"kfx","Eurasia",NA,NA,NA,NA
"kulo1237",1966,"pzh","Papunesia","Austronesian",23.7562,120.976,"0"
"kulu1253",1016,"kle","Eurasia","Sino-Tibetan",27.1606,87.5717,"0"
"kulu1255",511,"bbu","Africa",NA,NA,NA,NA
"kuma1273",1019,"kfy","Eurasia",NA,NA,NA,NA
"kuma1274",767,"kmj","Eurasia",NA,NA,NA,NA
"kuma1275",1885,"kdi","Africa",NA,NA,NA,NA
"kuma1276",2784,"nee","Papunesia","Austronesian",-20.4035,164.193,"0"
"kuma1280",2295,"kue","Papunesia","Nuclear Trans New Guinea",-5.90586,144.977,"0"
"kumb1267",678,"wkb","Eurasia",NA,NA,NA,NA
"kumb1268",11279,"kgs","Australia","Pama-Nyungan",-29.8189,152.913,"1"
"kumh1238",431,"kra","Eurasia",NA,NA,NA,NA
"kumi1248",2615,"dih","North America",NA,NA,NA,NA
"kumy1244",4695,"kum","Eurasia",NA,NA,NA,NA
"kumz1235",1373,"zum","Eurasia","Indo-European",26.1602,56.4202,"1"
"kuna1268",5800,"kun","Africa",NA,14.5879,37.5292,"0"
"kuna1280",2,NA,NA,NA,NA,NA,NA
"kunb1251",1213,"wlg","Australia","Gunwinyguan",-11.9133,133.723,"0"
"kund1253",247,"wku","Eurasia",NA,NA,NA,NA
"kund1255",837,"kdn","Africa",NA,NA,NA,NA
"kund1257",37,"shd","Eurasia",NA,NA,NA,NA
"kung1258",2,"kgl","Australia",NA,NA,NA,NA
"kung1259",232,"ggk","Australia",NA,-12.7,130.881,"0"
"kung1260",260,"kfl","Africa",NA,NA,NA,NA
"kung1261",2406,"knw",NA,NA,NA,NA,NA
"kung1262",44,"kvs","Australia",NA,NA,NA,NA
"kuni1263",1634,"kse","Papunesia",NA,NA,NA,NA
"kuni1265",538,"kvg","Papunesia",NA,NA,NA,NA
"kuni1267",6788,"kup","Papunesia","Goilalan",-8.09371,146.908,"0"
"kuni1268",1177,"xug","Eurasia",NA,NA,NA,NA
"kunj1245",2399,"kjn","Australia","Pama-Nyungan",-16.6807,143.53,"0"
"kunj1246",936,"pep","Papunesia",NA,NA,NA,NA
"kuny1238",320,"njx","Africa",NA,NA,NA,NA
"kunz1244",3072,"kuz","South America",NA,-23,-69,"1"
"kuoo1238",569,"xuo","Africa",NA,NA,NA,NA
"kuot1243",1063,NA,"Papunesia",NA,-3.06952,151.537,"0"
"kupa1238",241,"kug","Africa",NA,NA,NA,NA
"kupa1239",116,"mkn","Papunesia","Austronesian",-10.2526,123.63,"0"
"kupi1238",2645,"key","Eurasia",NA,NA,NA,NA
"kups1238",292,"kpz","Africa",NA,NA,NA,NA
"kura1248",138,"nqk","Eurasia",NA,NA,NA,NA
"kura1249",161,"krh","Africa",NA,NA,NA,NA
"kura1250",1335,"knk","Africa",NA,NA,NA,NA
"kurd1259",288,"kur","Eurasia",NA,NA,NA,NA
"kuri1259",3675,"kuj","Africa",NA,NA,NA,NA
"kurm1243",17,"kfv","Eurasia",NA,NA,NA,NA
"kurr1243",899,"vku","Australia","Pama-Nyungan",-22.2134,117.51,"1"
"kurr1245",40,"kuv","Papunesia",NA,NA,NA,NA
"kurt1248",1474,"xkz","Eurasia","Sino-Tibetan",27.5365,90.9822,"0"
"kurt1250",559,"ktm","Papunesia",NA,NA,NA,NA
"kuru1301",3567,"kru","Eurasia",NA,NA,NA,NA
"kuru1302",312,NA,"Eurasia","Dravidian",24.4644,86.4657,"0"
"kuru1305",49,"kjr","Papunesia",NA,NA,NA,NA
"kuru1309",483,"kyr","South America",NA,NA,NA,NA
"kusa1250",4604,"kus","Africa",NA,NA,NA,NA
"kush1236",139,"kuh","Africa",NA,NA,NA,NA
"kusk1241",842,NA,"North America",NA,NA,NA,NA
"kusu1250",996,"kgg","Eurasia",NA,28.33,82.6,"0"
"kusu1252",293,"ksv","Africa",NA,NA,NA,NA
"kute1248",918,"kub","Africa","Atlantic-Congo",7.07479,10.0916,"0"
"kute1249",3260,"kut","North America",NA,48.7892,-115.065,"0"
"kuth1240",6,"xut","Australia",NA,NA,NA,NA
"kutt1236",35,"kpa","Africa",NA,NA,NA,NA
"kutu1262",275,"khj","Africa",NA,NA,NA,NA
"kutu1263",10,"kdc","Africa",NA,NA,NA,NA
"kuuk1238",468,"kuy","Australia",NA,NA,NA,NA
"kuuk1243",20,"uky","Australia",NA,NA,NA,NA
"kuun1236",43,"lku","Australia",NA,NA,NA,NA
"kuva1244",136,"olu","Africa",NA,NA,NA,NA
"kuvi1243",3235,"kxv","Eurasia","Dravidian",18.8832,83.7552,"0"
"kuwa1246",694,"cwt","Africa",NA,NA,NA,NA
"kuwa1247",308,"blh","Africa",NA,NA,NA,NA
"kuyy1240",4486,"kdt",NA,"Austroasiatic",14.6698,104.911,"0"
"kven1236",128,"fkv","Eurasia",NA,NA,NA,NA
"kwaa1262",432,"kwb","Africa",NA,NA,NA,NA
"kwaa1265",275,"bko","Africa",NA,NA,NA,NA
"kwaa1269",756,"ksq","Africa",NA,NA,NA,NA
"kwad1244",2466,"kwz","Africa",NA,NA,NA,NA
"kwad1248",1355,"wka","Africa",NA,NA,NA,NA
"kwai1243",1233,"kwd","Papunesia","Austronesian",-8.93744,160.965,"0"
"kwaj1242",18,"kdz",NA,NA,NA,NA,NA
"kwak1266",1363,"kwu","Africa",NA,NA,NA,NA
"kwak1269",6264,"kwk","North America",NA,NA,NA,NA
"kwal1258",79,"qwt","North America",NA,NA,NA,NA
"kwam1249",1008,"kmq","Africa","Koman",9.50836,34.2457,"0"
"kwam1251",17,"kwm","Africa",NA,NA,NA,NA
"kwam1252",679,"tnk","Papunesia","Austronesian",-19.5954,169.442,"0"
"kwan1273",3542,"kwn","Africa",NA,NA,NA,NA
"kwan1276",816,"knp","Africa",NA,NA,NA,NA
"kwan1278",1308,"kwj","Papunesia",NA,NA,NA,NA
"kwan1285",334,"kvi","Africa",NA,NA,NA,NA
"kwan1289",75,"xdo","Africa",NA,NA,NA,NA
"kwar1239",880,"kwf","Papunesia","Austronesian",-8.75779,160.804,"1"
"kwas1243",1898,"nmg","Africa",NA,NA,NA,NA
"kwat1244",120,"kop","Papunesia",NA,NA,NA,NA
"kway1241",1224,"kya","Africa",NA,NA,NA,NA
"kwaz1243",2318,"xwa","South America",NA,-11.6667,-61.1833,"0"
"kweg1241",691,"xwg","Africa","Surmic",5.40416,36.1702,"0"
"kwer1261",190,"cwe","Africa",NA,NA,NA,NA
"kwer1264",4,"kkb","Papunesia",NA,NA,NA,NA
"kwes1244",1231,"kws","Africa",NA,NA,NA,NA
"kwes1245",288,"kwt","Papunesia",NA,NA,NA,NA
"kwin1241",314,"gww","Australia","Worrorran",-14.2515,126.562,"0"
"kwin1243",138,"kww","South America",NA,NA,NA,NA
"kwom1262",3921,"kmo","Papunesia","Sepik",-4.08721,142.664,"0"
"kxau1241",13,"aue","Africa",NA,NA,NA,NA
"kxoe1243",6065,"xuu","Africa","Khoe-Kwadi",-16.59051,22.599835,"1"
"kyak1243",32,"bka","Africa",NA,NA,NA,NA
"kyak1244",1247,"kyc","Papunesia",NA,NA,NA,NA
"kyen1242",240,"tye","Africa",NA,NA,NA,NA
"kyen1243",36,"kql","Papunesia",NA,NA,NA,NA
"kyer1238",730,"kgy","Eurasia","Sino-Tibetan",28.2922,85.4257,"1"
"laal1241",823,"bwj","Africa",NA,NA,NA,NA
"laal1242",433,"gdm","Africa",NA,10.0063,17.6143,"1"
"laar1238",5628,"ldi","Africa",NA,NA,NA,NA
"laba1241",13,"lau","Papunesia",NA,NA,NA,NA
"labe1239",293,"lbb","Papunesia","Austronesian",-4.46971,152.678,"?"
"labi1244",208,"lbi","Africa",NA,NA,NA,NA
"labi1245",57,"jku","Africa",NA,NA,NA,NA
"labo1243",52,"ypb","Eurasia",NA,NA,NA,NA
"labo1244",261,"mwi","Papunesia","Austronesian",-16.4291,167.442,"0"
"labr1244",165,NA,"North America",NA,NA,NA,NA
"labu1248",441,"lbu","Papunesia","Austronesian",-6.75,146.903,"0"
"labu1249",953,"dtb","Papunesia","Austronesian",5.51924,117.507,"0"
"laca1243",3774,"lac","North America",NA,NA,NA,NA
"lach1248",1149,"lbt","Eurasia","Tai-Kadai",22.8549,104.776,"0"
"lach1249",694,"zpl","North America",NA,NA,NA,NA
"lacs1238",11,NA,"North America",NA,NA,NA,NA
"lada1244",8135,NA,"Eurasia",NA,NA,NA,NA
"ladi1250",4050,"lld","Eurasia",NA,NA,NA,NA
"ladi1251",9007,"lad","Eurasia",NA,NA,NA,NA
"lafo1243",355,"laf","Africa",NA,10.3357,30.7331,"?"
"lagh1245",1032,"lgh","Eurasia",NA,NA,NA,NA
"lagw1237",708,"kot","Africa","Afro-Asiatic",11.5592,14.9884,"1"
"laha1250",1022,"lha","Eurasia",NA,NA,NA,NA
"laha1251",17,"lhh","Papunesia",NA,NA,NA,NA
"laha1253",38,"lhn","Papunesia",NA,NA,NA,NA
"laht1236",227,"kvt","Eurasia",NA,NA,NA,NA
"lahu1250",208,"lhl","Eurasia",NA,NA,NA,NA
"lahu1252",3612,"lhi","Eurasia","Sino-Tibetan",21.2078,100.97,"0"
"lahu1253",6476,"lhu","Eurasia","Sino-Tibetan",21.2701,100.214,"0"
"laim1240",377,"lmx","Africa",NA,NA,NA,NA
"laiy1246",210,"lji","Papunesia","Austronesian",-6.45512,120.483,"?"
"laka1254",76,"lap","Africa",NA,NA,NA,NA
"lake1258",571,"lmw","North America",NA,NA,NA,NA
"lakh1240",66,"lkh","Eurasia",NA,NA,NA,NA
"laki1244",848,"lki","Eurasia",NA,NA,NA,NA
"lakk1238",2490,"lbc","Eurasia",NA,NA,NA,NA
"lakk1252",5130,"lbe","Eurasia","Nakh-Daghestanian",42.1328,47.0809,"0"
"lako1244",1676,"dic","Africa",NA,NA,NA,NA
"lako1245",8,"lkn","Papunesia",NA,NA,NA,NA
"lako1247",8813,"lkt","North America",NA,NA,NA,NA
"lako1248",605,"lkd","South America",NA,NA,NA,NA
"laku1238",31,"lxm","Papunesia",NA,NA,NA,NA
"lala1261",96,"lla","Africa",NA,NA,NA,NA
"lala1264",1330,"leb","Africa","Atlantic-Congo",-12.945,30.2297,"0"
"lala1268",492,"nrz","Papunesia","Austronesian",-8.93195,146.749,"0"
"lala1270",2301,"cnl","North America",NA,NA,NA,NA
"lama1275",3049,"las","Africa",NA,NA,NA,NA
"lama1277",3522,"slp","Papunesia","Austronesian",-8.36439,122.803,"0"
"lama1278",483,"lmr","Papunesia",NA,NA,NA,NA
"lama1288",2107,"hia","Africa","Afro-Asiatic",11.0243,13.7362,"1"
"lamb1269",2923,"lmn","Eurasia","Indo-European",16.5734,76.9717,"0"
"lamb1271",3391,"lam","Africa",NA,NA,NA,NA
"lamb1272",370,"lai","Africa","Atlantic-Congo",-9.49372,33.15852,"?"
"lamb1273",718,"lmy","Papunesia","Austronesian",-9.70434,119.344,"0"
"lamb1276",1373,"quf","South America",NA,NA,NA,NA
"lame1256",1871,"lbn","Eurasia",NA,NA,NA,NA
"lame1257",39,"bma","Africa",NA,NA,NA,NA
"lame1260",44,"lmu","Papunesia","Austronesian",-16.6098,168.171,"0"
"lamk1238",511,"lmk","Eurasia","Sino-Tibetan",24.1523,94.2706,"0"
"lamm1241",632,"lev","Papunesia",NA,NA,NA,NA
"lamn1239",6026,"lns","Africa",NA,NA,NA,NA
"lamo1243",180,NA,"Papunesia",NA,NA,NA,NA
"lamo1244",192,"lmg","Papunesia","Austronesian",-5.87071,149.321,"0"
"lamp1242",763,"abl","Papunesia",NA,NA,NA,NA
"lamp1243",1889,"ljp",NA,NA,NA,NA,NA
"lamu1254",212,"lby","Australia",NA,NA,NA,NA
"land1256",669,"ldm","Africa","Atlantic-Congo",10.8753,-14.0895,"1"
"lang1248",795,"sfb","Eurasia",NA,NA,NA,NA
"lang1316",865,"yln","Eurasia",NA,NA,NA,NA
"lang1318",611,"lna","Africa",NA,NA,NA,NA
"lang1320",2301,"lag","Africa","Atlantic-Congo",-4.71413,35.9517,"0"
"lang1322",133,"lno","Africa",NA,NA,NA,NA
"lang1324",2553,"laj","Africa","Nilotic",2.13867,33.0553,"0"
"lang1328",200,"lnm","Papunesia",NA,NA,NA,NA
"lano1248",667,"lnh","Eurasia",NA,NA,NA,NA
"laom1237",402,"lwm","Eurasia",NA,NA,NA,NA
"laon1234",34,"nlq","Eurasia",NA,NA,NA,NA
"laoo1244",15769,"lao","Eurasia","Tai-Kadai",19,102.46,"0"
"lapu1236",876,"laa","Papunesia",NA,NA,NA,NA
"lara1258",318,"lrg","Australia",NA,-12.4111,130.922,"?"
"lara1260",1583,"lrt","Papunesia","Austronesian",-8.4746,122.7619,"0"
"lard1243",9330,"lbz","Eurasia","Tangkic",-16.56152,139.4343,"0"
"lare1249",25,"lrv","Papunesia",NA,NA,NA,NA
"larg1235",3857,"hmd","Eurasia",NA,NA,NA,NA
"lari1253",1207,"lrl","Eurasia",NA,NA,NA,NA
"lari1255",1058,"alo","Papunesia",NA,NA,NA,NA
"laro1243",44,"lro","Africa",NA,NA,NA,NA
"lart1238",1428,"lar","Africa",NA,NA,NA,NA
"laru1238",10,"lan","Africa",NA,NA,NA,NA
"lasa1237",244,"llm","Papunesia",NA,NA,NA,NA
"lasg1238",427,"lsa","Eurasia",NA,NA,NA,NA
"lash1243",1016,"lsi","Eurasia","Sino-Tibetan",26.0992,98.5481,"0"
"lasi1242",248,"lss","Eurasia",NA,NA,NA,NA
"lati1261",13122,"lat","Eurasia","Indo-European",41.9026,12.4502,"0"
"latu1238",498,"ltn","South America",NA,NA,NA,NA
"latv1245",29,"lsl","Eurasia",NA,NA,NA,NA
"latv1249",16383,"lav","Eurasia","Indo-European",56.826108,24.309118,"0"
"laua1243",247,NA,"Papunesia",NA,NA,NA,NA
"laua1245",19,"luf","Papunesia",NA,NA,NA,NA
"lauj1238",782,"law","Papunesia",NA,NA,NA,NA
"laur1250",523,"lre","North America",NA,NA,NA,NA
"laut1236",322,"clt","Eurasia",NA,NA,NA,NA
"lauu1247",792,"llu","Papunesia","Austronesian",-8.51018,160.872,"1"
"lave1248",827,"lbo","Eurasia","Austroasiatic",15.2726,106.322,"0"
"lave1249",1593,"brb","Eurasia","Austroasiatic",14.5994,107.008,"0"
"lavu1241",1687,"lvk","Papunesia",NA,-9.05569,159.119,"1"
"lawa1257",1152,"lbx","Papunesia",NA,NA,NA,NA
"lawu1237",159,"tgi","Papunesia",NA,NA,NA,NA
"lawu1238",64,"lwu","Eurasia",NA,NA,NA,NA
"lazz1240",4676,"lzz","Eurasia","Kartvelian",41.5004,41.9096,"0"
"leal1235",1552,"cle","North America",NA,NA,NA,NA
"leco1242",1340,"lec","South America",NA,-15.0092,-67.8818,"0"
"ledo1238",2137,"lew",NA,NA,NA,NA,NA
"lefa1242",610,"lfa","Africa",NA,NA,NA,NA
"lega1249",1631,"lea","Africa","Atlantic-Congo",-3.83196,27.1424,"0"
"lega1250",3156,"lgm","Africa","Atlantic-Congo",-3.39007,28.2621,"0"
"legb1242",532,"agb","Africa",NA,NA,NA,NA
"leha1242",1089,"cae","Africa",NA,NA,NA,NA
"leha1243",496,"tql",NA,NA,NA,NA,NA
"lein1237",385,"lzn","Eurasia",NA,NA,NA,NA
"lele1264",960,"lef","Africa",NA,NA,NA,NA
"lele1265",1066,"lel","Africa",NA,NA,NA,NA
"lele1266",435,"llc","Africa",NA,NA,NA,NA
"lele1267",639,"lpa","Papunesia","Austronesian",-17.6042,168.202,"0"
"lele1270",2640,"lle",NA,"Austronesian",-2.04783,147.207,"0"
"lele1276",1420,"lln","Africa","Afro-Asiatic",9.158,15.81149,"1"
"lemb1266",378,"leq","Papunesia","Nuclear Trans New Guinea",-4.99504,143.891,"1"
"leme1238",40,NA,"Papunesia","Austronesian",-13.739697,167.420676,"1"
"lemn1237",31,"xle","Eurasia",NA,NA,NA,NA
"lemo1242",12,"ldj","Africa",NA,NA,NA,NA
"lemo1243",39,"ley","Papunesia",NA,NA,NA,NA
"lena1238",827,"tnl","Papunesia","Austronesian",-19.4763,169.261,"1"
"lenc1239",304,"len","North America",NA,NA,NA,NA
"lenc1243",198,NA,"North America",NA,NA,NA,NA
"lenc1244",122,NA,"North America",NA,NA,NA,NA
"lend1245",2909,"led","Africa","Central Sudanic",2.1898,30.6794,"0"
"leng1258",221,"lej","Africa",NA,NA,NA,NA
"leng1259",278,"lgr","Papunesia","Austronesian",-9.56425,160.42,"0"
"leng1260",88,"lgi","Papunesia",NA,NA,NA,NA
"leng1262",6544,NA,NA,NA,NA,NA,NA
"leni1238",553,"lnj",NA,NA,NA,NA,NA
"lenj1248",1318,"leh","Africa",NA,NA,NA,NA
"leny1238",54,"ldg","Africa",NA,NA,NA,NA
"lepc1244",4790,"lep","Eurasia","Sino-Tibetan",27.0869,88.5726,"1"
"lepk1238",94,"lpe","Papunesia",NA,NA,NA,NA
"lepo1240",217,"xlp","Eurasia",NA,NA,NA,NA
"lere1241",260,NA,"Africa",NA,NA,NA,NA
"lese1243",5214,"les","Africa","Central Sudanic",1.3,29.3,"1"
"leti1246",1319,"lti","Papunesia","Austronesian",-8.19808,127.674,"1"
"leva1238",58,NA,"Eurasia",NA,NA,NA,NA
"levu1239",1046,"lvu","Papunesia",NA,NA,NA,NA
"lewo1242",2013,"lww","Papunesia","Austronesian",-16.7612,168.334,"0"
"lewo1244",762,"lwt","Papunesia","Austronesian",-8.54573,122.747,"0"
"lezg1247",8100,"lez","Eurasia","Nakh-Daghestanian",41.5157,47.8951,"0"
"lhok1238",422,"lhp","Eurasia",NA,NA,NA,NA
"lhom1239",1281,"lhm","Eurasia",NA,NA,NA,NA
"lian1251",1200,"njn","Eurasia","Sino-Tibetan",25.16,93.542,"0"
"lian1252",364,"zln","Eurasia",NA,NA,NA,NA
"lian1255",49,"ste","Papunesia",NA,NA,NA,NA
"libe1240",476,"lir","Africa",NA,NA,NA,NA
"libe1247",4475,"xpe","Africa",NA,NA,NA,NA
"libi1244",457,"liz","Africa","Atlantic-Congo",1.97729,18.8886,"0"
"libi1250",297,"liq","Africa",NA,NA,NA,NA
"liby1240",7066,"ayl","Africa","Afro-Asiatic",22.0032,15.0014,"1"
"ligb1244",461,"lig","Africa",NA,NA,NA,NA
"lige1238",265,"lgz","Africa",NA,NA,NA,NA
"ligo1238",37,NA,"Africa",NA,NA,NA,NA
"ligu1248",9377,"lij","Eurasia",NA,NA,NA,NA
"lihi1237",615,"lih","Papunesia","Austronesian",-3.18895,152.606,"?"
"liji1238",548,"mgi","Africa","Atlantic-Congo",8.52193,8.35562,"0"
"lika1243",796,"lik","Africa","Atlantic-Congo",2.13777,27.6088,"?"
"liki1240",16,"lie","Africa","Atlantic-Congo",1.75106,19.0222,"0"
"liki1241",4,"lio","Papunesia",NA,NA,NA,NA
"liku1242",1119,"kxx","Africa",NA,NA,NA,NA
"liku1243",85,"lib","Papunesia",NA,NA,NA,NA
"likw1239",189,"kwc","Africa",NA,NA,NA,NA
"lill1248",2243,NA,"North America","Salishan",50.7272,-122.04,"1"
"lima1246",65,"bme","Africa",NA,NA,NA,NA
"limb1263",3915,"lim","Eurasia",NA,NA,NA,NA
"limb1266",4310,"lif","Eurasia","Sino-Tibetan",27.2703,87.8859,"1"
"limb1268",2626,"lmp","Africa",NA,NA,NA,NA
"limi1243",21,"ylm","Eurasia",NA,NA,NA,NA
"limo1248",3057,"kmk","Papunesia","Austronesian",17.6081,121.381,"1"
"limo1249",945,"qlm","North America","Indo-European",9.957414,-83.0905,"1"
"lind1248",580,"klw","Papunesia",NA,NA,NA,NA
"ling1242",1902,"pml","Africa",NA,NA,NA,NA
"ling1262",2799,"onb","Eurasia",NA,NA,NA,NA
"ling1263",22858,"lin","Africa","Atlantic-Congo",-4.409174,15.28532,"0"
"ling1265",1230,"lgk","Papunesia","Austronesian",-16.1986,167.499,"0"
"lioo1240",819,"ljl","Papunesia",NA,NA,NA,NA
"lipa1241",1381,"apl","North America",NA,NA,NA,NA
"lipo1242",308,"lpo","Eurasia","Sino-Tibetan",25.226,101.302,"0"
"lise1239",24,"lcl","Papunesia",NA,NA,NA,NA
"lish1245",664,"aij","Eurasia","Afro-Asiatic",36.213298,44.065281,"1"
"lish1246",1015,"trg","Eurasia",NA,NA,NA,NA
"lish1247",2649,"lsd","Eurasia",NA,NA,NA,NA
"lisu1250",7397,"lis","Eurasia",NA,NA,NA,NA
"lite1248",381,"lzh","Eurasia",NA,NA,NA,NA
"lith1236",153,"lls","Eurasia",NA,NA,NA,NA
"lith1251",10111,"lit","Eurasia","Indo-European",55.1429,23.9601,"0"
"litz1237",308,"lzl","Papunesia","Austronesian",-16.1331,167.415,"0"
"liuq1235",408,"zlq","Eurasia",NA,NA,NA,NA
"livv1243",1121,"olo","Eurasia","Uralic",61.6565,29.0726,"0"
"livv1244",5566,"liv","Eurasia","Uralic",57.566,22.0262,"0"
"loba1239",372,"loq","Africa","Atlantic-Congo",2.04881,18.3667,"?"
"lobi1245",2020,"lob","Africa",NA,NA,NA,NA
"lodh1246",26,"lbm","Eurasia",NA,NA,NA,NA
"logb1245",1035,"lgq","Africa",NA,NA,NA,NA
"logo1258",1546,"rag","Africa",NA,NA,NA,NA
"logo1259",2167,"log","Africa","Central Sudanic",3.32608,29.8866,"1"
"logo1261",73,"liu","Africa",NA,NA,NA,NA
"logo1262",199,"lof","Africa",NA,NA,NA,NA
"logu1236",4173,"src","Eurasia",NA,NA,NA,NA
"loja1235",2102,"qvj","South America",NA,NA,NA,NA
"loka1252",1261,"yaz","Africa","Atlantic-Congo",5.91483,8.0933,"0"
"loko1254",28,"lky","Africa",NA,NA,NA,NA
"loko1255",368,"lok","Africa",NA,NA,NA,NA
"lola1250",484,"llq","Papunesia",NA,NA,NA,NA
"lole1239",13,"llg","Papunesia",NA,NA,NA,NA
"lolo1259",612,"ycl","Eurasia","Sino-Tibetan",25.50051,101.30185,"0"
"lolo1264",313,"loa",NA,NA,NA,NA,NA
"loma1235",303,"rmi","Eurasia",NA,NA,NA,NA
"loma1258",14,"loi","Africa",NA,NA,NA,NA
"loma1260",2244,"lom","Africa","Mande",7.91585,-9.69906,"1"
"lomb1254",403,"lmi","Africa",NA,NA,NA,NA
"lomb1257",15490,"lmo","Eurasia","Indo-European",45.8817,9.39509,"1"
"lomb1260",167,"loo","Africa",NA,NA,NA,NA
"lomw1241",967,"ngl","Africa",NA,NA,NA,NA
"lonc1237",690,"lce","Papunesia",NA,NA,NA,NA
"long1387",102,"wok","Africa",NA,NA,NA,NA
"long1389",341,"lnu","Africa",NA,NA,NA,NA
"long1393",656,NA,"Africa",NA,NA,NA,NA
"long1395",942,"lgu","Papunesia","Austronesian",-9.75258,160.663,"1"
"long1406",33,"ttw","Papunesia",NA,NA,NA,NA
"loni1238",1318,"los","Papunesia","Austronesian",-2.06124,147.35,"1"
"lonw1238",812,NA,"Papunesia","Austronesian",-16.2286,168.016,"0"
"lonz1238",527,"lnz","Africa",NA,NA,NA,NA
"lopa1238",27,"lop","Africa",NA,NA,NA,NA
"lopi1242",1615,"lpx","Africa",NA,NA,NA,NA
"lore1243",724,"spq","South America",NA,NA,NA,NA
"lore1244",10,NA,"Papunesia",NA,NA,NA,NA
"lote1237",852,"uvl","Papunesia","Austronesian",-5.954,150.911,"0"
"loth1237",1822,"njh","Eurasia","Sino-Tibetan",26.01396,94.04355,"0"
"loto1240",24,"lht","Papunesia",NA,NA,NA,NA
"lotu1250",241,"dtr","Papunesia","Austronesian",6.13732,116.232,"1"
"loui1240",5218,"lou","North America",NA,NA,NA,NA
"loup1243",590,"xlo","North America","Algic",42.364,-72.731,"0"
"loup1245",35,"xlb","North America",NA,NA,NA,NA
"louu1245",1365,"loj",NA,"Austronesian",-2.38659,147.346,"0"
"lowa1242",3586,"loy","Eurasia",NA,NA,NA,NA
"lowe1385",4326,"dsb","Eurasia",NA,NA,NA,NA
"lowe1388",3270,"sli","Eurasia",NA,NA,NA,NA
"lowe1407",160,"nsb","Africa",NA,NA,NA,NA
"lowe1412",511,"kml","Papunesia","Austronesian",17.3441,121.311,"?"
"lowe1415",2700,"dni","Papunesia",NA,NA,NA,NA
"lowe1425",1222,"taa","North America",NA,NA,NA,NA
"lowe1427",226,"cea","North America","Salishan",46.7736,-124.004,"1"
"lowe1436",84,NA,"Australia",NA,NA,NA,NA
"lowl1260",3698,"clo","North America","Tequistlatecan",15.9497,-95.6876,"1"
"lowl1265",3134,"tac","North America","Uto-Aztecan",27.4623,-107.854,"1"
"loxi1235",560,"ztp","North America",NA,NA,NA,NA
"lozi1239",4503,"loz","Africa","Atlantic-Congo",-17.7052,24.7398,"0"
"luan1263",1347,"lex","Papunesia","Austronesian",-8.18378,127.944,"1"
"luba1249",13867,"lua","Africa",NA,NA,NA,NA
"luba1250",4832,"lub","Africa",NA,NA,NA,NA
"lubi1238",7,"kcc","Africa",NA,NA,NA,NA
"lubu1241",782,"lcf","Papunesia",NA,NA,NA,NA
"lubu1243",4158,"knb","Papunesia","Austronesian",17.3879,121.0365,"0"
"luch1239",916,"lch","Africa","Atlantic-Congo",-14.0648,22.2437,"0"
"lucu1238",1427,"luq","North America",NA,NA,NA,NA
"ludi1246",2081,"lud","Eurasia","Uralic",61.853,33.7346,"0"
"lufu1237",477,"ldq","Africa",NA,NA,NA,NA
"lugb1240",2482,"lgg","Africa","Central Sudanic",3.02245,30.8642,"0"
"lugu1238",1862,"ruf","Africa","Atlantic-Congo",-6.86828,37.5557,"1"
"luhu1243",264,"lcq","Papunesia",NA,NA,NA,NA
"luim1238",559,"lum","Africa",NA,NA,NA,NA
"luis1253",7044,"lui","North America","Uto-Aztecan",33.3184,-116.939,"0"
"lukp1238",288,"dop","Africa",NA,NA,NA,NA
"lule1238",1241,"ule","South America",NA,-25.221839,-61.887818,"0"
"lule1254",3682,"smj","Eurasia","Uralic",67.2759,17.8057,"0"
"lumb1237",424,"lmz","North America",NA,NA,NA,NA
"lumb1249",670,"lup","Africa","Atlantic-Congo",-3.37917,11.124,"?"
"lumm1243",201,NA,"North America",NA,NA,NA,NA
"lumu1239",895,"lmd","Africa","Narrow Talodi",10.8308,30.253,"0"
"luna1244",18789,"luj",NA,NA,NA,NA,NA
"lund1266",2199,"lun","Africa","Atlantic-Congo",-11.1793,23.8662,"?"
"lund1271",2494,"lnd","Papunesia","Austronesian",4.25064,115.5,"0"
"lund1276",78,"nzr","Africa",NA,NA,NA,NA
"luok1236",12335,"luo","Africa","Nilotic",-0.93296,34.4896,"0"
"luop1235",435,"hml","Eurasia",NA,NA,NA,NA
"luri1256",9,"ldd","Africa",NA,NA,NA,NA
"luse1252",432,"lse","Africa","Atlantic-Congo",0.16988,18.3991,"1"
"lush1249",12821,"lus",NA,"Sino-Tibetan",22.6138,92.6247,"1"
"lush1252",3819,"lut","North America","Salishan",48.42,-122.529,"1"
"lusi1235",887,"xls","Eurasia",NA,NA,NA,NA
"lusi1240",655,"khl","Papunesia","Austronesian",-5.55033,149.148,"0"
"luto1241",617,"ndy","Africa",NA,NA,NA,NA
"luun1238",32,NA,"Africa",NA,NA,NA,NA
"luuu1242",7452,"khb","Eurasia",NA,NA,NA,NA
"luva1239",2634,"lue","Africa","Atlantic-Congo",-13.5382,22.2924,"0"
"luwa1238",15,"luv","Eurasia",NA,NA,NA,NA
"luwo1239",2593,"lwo","Africa",NA,NA,NA,NA
"luxe1241",32252,"ltz","Eurasia",NA,NA,NA,NA
"luya1241",2363,"lyn","Africa","Atlantic-Congo",-15.01,22.67,"0"
"lwal1238",386,"lwa","Africa",NA,NA,NA,NA
"lwel1234",279,"lvl","Africa",NA,NA,NA,NA
"lyci1241",11893,"xlc",NA,NA,NA,NA,NA
"lydi1241",1062,"xld","Eurasia",NA,NA,NA,NA
"lyel1241",1626,"lee","Africa",NA,NA,NA,NA
"lyng1241",65,"lyg","Eurasia",NA,NA,NA,NA
"maaa1253",1212,"cma","Eurasia",NA,NA,NA,NA
"maak1236",306,"mew","Africa",NA,NA,NA,NA
"maan1238",1820,"mhy","Papunesia","Austronesian",-2.1239,115.092,"1"
"maas1239",5046,"ffm","Africa","Atlantic-Congo",11.1324,-3.64763,"1"
"maay1238",522,"ymm","Africa",NA,NA,NA,NA
"maba1270",752,"mmz","Africa","Atlantic-Congo",2.11942,20.8759,"0"
"maba1273",290,"mfz","Africa",NA,NA,NA,NA
"maba1277",3969,"mde","Africa","Maban",12.89147,20.8889,"1"
"maba1278",29,"mqa","Papunesia",NA,NA,NA,NA
"maba1279",21,"kkg","Papunesia",NA,NA,NA,NA
"mabi1242",12,"muj","Africa",NA,NA,NA,NA
"maca1259",4592,"mbn",NA,"Guahiboan",6.34582,-71.2671,"?"
"maca1260",1773,"mca","South America",NA,NA,NA,NA
"maca1261",33,"mcl","South America",NA,NA,NA,NA
"maca1262",919,"mzs","Eurasia",NA,NA,NA,NA
"mace1250",7166,"mkd","Eurasia","Indo-European",41.5957,21.7932,"1"
"mach1265",583,"mvw","Africa",NA,NA,NA,NA
"mach1266",1818,"jmc","Africa",NA,NA,NA,NA
"mach1267",8386,"mcb","South America","Arawakan",-12.1291,-72.5017,"0"
"mach1268",346,"mpd","South America",NA,NA,NA,NA
"maco1239",844,"wpc","South America","Saliban",4.5621,-66.5813,"0"
"macr1271",3,NA,NA,NA,NA,NA,NA
"macu1259",4334,"mbc","South America","Cariban",4.31861,-60.2209,"0"
"macu1260",2003,"myy","South America","Tucanoan",-0.14459,-70.0749,"1"
"mada1271",75,"mzc","Africa",NA,NA,NA,NA
"mada1282",386,"mda","Africa",NA,NA,NA,NA
"mada1285",686,"mmx","Papunesia","Austronesian",-3.34342,151.967,"?"
"mada1293",2002,"mxu","Africa",NA,NA,NA,NA
"made1252",29,"msj","Africa",NA,NA,NA,NA
"madi1260",1641,"mhi","Africa","Central Sudanic",3.62499,31.8471,"1"
"madi1261",10,"grg","Papunesia",NA,NA,NA,NA
"madn1237",284,"zml","Australia","Eastern Daly",-13.9479,130.6,"0"
"madu1247",21,NA,NA,NA,NA,NA,NA
"madu1248",1449,"kmd",NA,NA,NA,NA,NA
"maee1241",944,"mme","Papunesia","Austronesian",-15.9914,167.288,"1"
"maen1235",1302,"itt","Papunesia",NA,NA,NA,NA
"mafa1239",2535,"maf","Africa",NA,NA,NA,NA
"mafe1237",2372,"mkv","Papunesia","Austronesian",-15.4316,167.241,"1"
"maga1260",1474,"mag","Eurasia","Indo-European",25.0915,85.3335,"1"
"maga1263",1660,"sgb","Papunesia","Austronesian",15.1954,120.459,"?"
"maga1264",9,"mtw","Papunesia",NA,NA,NA,NA
"magd1235",1577,"xtm","North America","Otomanguean",17.2837,-97.5413,"1"
"magi1241",460,"blx","Papunesia",NA,NA,NA,NA
"magi1243",143,"gkd","Papunesia",NA,NA,NA,NA
"mago1248",27,"zgr","Papunesia",NA,NA,NA,NA
"magu1243",2109,"mdh","Papunesia","Austronesian",6.9453,124.509,"1"
"maha1287",1276,"bfz","Eurasia",NA,NA,NA,NA
"maha1291",7,"mjx","Eurasia",NA,NA,NA,NA
"maha1305",1441,"pmh","Eurasia",NA,NA,NA,NA
"mahe1238",437,"mja","Eurasia",NA,NA,NA,NA
"mahi1248",1404,"mjy","North America",NA,NA,NA,NA
"maho1248",721,"mhb","Africa",NA,NA,NA,NA
"maho1249",1668,"mxx","Africa",NA,NA,NA,NA
"maia1251",176,"mzz","Papunesia",NA,NA,NA,NA
"maia1253",189,"tnh","Papunesia","Nuclear Trans New Guinea",-4.55066,145.239,"1"
"maia1254",1056,"sks","Papunesia","Nuclear Trans New Guinea",-4.50212,145.096,"0"
"maib1239",3459,"ayz","Papunesia",NA,-1.3679,132.591,"0"
"maii1238",78,"mmm",NA,NA,NA,NA,NA
"mail1248",1515,"mgu","Papunesia","Mailuan",-10.3657,149.521,"1"
"main1267",8905,"vmf",NA,NA,NA,NA,NA
"main1272",35,"cwb",NA,NA,NA,NA,NA
"main1275",1992,"xkl","Papunesia",NA,NA,NA,NA
"mais1250",1244,"mbq","Papunesia","Austronesian",-9.22853,148.731,"0"
"mait1250",7002,"mai","Eurasia","Indo-European",26.3817,86.2211,"0"
"maiw1249",449,"mum","Papua",NA,NA,NA,NA
"maiw1251",85,"mti","Papunesia",NA,NA,NA,NA
"maja1242",3113,"mpe","Africa","Surmic",7.71,34.97,"0"
"majh1253",681,"mjz","Eurasia",NA,NA,NA,NA
"maka1304",1117,"mcp","Africa","Atlantic-Congo",4.15471,13.0789,"0"
"maka1305",282,"mfp","Papunesia",NA,NA,NA,NA
"maka1311",7400,"mak","Papunesia","Austronesian",-5.65551,119.838,"1"
"maka1315",16,"aup","Papunesia",NA,NA,NA,NA
"maka1316",2466,"mkz","Papunesia",NA,NA,NA,NA
"maka1318",415,"myh","North America",NA,NA,NA,NA
"makc1235",779,"mkg","Eurasia","Tai-Kadai",25.5946,107.726,"0"
"makh1260",195,"vmk","Africa",NA,NA,NA,NA
"makh1261",1053,"mgh","Africa",NA,NA,NA,NA
"makh1262",86,"xmc","Africa",NA,NA,NA,NA
"makh1264",14771,"vmw",NA,"Atlantic-Congo",-14.8509,38.8052,"0"
"makh1266",748,"xsq","Africa","Atlantic-Congo",-13.6443,39.5323,"0"
"makl1246",132,"mgf","Papunesia",NA,NA,NA,NA
"makn1235",38,"pbl","Africa",NA,NA,NA,NA
"mako1250",35,"zmh","Papunesia",NA,NA,NA,NA
"mako1251",5210,"kde","Africa","Atlantic-Congo",-10.9906,39.5133,"0"
"maku1246",849,"xak","South America",NA,NA,NA,NA
"maku1273",168,"jmn","Eurasia",NA,NA,NA,NA
"maku1277",190,"lva","Papunesia","Austronesian",-8.40372,127.239,"?"
"maku1278",591,"mpu","South America",NA,NA,NA,NA
"makw1236",1008,"ymk","Africa","Atlantic-Congo",-10.4673,40.0274,"0"
"maky1235",345,"umn","Eurasia",NA,NA,NA,NA
"mala1256",426,"lon","Africa",NA,NA,NA,NA
"mala1412",336,"xml","Eurasia",NA,NA,NA,NA
"mala1457",90,"ima","Eurasia",NA,NA,NA,NA
"mala1458",18,"ymr","Eurasia",NA,NA,NA,NA
"mala1463",1313,"mjr","Eurasia","Dravidian",8.85517,77.2038,"0"
"mala1464",17540,"mal","Eurasia","Dravidian",9.59208,76.7651,"0"
"mala1466",17,"mjq","Eurasia",NA,NA,NA,NA
"mala1468",813,"mjp","Eurasia",NA,NA,NA,NA
"mala1475",670,"swk","Africa",NA,NA,NA,NA
"mala1479",12066,"zlm","Eurasia","Austronesian",1.85856,103,"0"
"mala1480",715,"xdy","Papunesia",NA,NA,NA,NA
"mala1481",1321,"xmm","Papunesia","Austronesian",1.48099,124.843,"0"
"mala1482",223,"ccm","Eurasia",NA,NA,NA,NA
"mala1487",71,"mqz","Papunesia",NA,NA,NA,NA
"mala1489",156,"mmt","Papunesia",NA,NA,NA,NA
"mala1494",722,"ped","Papunesia",NA,NA,NA,NA
"mala1522",2931,"mbp",NA,"Chibchan",10.9286,-73.4056,"0"
"mala1533",1512,"mcm","Eurasia",NA,NA,NA,NA
"mala1537",276,NA,NA,NA,NA,NA,NA
"mala1544",48,NA,"Eurasia",NA,NA,NA,NA
"mala1545",16429,NA,"Papua",NA,NA,NA,NA
"mala1546",225,"mly","Papua",NA,NA,NA,NA
"mala1549",17,"lws","Africa",NA,NA,NA,NA
"malb1235",821,"bfo","Africa",NA,NA,NA,NA
"male1282",302,"pkt","Eurasia",NA,NA,NA,NA
"male1284",953,"mdy","Africa","Ta-Ne-Omotic",5.91975,36.9892,"1"
"male1289",52,"mgl","Papunesia","Austronesian",-5.61613,148.445,"0"
"male1292",4350,"pqm","North America",NA,NA,NA,NA
"male1297",1484,"gut","North America","Chibchan",10.7485,-84.7318,"1"
"malf1237",307,"mlx","Papunesia",NA,NA,NA,NA
"malg1242",115,"vml","Australia",NA,NA,NA,NA
"malg1250",111,"mxf","Africa",NA,NA,NA,NA
"mali1279",244,"mgq","Africa",NA,NA,NA,NA
"mali1280",1406,"mzd",NA,NA,NA,NA,NA
"mali1284",1239,"gcc","Papunesia","Baining",-4.71826,152.214,"1"
"mali1285",1992,"tcf","North America","Otomanguean",17.2122,-98.6322,"?"
"mall1246",132,"mlf","Eurasia",NA,NA,NA,NA
"malo1243",1049,"mla","Papunesia","Austronesian",-15.6835,167.16,"1"
"malo1245",32,"mbk","Papunesia",NA,NA,NA,NA
"malp1246",222,"mkb","Eurasia",NA,NA,NA,NA
"malt1238",872,"mdl","Eurasia",NA,NA,NA,NA
"malt1254",111785,"mlt",NA,"Afro-Asiatic",35.8884,14.4508,"1"
"malu1245",478,"mll","Papunesia","Austronesian",-15.9813,167.208,"0"
"malv1243",1474,"mup","Eurasia",NA,NA,NA,NA
"mama1271",1027,"myk","Africa",NA,NA,NA,NA
"mama1275",1396,"mmn","Papunesia","Austronesian",9.44744,125.548,"0"
"mama1276",181,"mqj","Papunesia",NA,NA,NA,NA
"mama1278",1599,"wmd","South America",NA,NA,NA,NA
"mamb1294",1056,"mcs","Africa","Atlantic-Congo",9.6121,14.0013,"0"
"mamb1296",2722,"mgr","Africa","Atlantic-Congo",-8.86817,31.2269,"0"
"mamb1305",202,"mvd","Papunesia",NA,NA,NA,NA
"mamb1306",682,"mgm","Papunesia","Austronesian",-9.19552,125.475,"1"
"mamm1241",10229,"mam","North America","Mayan",14.8034,-91.7231,"0"
"mamp1244",2426,"maw","Africa",NA,NA,NA,NA
"mamu1253",85,NA,"Australia",NA,NA,NA,NA
"mamu1255",137,"mqx","Papunesia",NA,NA,NA,NA
"mamv1243",2547,"mdi","Africa","Central Sudanic",2.68167,28.9862,"0"
"mana1248",52,"znk","Australia",NA,NA,NA,NA
"mana1288",2031,"nmm","Eurasia","Sino-Tibetan",28.6416,84.0515,"1"
"mana1295",2779,"mva","Papunesia","Austronesian",-4.07921,145.033,"0"
"mana1298",3901,"mle","Papunesia","Ndu",-4.19082,142.862,"0"
"manc1252",14555,"mnc","Eurasia",NA,NA,NA,NA
"mand1409",248,"mjl","Eurasia",NA,NA,NA,NA
"mand1413",400,"mha","Eurasia",NA,NA,NA,NA
"mand1415",734818,"cmn",NA,"Sino-Tibetan",40.0209,116.228,"0"
"mand1417",924,"zmk","Australia",NA,NA,NA,NA
"mand1419",1435,"mfv","Africa",NA,NA,NA,NA
"mand1423",424,"mgs","Africa","Atlantic-Congo",-10.3991,34.7424,"0"
"mand1425",1524,"mqu","Africa",NA,NA,NA,NA
"mand1436",9470,"mnk","Africa","Mande",12.8165233333,-15.6539466667,"1"
"mand1440",508,"tbf","Papunesia","Austronesian",-2.7828,151.956,"1"
"mand1442",1542,"mdr","Papunesia",NA,NA,NA,NA
"mand1444",462,"aax","Papunesia",NA,NA,NA,NA
"mand1446",2058,"mhq","North America",NA,NA,NA,NA
"mand1448",54,"mht","South America",NA,NA,NA,NA
"mand1469",2447,NA,"Africa",NA,NA,NA,NA
"mang1378",1148,"zng","Eurasia","Austroasiatic",21.4305,102.133,"1"
"mang1381",1719,"mpc","Australia","Mangarrayi-Maran",-14.8,133.5,"1"
"mang1383",928,"mem","Australia",NA,NA,NA,NA
"mang1394",4575,"mdj","Africa","Central Sudanic",2.5511,27.0712,"0"
"mang1396",645,"mdk",NA,NA,NA,NA,NA
"mang1398",520,"mge","Africa",NA,NA,NA,NA
"mang1399",1769,"kby",NA,NA,NA,NA,NA
"mang1401",1379,NA,"Papunesia","Austronesian",-23.1095,-134.97,"1"
"mang1403",928,"mbh","Papunesia","Austronesian",-5.89752,150.68,"0"
"mang1404",303,"mmo","Papunesia","Austronesian",-6.99891,146.685,"0"
"mang1405",3996,"mqy","Papunesia","Austronesian",-8.55748,120.329,"0"
"mang1416",25,"zns","Africa",NA,NA,NA,NA
"mani1235",633,"mnx","Papunesia","East Bird's Head",-1.49611,133.95,"?"
"mani1292",8900,"mni","Eurasia",NA,NA,NA,NA
"mani1294",630,"xkb",NA,NA,NA,NA,NA
"mank1251",974,"knf","Africa",NA,NA,NA,NA
"mank1256",561,"nlm","Eurasia",NA,NA,NA,NA
"manm1238",286,"mml","Eurasia","Austroasiatic",22.0743,100.842,"0"
"mann1245",8,"mju","Eurasia",NA,NA,NA,NA
"mann1246",231,"mjv","Eurasia",NA,NA,NA,NA
"mann1248",2753,"mev","Africa","Mande",7.04616,-8.86405,"0"
"mano1275",111,"woo","Papunesia",NA,NA,NA,NA
"mans1258",8363,"mns","Eurasia",NA,NA,NA,NA
"mans1259",75,"msw","Africa",NA,NA,NA,NA
"mans1262",1670,"msk","Papunesia","Austronesian",6.79221,126.181,"1"
"mant1265",479,"nty","Eurasia",NA,NA,NA,NA
"mant1267",94,"myg","South America",NA,NA,NA,NA
"manu1255",208,"kxf","Eurasia",NA,NA,NA,NA
"manu1258",472,"wha","Papunesia","Austronesian",-3.1109,129.429,"?"
"manx1243",7100,"glv","Eurasia",NA,NA,NA,NA
"many1258",445,"mxc","Africa",NA,NA,NA,NA
"many1261",793,"mzj",NA,NA,NA,NA,NA
"manz1243",1791,"mzv","Africa",NA,NA,NA,NA
"maon1238",675,"nbi","Eurasia",NA,NA,NA,NA
"maon1241",1312,"mmd","Eurasia","Tai-Kadai",25.0169,108.024,"?"
"maor1244",8074,"swb","Africa",NA,NA,NA,NA
"maor1246",109888,"mri",NA,"Austronesian",-38.2881,176.541,"1"
"mape1249",90,"mlh","Papunesia",NA,NA,NA,NA
"mapi1250",540,"mpy","Papunesia",NA,NA,NA,NA
"mapi1252",1023,"mpw","South America",NA,NA,NA,NA
"mapo1242",7195,"bzh","Papunesia","Austronesian",-6.86672,146.774,"0"
"mapo1246",5123,"mcg","South America",NA,NA,NA,NA
"mapu1244",1407,"sjm","Papunesia",NA,NA,NA,NA
"mapu1245",32946,"arn",NA,"Araucanian",-38.7392,-71.277,"1"
"maqu1238",3295,"mch","South America","Cariban",4.70705,-64.3877,NA
"mara1373",40,"vmh","Eurasia",NA,NA,NA,NA
"mara1378",11766,"mar","Eurasia","Indo-European",17.9344,76.6665,"0"
"mara1379",403,"nma","Eurasia","Sino-Tibetan",25.4378,94.2205,"0"
"mara1382",2229,"mrh","Eurasia","Sino-Tibetan",22.1138,93.0387,"0"
"mara1385",1608,"mec","Australia","Mangarrayi-Maran",-14.7927,134.865,"0"
"mara1386",141,"zmr","Australia","Western Daly",-13.6754,130.12,"0"
"mara1393",110,"lri","Africa",NA,NA,NA,NA
"mara1396",281,"mgb","Africa","Tamaic",14.087,21.6408,"0"
"mara1399",198,"mrs","Papunesia","Austronesian",-16.0695,167.33,"1"
"mara1404",2688,"mrw","Papunesia","Austronesian",7.79414,124.175,"0"
"mara1407",2496,"myd","Africa, Papunesia",NA,NA,NA,NA
"marb1239",289,"mpg","Africa",NA,NA,NA,NA
"mard1245",1028,"dsz",NA,NA,NA,NA,NA
"mare1260",110,"vmr","Africa",NA,NA,NA,NA
"mare1261",88,"mrx","Papunesia",NA,NA,NA,NA
"marf1238",426,"mvu","Africa",NA,NA,NA,NA
"marg1251",280513,"mhg",NA,NA,NA,NA,NA
"marg1253",175,"zmc","Australia","Pama-Nyungan",-26.789,144.892,"0"
"marg1254",378,"qvm","South America",NA,NA,NA,NA
"marg1265",1560,"mrt","Africa","Afro-Asiatic",10.93854,13.0521,"1"
"marg1266",15,"mfm","Africa",NA,NA,NA,NA
"mari1381",473,"nsr","North America",NA,NA,NA,NA
"mari1414",1250,"mrr","Eurasia","Dravidian",19.7875,79.9144,"?"
"mari1416",1334,"nng","Eurasia","Sino-Tibetan",24.2854,94.0723,"0"
"mari1417",37,"zmm","Australia",NA,NA,NA,NA
"mari1419",966,"zmt","Australia",NA,NA,NA,NA
"mari1422",32,"zmd",NA,NA,NA,NA,NA
"mari1424",625,"mfr","Australia","Western Daly",-13.8818,130.237,"0"
"mari1426",463,"mrb","Papunesia","Austronesian",-14.970047,168.057941,"1"
"mari1428",536,"dad","Papunesia","Austronesian",-5.349,145.59,"0"
"mari1429",441,"hob","Papunesia",NA,NA,NA,NA
"mari1435",1457,"mbw","Papunesia",NA,NA,NA,NA
"mari1438",125,"mds","Papunesia",NA,NA,NA,NA
"mari1440",1214,"mrc","North America","Cochimi-Yuman",33.5123,-111.749,"0"
"mari1442",401,"msp","South America",NA,NA,NA,NA
"mark1255",1333,"enb","Africa",NA,NA,NA,NA
"mark1256",2925,"rkm","Africa",NA,NA,NA,NA
"marm1234",1840,"rmz","Eurasia",NA,NA,NA,NA
"maro1244",120,"mvo","Papunesia","Austronesian",-8.37943,157.747,"1"
"mars1254",3587,"mah","Papunesia","Austronesian",8.72,167.73,"1"
"mart1251",206,"mre","North America",NA,NA,NA,NA
"mart1254",491,"zmg","Australia",NA,NA,NA,NA
"mart1255",1694,"vma","Australia","Pama-Nyungan",-20.9294,116.607,"1"
"mart1256",3940,"mpj","Australia",NA,NA,NA,NA
"maru1249",936,"mhx","Eurasia","Sino-Tibetan",24.942535,99.8338,"0"
"maru1252",2687,"mzr","South America","Pano-Tacanan",-6.60703,-72.4027,"0"
"marw1256",187,"mve","Eurasia",NA,NA,NA,NA
"marw1260",1302,"rwr","Eurasia",NA,NA,NA,NA
"masa1299",1558,"myx","Africa",NA,NA,NA,NA
"masa1300",13592,"mas","Africa","Nilotic",-3.1419,36.4573,NA
"masa1322",2517,"mcn","Africa","Afro-Asiatic",10.0606,15.4748,"1"
"masb1238",1069,"msb","Papunesia","Austronesian",12.21453,123.63579,"1"
"mash1267",36,"mho","Africa",NA,NA,NA,NA
"mash1270",165,"cuj","South America",NA,NA,NA,NA
"masi1265",61,"ism","Papunesia",NA,NA,NA,NA
"masi1266",141,"bnf","Papunesia",NA,NA,NA,NA
"masi1268",2998,"msh","Africa",NA,NA,NA,NA
"mask1242",394,"klv","Papunesia","Austronesian",-16.5073,167.818,"1"
"masl1241",30,"msv","Africa",NA,NA,NA,NA
"masm1239",270,"mes","Africa",NA,NA,NA,NA
"mass1262",630,NA,"Africa",NA,NA,NA,NA
"mass1263",10,"mvs","Papunesia",NA,NA,NA,NA
"mata1288",121,"mtn","North America",NA,NA,NA,NA
"mata1306",378,"mfh","Africa",NA,NA,NA,NA
"matb1237",256,"xmt","Papunesia","Austronesian",-1.8801,130.075,"0"
"mate1258",1372,"mgv","Africa",NA,NA,NA,NA
"mati1250",2172,"mbt","Papunesia","Austronesian",7.72124,125.16,"0"
"mati1253",84,"mzo","South America",NA,NA,NA,NA
"mati1255",3886,"mpq","South America",NA,NA,NA,NA
"mato1250",598,"mtm","Eurasia",NA,NA,NA,NA
"mato1252",242,"met","Papunesia","Austronesian",-5.91639,146.859,"1"
"mato1253",1266,"axg","South America",NA,NA,NA,NA
"mats1244",4492,"mcf","South America","Pano-Tacanan",-5.73914,-72.6281,"0"
"matt1238",795,"mvb","North America",NA,NA,NA,NA
"matu1259",1451,"mgw","Africa","Atlantic-Congo",-8.53734,39.0409,"1"
"matu1261",142,"mjk","Papunesia","Austronesian",-4.9078,145.779,"0"
"maty1235",821,"stj","Africa",NA,NA,NA,NA
"maun1240",2570,"mph","Australia","Iwaidjan Proper",-11.66,133.376,"0"
"maun1243",568,"cty","Eurasia",NA,NA,NA,NA
"maur1240",465,"lsy","Africa",NA,NA,NA,NA
"mauw1238",1645,"mhl","Papunesia","Nuclear Trans New Guinea",-4.52416,145.394,"0"
"mawa1270",134,"mcw","Africa",NA,NA,NA,NA
"maxa1247",2836,"mbl","South America","Nuclear-Macro-Je",-16.9402,-40.7891,"0"
"maxi1236",580,"mxl","Africa",NA,NA,NA,NA
"maya1280",12,"xmy","Australia",NA,NA,NA,NA
"maya1281",75,"sym","Africa",NA,NA,NA,NA
"maya1282",1607,"slz","Papunesia",NA,NA,NA,NA
"maya1285",2326,"yan","North America, South America","Misumalpan",14.1259,-84.3439,"1"
"maya1287",1237,NA,"North America",NA,NA,NA,NA
"mayk1239",1026,"mnt","Australia","Pama-Nyungan",-20.4352,140.481,"0"
"mayo1261",614,"mdm","Africa","Atlantic-Congo",2.79827,27.8282,"0"
"mayo1262",324,"ifu","Papunesia",NA,NA,NA,NA
"mayo1264",2579,"mfy","North America","Uto-Aztecan",26.4522,-108.981,"?"
"maza1291",2608,"mzn","Eurasia",NA,NA,NA,NA
"maza1292",31,"mzl","North America",NA,NA,NA,NA
"maza1293",6,NA,"North America",NA,NA,NA,NA
"maza1294",410,"zpy","North America",NA,NA,NA,NA
"maza1296",959,"vmz","North America",NA,NA,NA,NA
"maza1304",404,"dkx","Africa","Afro-Asiatic",10.175,13.6873,"0"
"mbaa1245",582,"mfc","Africa","Atlantic-Congo",1.06885,25.143,"0"
"mbab1239",596,"vmb","Australia",NA,NA,NA,NA
"mbal1255",534,"lnb","Africa","Atlantic-Congo",-17.578884,16.027517,"1"
"mbal1257",1939,"mdp","Africa",NA,NA,NA,NA
"mban1263",626,"zmz","Africa","Atlantic-Congo",3.98003,19.4455,"0"
"mban1264",228,"mxg","Africa",NA,NA,NA,NA
"mban1268",30,"zmn","Africa",NA,NA,NA,NA
"mbar1253",397,"zmv","Australia",NA,NA,NA,NA
"mbar1254",55,"mvl","Australia",NA,NA,NA,NA
"mbar1260",328,"mpk","Africa","Afro-Asiatic",10.91,15.54,"1"
"mbat1247",772,"gwa","Africa",NA,NA,NA,NA
"mbat1248",265,"mdn","Africa",NA,NA,NA,NA
"mbay1241",1577,"myb","Africa","Central Sudanic",8.23066,15.7328,"1"
"mbed1242",530,"xmd","Africa",NA,NA,NA,NA
"mbee1249",312,"mfo","Africa",NA,NA,NA,NA
"mbee1250",1179,"mtk","Africa",NA,NA,NA,NA
"mbel1240",530,"mql","Africa",NA,NA,NA,NA
"mber1257",1990,"mdt","Africa",NA,NA,NA,NA
"mbes1238",67,"zms","Africa",NA,NA,NA,NA
"mboc1235",516,"mbo","Africa","Atlantic-Congo",5.13981,9.92766,"0"
"mbod1238",287,"zmw","Africa",NA,NA,NA,NA
"mboi1246",12,"moi",NA,NA,NA,NA,NA
"mbok1243",157,"mdu","Africa",NA,NA,NA,NA
"mbol1247",126,"mdq","Africa","Atlantic-Congo",-0.57181,24.0443,"?"
"mbon1252",19,"xmb","Africa",NA,NA,NA,NA
"mbon1253",582,"bgu","Africa",NA,NA,NA,NA
"mbos1242",3871,"mdw","Africa",NA,NA,NA,NA
"mbow1246",2,NA,"Africa",NA,NA,NA,NA
"mbre1244",889,"mka","Africa",NA,NA,NA,NA
"mbug1240",1287,"mhd","Africa",NA,NA,NA,NA
"mbug1242",437,"mgz","Africa","Atlantic-Congo",-3.75763,35.8133,"0"
"mbuk1240",3400,"mhw","Africa",NA,NA,NA,NA
"mbuk1243",404,"mqb","Africa",NA,NA,NA,NA
"mbuk1244",606,"bpc","Africa",NA,NA,NA,NA
"mbul1258",443,"mbv","Africa",NA,NA,NA,NA
"mbul1260",20,"mbu","Africa",NA,NA,NA,NA
"mbul1262",19,"mlb","Africa",NA,NA,NA,NA
"mbul1263",2431,"mna","Papunesia","Austronesian",-5.66965,148.041,"1"
"mbum1254",2430,"mdd","Africa",NA,NA,NA,NA
"mbun1248",50,"mgy","Africa",NA,NA,NA,NA
"mbun1249",798,"mck","Africa",NA,NA,NA,NA
"mbwe1238",120,"mfu","Africa",NA,NA,NA,NA
"mbya1239",6025,NA,"South America","Tupian",-26.0188,-52.711,"0"
"meck1239",4,NA,"Eurasia",NA,NA,NA,NA
"mede1238",44,"dmf","Africa",NA,NA,NA,NA
"medi1245",5030,"mue","South America",NA,NA,NA,NA
"medn1235",163,"mud","Eurasia",NA,NA,NA,NA
"medu1238",1811,"byv","Africa",NA,NA,NA,NA
"meen1242",1517,"mym","Africa","Surmic",6.63207,35.6255,"0"
"mefe1242",41,"mfj","Africa",NA,NA,NA,NA
"mega1243",212,"mef","Eurasia",NA,NA,NA,NA
"megl1237",2448,"ruq","Eurasia",NA,NA,NA,NA
"mehe1243",655,"nux","Papunesia","Sepik",-3.70927,142.498,"1"
"mehi1240",3459,"mmh","South America","Arawakan",-12.5364,-53.521,"?"
"mehr1241",4612,"gdq","Eurasia",NA,NA,NA,NA
"meke1243",1537,"mek","Papunesia","Austronesian",-8.23853,146.586,"0"
"mekw1241",487,"msf","Papunesia",NA,NA,NA,NA
"mele1250",641,"mxe","Papunesia","Austronesian",-17.6841,168.275,"1"
"melk1242",48,"hkn","Eurasia",NA,NA,NA,NA
"melo1242",214,"mfx","Africa","Ta-Ne-Omotic",6.53916,36.811,"1"
"melp1238",3187,"med","Papunesia","Nuclear Trans New Guinea",-5.62644,144.34,"?"
"memo1238",274,"mby","Eurasia",NA,NA,NA,NA
"mend1261",1850,"mfd","Africa",NA,NA,NA,NA
"mend1266",4581,"men","Africa","Mande",7.90935,-10.9926,"1"
"mend1268",1034,"sim","Papunesia","Sepik",-3.67233,142.683,"0"
"meng1264",393,"xmg","Africa",NA,NA,NA,NA
"meng1267",2251,"mee","Papunesia","Austronesian",-5.47036,151.373,"0"
"menk1238",43,"mea","Africa",NA,NA,NA,NA
"meno1252",5673,"mez","North America",NA,NA,NA,NA
"ment1249",3064,"mwv",NA,NA,NA,NA,NA
"meny1245",1050,"mcr","Papunesia","Angan",-7.17425,146.071,"1"
"mera1242",612,"mxm","Papunesia","Austronesian",-4.97468,151.528,"0"
"mere1242",74,"lmb","Papunesia","Austronesian",-15.2839,166.905,"1"
"mere1246",105,"meq","Africa",NA,NA,NA,NA
"meri1244",3814,"ulk","Papunesia","Eastern Trans-Fly",-9.59575,143.773,"1"
"merl1237",11,"mrm","Papunesia",NA,NA,NA,NA
"mero1237",6395,"xmr","Africa",NA,NA,NA,NA
"meru1245",2547,"mer","Africa","Atlantic-Congo",0.26484,37.7396,"0"
"merw1238",58,"wry","Eurasia",NA,NA,NA,NA
"mesa1245",293,"iyo","Africa",NA,NA,NA,NA
"mesc1238",1017,"apm","North America","Athabaskan-Eyak-Tlingit",33.1291,-105.566,"0"
"mese1244",53,"mci","Papunesia",NA,NA,NA,NA
"mesk1242",3149,"sac","North America",NA,NA,NA,NA
"mesm1239",607,"zim","Africa",NA,NA,NA,NA
"mesm1243",146,"mys","Africa",NA,NA,NA,NA
"meso1252",4607,"acm","Eurasia",NA,NA,NA,NA
"mesq1240",777,"mvz","Africa",NA,NA,NA,NA
"mess1244",1598,"cms","Eurasia",NA,NA,NA,NA
"meta1238",1849,"mgo","Africa","Atlantic-Congo",5.88942,9.87416,"1"
"metl1238",681,"mxv",NA,NA,NA,NA,NA
"mewa1249",311,"mtr","Eurasia",NA,NA,NA,NA
"mewa1250",1082,"wtm","Eurasia",NA,NA,NA,NA
"mexi1237",2437,"mfs","North America",NA,NA,NA,NA
"meya1236",3006,"mej","Papunesia","East Bird's Head",-1.18016,133.618,"0"
"mezo1235",900,"pbe","North America","Otomanguean",18.1442,-97.5879,"1"
"mezq1235",6012,NA,"North America","Otomanguean",20.2274,-99.5564,"1"
"mfin1238",163,"zmf","Africa",NA,NA,NA,NA
"mfum1238",85,"nfu",NA,NA,NA,NA,NA
"miah1235",76,"zam","North America",NA,NA,NA,NA
"miam1252",3692,"mia",NA,"Algic",40,-90,"0"
"mian1254",301,"pla","Papunesia",NA,NA,NA,NA
"mian1256",6609,"mpt","Papunesia","Nuclear Trans New Guinea",-4.70881,141.523,"1"
"mich1243",2951,"crg","North America",NA,NA,NA,NA
"mich1245",988,"ncl","North America","Uto-Aztecan",18.3412,-103.361,"0"
"mich1246",613,"mmc","North America",NA,NA,NA,NA
"midd1317",5473,"enm","Eurasia",NA,NA,NA,NA
"midd1318",611,"gml","Eurasia",NA,NA,NA,NA
"midd1321",2277,"dum","Eurasia",NA,NA,NA,NA
"midd1327",290,"mpl","Papunesia","Austronesian",-6.88249,146.399126,"0"
"midd1343",5808,"gmh","Eurasia",NA,NA,NA,NA
"midd1344",1142,"ltc","Eurasia",NA,NA,NA,NA
"midd1351",3823,"xng","Eurasia",NA,NA,NA,NA
"midd1357",2624,"bdy","Australia","Pama-Nyungan",-29.042737,152.780249,"0"
"midg1235",350,"dnt","Papunesia",NA,NA,NA,NA
"mido1240",1068,"mei","Africa","Nubian",14.789,27.2236,NA
"mids1243",327,"bjo","Africa","Atlantic-Congo",5.87893,22.4666,"1"
"miga1241",578,"mpp","Papunesia",NA,NA,NA,NA
"miga1249",1122,"mmy","Africa","Afro-Asiatic",12.2367,18.9614,"?"
"miju1243",3673,"mxj","Eurasia","Sino-Tibetan",28.4732,97.0444,"0"
"mika1239",967,"mik","North America","Muskogean",26.08142,-80.90847,"0"
"mikm1235",6400,"mic","North America","Algic",45.9941,-65.5766,"0"
"mila1245",44,NA,"Eurasia","Sino-Tibetan",28.5539908,95.186127,"1"
"milt1241",12,"mlj","Africa",NA,NA,NA,NA
"milu1241",528,"iml",NA,NA,NA,NA,NA
"mily1238",34,"imy","Eurasia",NA,NA,NA,NA
"mina1268",9977,"min","Papunesia","Austronesian",-0.896,100.44,"0"
"mina1269",688,"mvn","Papunesia",NA,NA,NA,NA
"mina1274",21,"mcv",NA,NA,NA,NA,NA
"mina1276",509,"hna","Africa","Afro-Asiatic",10.38053,13.84054,"0"
"mina1279",1464,"inm",NA,NA,NA,NA,NA
"minb1244",3637,"mnp","Eurasia",NA,NA,NA,NA
"mind1253",9045,"cdo","Eurasia",NA,NA,NA,NA
"mind1263",91,"drc","Eurasia",NA,NA,NA,NA
"ming1252",1786,"xmf","Eurasia",NA,NA,NA,NA
"ming1254",30,"mko","Africa",NA,NA,NA,NA
"mini1251",395,"vmg","Papunesia","Austronesian",-4.31803,152.005,"0"
"mini1253",23,"wii","Papunesia",NA,NA,NA,NA
"mini1256",2507,"hto","South America","Huitotoan",-1.54535,-73.1107,"0"
"mink1237",72,"xxm",NA,NA,NA,NA,NA
"minn1241",19149,"nan","Eurasia",NA,NA,NA,NA
"mino1236",1201,"omn","Eurasia",NA,NA,NA,NA
"minr1238",263,"mnq","Eurasia",NA,NA,NA,NA
"minz1235",952,"czo","Eurasia",NA,NA,NA,NA
"miqi1235",51,NA,"Eurasia",NA,NA,NA,NA
"mira1251",1463,"mwl","Eurasia",NA,NA,NA,NA
"miri1266",900,"mep","Australia","Jarrakan",-16.3596,128.889,"0"
"miri1270",19,"mmv","South America",NA,NA,NA,NA
"miri1273",144,"rsm","Australia",NA,NA,NA,NA
"mish1244",266,"mjs","Africa",NA,NA,NA,NA
"misi1242",2789,"mrg","Eurasia",NA,NA,NA,NA
"misi1243",3498,"mpx","Papunesia","Austronesian",-10.6821,152.696,"0"
"misk1235",5262,"miq","North America","Misumalpan",15.1576,-84.2942,"1"
"mitl1236",1781,"zaw","North America",NA,NA,NA,NA
"mitu1240",154,"zmq","Africa",NA,NA,NA,NA
"miwa1242",283,"vmi","Australia","Worrorran",-14.3484,126.921,"0"
"mixi1241",182,"mfg","Africa",NA,NA,NA,NA
"mixt1425",373,"mix","North America",NA,NA,NA,NA
"mixt1426",1899,"zpm","North America","Otomanguean",16.1724,-96.2372,"0"
"miya1259",2640,"mvi","Eurasia",NA,NA,NA,NA
"miya1266",440,"mkf","Africa","Afro-Asiatic",10.9234,9.71505,"0"
"miya1268",26,"ehs","Eurasia",NA,NA,NA,NA
"miyo1238",665,"soy","Africa",NA,NA,NA,NA
"mlab1235",4547,"mra","Eurasia","Austroasiatic",18.5533,101.163,"1"
"mlah1239",223,"lhs","Eurasia","Afro-Asiatic",37.0311,41.2209,"1"
"mlap1238",6,"kja","Papunesia",NA,NA,NA,NA
"mlom1238",40,"mlo",NA,NA,NA,NA,NA
"mmaa1238",629,"mmu","Africa",NA,NA,NA,NA
"mmen1238",715,"bfm","Africa","Atlantic-Congo",6.43213,10.2541,NA
"moba1244",4577,"mfq","Africa","Atlantic-Congo",10.9496,0.159565,"0"
"mobi1236",1164,"mod","North America",NA,NA,NA,NA
"mobu1235",794,"ahm","Africa",NA,NA,NA,NA
"mobw1234",642,"jkm","Eurasia",NA,NA,NA,NA
"moch1255",4160,"mhn",NA,NA,NA,NA,NA
"moch1256",3843,NA,"Africa",NA,NA,NA,NA
"moch1257",697,"mhc","North America","Mayan",15.4538,-92.1734,"1"
"moch1259",2589,"omc","South America",NA,-8.01667,-79,"0"
"moco1246",2411,"moc","South America","Guaicuruan",-28.097,-60.4145,"0"
"moda1242",11,NA,"Africa",NA,NA,NA,NA
"moda1244",433,"mxd","Papunesia",NA,NA,NA,NA
"mode1248",50857,"ell",NA,"Indo-European",38.36,23.13,"1"
"modo1249",115,"mqo","Papunesia",NA,NA,NA,NA
"mofu1248",3980,"mif","Africa",NA,NA,NA,NA
"mogh1245",1230,"mhj","Eurasia",NA,NA,NA,NA
"mogu1251",190,"mou","Africa",NA,NA,NA,NA
"moha1256",1595,"mov","North America",NA,NA,NA,NA
"moha1258",4027,"moh","North America","Iroquoian",43.72,-74.66836,"0"
"mohe1244",5466,"mof","North America",NA,NA,NA,NA
"moic1236",498,"mow","Africa",NA,NA,NA,NA
"moii1235",571,"mxn","Papunesia","West Bird's Head",-0.96532,131.52,"0"
"moik1239",1,"mkp","Papunesia",NA,NA,NA,NA
"moin1241",927,"mwz","Africa",NA,NA,NA,NA
"moke1242",2519,"mwt","Eurasia","Austronesian",10.1474,98.6765,"0"
"moki1238",1193,NA,"Papunesia","Austronesian",6.65651,159.776,"1"
"mokk1243",157,"mqt","Eurasia",NA,NA,NA,NA
"mokl1243",468,"mkm","Eurasia","Austronesian",8.16761,98.3176,"0"
"moko1243",209,"mkl","Africa",NA,NA,NA,NA
"mokp1239",3163,"bri","Africa, Eurasia","Atlantic-Congo",4.24178,9.23887,"?"
"moks1248",6346,"mdf","Eurasia","Uralic",54.1855,42.6728,"1"
"mola1238",831,"mbe","North America",NA,44.556,-122.857,"0"
"molb1237",82,"pwm","Papunesia",NA,NA,NA,NA
"mold1248",175,NA,"Eurasia",NA,NA,NA,NA
"mole1238",63,"bxc","Africa",NA,NA,NA,NA
"moli1248",403,"mox","Papunesia",NA,NA,NA,NA
"molm1235",232,"aun","Papunesia",NA,NA,NA,NA
"molo1257",35,"zmo","Africa",NA,NA,NA,NA
"molo1262",40,"msl","Papunesia",NA,NA,NA,NA
"molo1266",795,"mlw","Africa","Afro-Asiatic",10.7933,14.2521,"0"
"moma1242",471,"myl","Papunesia",NA,NA,NA,NA
"momb1254",346,"dmb","Africa",NA,NA,NA,NA
"momj1237",104,"ver","Africa",NA,NA,NA,NA
"momu1241",57,"mqf","Papunesia",NA,NA,NA,NA
"mona1241",220,"mzg","Eurasia",NA,NA,NA,NA
"mond1265",15,"npn","Papunesia",NA,NA,NA,NA
"mong1264",185,"msr","Eurasia",NA,NA,NA,NA
"mong1329",44,NA,"Eurasia",NA,NA,NA,NA
"mong1330",4118,"bxm","Eurasia",NA,NA,NA,NA
"mong1338",24774,"lol","Africa","Atlantic-Congo",-1.54228,20.4259,"0"
"mong1342",1825,"mog","Papunesia",NA,NA,NA,NA
"mong1344",53,"mgt","Papunesia",NA,NA,NA,NA
"moni1237",531,NA,"North America","Otomanguean",13.5343,-85.1746,"?"
"moni1261",821,"mnz","Papunesia",NA,NA,NA,NA
"monn1252",8765,"mnw","Eurasia","Austroasiatic",15.49394,98.122465,"1"
"mono1268",12,"moo","Eurasia",NA,NA,NA,NA
"mono1269",25,"mru","Africa",NA,NA,NA,NA
"mono1270",3838,"mnh","Africa","Atlantic-Congo",4.57915,19.8264,"1"
"mono1273",1948,"mte","Papunesia","Austronesian",-7.05102,155.76,"?"
"mono1275",2250,"mnr","North America","Uto-Aztecan",37.1935,-119.347,"?"
"mons1234",131,"nmh","Eurasia",NA,NA,NA,NA
"mont1268",2612,"moe","North America","Algic",49.0533,-68.7376,"?"
"monz1249",4281,"moj","Africa","Atlantic-Congo",3.19008,18.5129,"1"
"moos1236",838,"crm","North America",NA,NA,NA,NA
"mopa1243",3875,"mop","North America","Mayan",16.3533,-89.0673,"1"
"mora1273",2,"mze","Papunesia",NA,NA,NA,NA
"morb1239",272,"moq","Papunesia",NA,NA,NA,NA
"more1259",1673,"nhm","North America","Uto-Aztecan",18.9161,-99.1322,"?"
"mori1267",70,NA,"Papunesia",NA,NA,NA,NA
"mori1268",1858,"xmz","Papunesia","Austronesian",-2.56016,121.37,"0"
"mori1271",45,"mdb",NA,NA,NA,NA,NA
"mori1278",10295,"mfe","Africa",NA,NA,NA,NA
"morm1235",507,"mhz","Papunesia","Austronesian",-2.87055,135.95,"0"
"moro1242",116,"xms","Africa",NA,NA,NA,NA
"moro1281",38,"bdo","Africa",NA,NA,NA,NA
"moro1284",18,"mgc","Africa",NA,NA,NA,NA
"moro1285",1128,"mor","Africa","Heibanic",10.9194,30.2138,NA
"moro1286",142,NA,"Papunesia",NA,NA,NA,NA
"moro1287",1346,"mqn","Papunesia","Austronesian",-4.62361,121.824,"?"
"moro1289",873,"mok",NA,NA,-8.5692,140.688,"1"
"moro1292",18022,"ary","Africa",NA,NA,NA,NA
"mort1237",705,"mrl","Papunesia","Austronesian",5.50735,153.710778,"0"
"moru1253",1658,"mgd","Africa",NA,NA,NA,NA
"mose1249",4030,"cas","South America",NA,-14.64448,-67.83756,"0"
"mosi1247",1235,"mwy","Africa","Nilotic",-5.43471,37.1869,"0"
"mosk1236",1067,"mtj","Papunesia",NA,NA,NA,NA
"moss1236",16055,"mos","Africa",NA,NA,NA,NA
"mota1237",1126,NA,"Papunesia","Austronesian",-13.835361,167.690924,"1"
"motl1237",3536,"mlv","Papunesia","Austronesian",-13.655015,167.706277,"0"
"motu1246",1135,"meu","Papunesia","Austronesian",-9.67492,147.424,"0"
"moun1252",433,"kpx","Papunesia","Koiarian",-9.06973,147.384,"0"
"mouw1234",279,"jmw","Papunesia",NA,NA,NA,NA
"movi1243",1446,"mzp","South America",NA,-13.8115,-65.6348,"?"
"moya1235",458,"ity","Papunesia",NA,NA,NA,NA
"moyo1238",663,"nmo","Eurasia","Sino-Tibetan",24.4793,94.3421,"0"
"moza1235",501,"mzy","Africa",NA,NA,NA,NA
"moza1249",235,"mxi","Eurasia",NA,NA,NA,NA
"moza1251",183,"xnq","Africa",NA,NA,NA,NA
"mpad1242",1799,"mpi","Africa","Afro-Asiatic",12.561391,14.446893,"1"
"mpie1238",1701,"mcx","Africa",NA,NA,NA,NA
"mpii1239",867,"mpz","Eurasia","Sino-Tibetan",18.1717,100.21,"1"
"mpon1254",2050,"mgg","Africa",NA,NA,NA,NA
"mpot1240",462,"mpa","Africa","Atlantic-Congo",-11.13767,34.71269,"0"
"mpuo1241",1411,"zmp","Africa",NA,NA,NA,NA
"mpur1239",1688,"akc","Papunesia",NA,-0.7489,133.166,"0"
"mroc1235",513,"cmr","Eurasia",NA,NA,NA,NA
"mruu1242",2161,"mro","Eurasia",NA,NA,NA,NA
"mser1242",16,"kqx","Africa",NA,NA,NA,NA
"mtir1235",761,"agz","Papunesia",NA,NA,NA,NA
"mtir1236",1,"atl","Papunesia",NA,NA,NA,NA
"mual1241",439,"mtd","Papunesia","Austronesian",0.31083,111.077,"0"
"mubi1246",662,"mub","Africa",NA,NA,NA,NA
"muda1235",8,"ymd","Eurasia",NA,NA,NA,NA
"mudb1240",1351,"dmw","Australia",NA,NA,NA,NA
"mudh1235",590,"gau","Eurasia",NA,NA,NA,NA
"mudu1239",1886,"udg","Eurasia","Dravidian",11.062,76.5627,"0"
"mudu1241",123,"vmd","Eurasia",NA,NA,NA,NA
"mudu1242",513,"wiv","Papunesia","Austronesian",-4.69751,149.489,"0"
"mufi1238",3234,"aoj","Papunesia",NA,NA,NA,NA
"mugo1238",65,"muk","Eurasia",NA,NA,NA,NA
"muin1242",1860,"bmr","South America",NA,NA,NA,NA
"mukh1238",373,"mmk","Eurasia",NA,NA,NA,NA
"muku1242",1458,"moz","Africa",NA,NA,NA,NA
"mula1253",1908,"mlm","Eurasia",NA,NA,NA,NA
"mula1254",4,"mfw","Papunesia",NA,NA,NA,NA
"mull1237",766,"mpb","Australia","Northern Daly",-13.427,130.664,"0"
"mull1244",1181,"kpb","Eurasia",NA,NA,NA,NA
"muna1247",3822,"mnb","Papunesia","Austronesian",-5.40419,122.541,"0"
"munc1235",1174,"mwq","Eurasia","Sino-Tibetan",20.289,94.3929,"0"
"mund1320",21850,"unr","Eurasia","Austroasiatic",23.03,85.85,"0"
"mund1325",1583,"mua","Africa","Atlantic-Congo",9.83195,14.4751,"1"
"mund1326",1977,"muh","Africa","Atlantic-Congo",4.22755,29.9967,"?"
"mund1327",1802,"mnf","Africa",NA,NA,NA,NA
"mund1328",424,"boe","Africa","Atlantic-Congo",6.59969,10.2704,"1"
"mund1330",6592,"myu","South America","Tupian",-8.41095,-57.691,"?"
"mung1266",2326,"mhk","Africa",NA,NA,NA,NA
"muni1257",16,"mtc","Papunesia",NA,NA,NA,NA
"muni1258",349,"myr","South America",NA,NA,NA,NA
"munj1244",990,"mnj","Eurasia",NA,NA,NA,NA
"muns1251",1009,"umu","North America",NA,NA,NA,NA
"muon1246",3434,"mtq","Eurasia",NA,NA,NA,NA
"muri1259",261,"mxr","Papunesia",NA,NA,NA,NA
"muri1260",1622,"mtf","Papunesia",NA,NA,NA,NA
"murk1238",34,"rmh","Papunesia",NA,NA,NA,NA
"murl1244",2677,"mur","Africa","Surmic",6.69756,33.988,"0"
"murr1258",5270,"mwf","Australia","Southern Daly",-14.74852,129.70152,"0"
"murs1242",2634,"muz","Africa",NA,NA,NA,NA
"muru1266",775,"zmu","Australia","Pama-Nyungan",-28.9618,146.546,"1"
"muru1274",4234,"huu","South America","Huitotoan",-1.13669,-73.8331,"0"
"musa1263",775,"smm","Eurasia",NA,NA,NA,NA
"musa1265",49,"mmi","Papunesia",NA,NA,NA,NA
"muse1242",1047,"mse","Africa",NA,NA,NA,NA
"musg1254",2286,"mug","Africa","Afro-Asiatic",10.8439,15.1065,"0"
"mush1238",991,"xma","Africa",NA,NA,NA,NA
"musi1241",2146,"mui","Papunesia",NA,NA,NA,NA
"musk1256",73,"mje","Africa",NA,NA,NA,NA
"musl1236",1674,"ttt","Eurasia",NA,NA,NA,NA
"muso1238",282,NA,"Papunesia","Austronesian",-6.53817,146.93,"1"
"musq1240",289,NA,"North America",NA,NA,NA,NA
"muss1246",983,"emi","Papunesia","Austronesian",-1.44105,149.624,"0"
"muth1236",806,"muv","Eurasia","Dravidian",10.3524,76.7328,"0"
"muts1243",1469,"css","North America",NA,NA,NA,NA
"mutu1242",315,"tuc","Papunesia",NA,NA,NA,NA
"muya1239",16,NA,NA,NA,NA,NA,NA
"muya1243",2222,"muy","Africa",NA,NA,NA,NA
"muyu1244",5767,"myw","Papunesia","Austronesian",-9.195,152.731,"?"
"mvub1239",219,"mxh","Africa",NA,NA,NA,NA
"mwag1236",1846,"sur","Africa","Afro-Asiatic",9.47205,8.96522,"1"
"mwal1237",1287,"wlc","Africa",NA,NA,NA,NA
"mwan1247",668,"wmw","Africa","Atlantic-Congo",-12.5821,40.4601,"0"
"mwan1250",1557,"moa","Africa","Mande",7.87533,-5.94577,"1"
"mwer1247",4046,"mjh","Africa",NA,NA,NA,NA
"mwer1248",922,"mwe","Africa","Atlantic-Congo",-9.75639,38.8762,"0"
"mwim1241",328,"mws","Africa",NA,NA,NA,NA
"myce1241",3728,"gmy","Eurasia",NA,NA,NA,NA
"myen1241",6530,"mye",NA,NA,NA,NA,NA
"naaa1245",900,"nbt","Eurasia",NA,NA,NA,NA
"naab1241",72,"nao","Eurasia",NA,NA,NA,NA
"naas1242",11727,"nas","Papua","South Bougainville",-6.46022,155.632,"0"
"naba1253",340,"mne","Africa",NA,NA,NA,NA
"naba1256",2093,"naf","Papunesia","Nuclear Trans New Guinea",-6.42709,146.966,"0"
"nach1240",144,"ncd","Eurasia",NA,NA,NA,NA
"nade1244",1167,"mbj","South America","Naduhup",-1.24449,-66.3068,NA
"nafa1258",988,"nfr","Africa",NA,NA,NA,NA
"nafr1241",256,"nxx","Papunesia",NA,NA,NA,NA
"nafu1238",1309,"jbn","Africa",NA,NA,NA,NA
"naga1394",2350,"nag","Eurasia",NA,NA,NA,NA
"naga1399",5,"nbg","Eurasia",NA,NA,NA,NA
"nage1237",1198,"nxe","Papunesia",NA,NA,NA,NA
"naha1261",573,"nlx","Eurasia",NA,NA,NA,NA
"naii1241",270,"bio","Papunesia",NA,NA,NA,NA
"najd1235",2393,"ars","Eurasia",NA,NA,NA,NA
"naka1260",1256,"nck","Australia",NA,NA,NA,NA
"naka1262",6687,"nak","Papunesia","Austronesian",-5.59931,150.888,"0"
"naka1263",30,"nae","Papunesia",NA,NA,NA,NA
"naka1265",123,"nkj","Papunesia",NA,NA,NA,NA
"naki1238",385,NA,"Africa",NA,NA,NA,NA
"nalc1240",128,"nlc","Papunesia","Nuclear Trans New Guinea",-4.26068,139.883,"1"
"nali1244",764,"nal","Papunesia","Austronesian",-2.94411,151.332,"1"
"nali1245",109,"nss","Papunesia",NA,NA,NA,NA
"nalo1235",696,"nlz","Papunesia","Austronesian",-10.8,165.8,"?"
"nalu1239",42,"ylo","Eurasia",NA,NA,NA,NA
"nalu1240",3306,"naj",NA,NA,NA,NA,NA
"nama1264",34262,"naq","Africa","Khoe-Kwadi",-25.0747,17.9767,"0"
"nama1265",49,NA,"Africa",NA,NA,NA,NA
"nama1266",510,"nmx","Papunesia","Yam",-8.66403,141.706,"0"
"nama1268",531,"nmk","Papunesia","Austronesian",-16.8979,168.569,"1"
"namb1291",925,"nmq","Africa",NA,NA,NA,NA
"namb1293",506,"ncm","Papunesia","Yam",-8.74501,141.931,"0"
"namb1296",636,NA,"North America",NA,NA,NA,NA
"name1237",16,"neo","Eurasia",NA,NA,NA,NA
"nami1249",344,"nbs","Africa",NA,NA,NA,NA
"nami1256",724,"nnm","Papunesia","Sepik",-3.85538,141.788,"0"
"nami1258",1223,"nvm","Papunesia",NA,NA,NA,NA
"naml1240",44,"naa","Papunesia",NA,NA,NA,NA
"namo1246",69,"mxw","Papunesia",NA,NA,NA,NA
"namo1247",194,"nmt","Papunesia",NA,NA,NA,NA
"namu1246",2951,"nmy","Eurasia","Sino-Tibetan",28.5909,101.898,"0"
"nana1257",6656,"gld","Eurasia","Tungusic",48.4343,134.797,"0"
"nanc1253",39,"nnc","Africa",NA,NA,NA,NA
"nand1264",6636,"nnb","Africa",NA,NA,NA,NA
"nand1266",2210,"niq","Africa","Nilotic",0.793737,35.408478,"0"
"nane1238",955,"sen","Africa",NA,NA,NA,NA
"nang1259",2964,"nam","Australia",NA,NA,NA,NA
"nang1261",453,"nzz","Africa",NA,NA,NA,NA
"nang1262",897,"ngr","Papunesia","Austronesian",-10.7441,165.887,"0"
"nank1250",397,"nnk","Papunesia",NA,NA,NA,NA
"nant1249",562,"nnt","North America",NA,NA,NA,NA
"nant1250",1230,"cox","South America","Arawakan",-12.1018,-72.3507,"1"
"nanu1240",23,"afk","Papunesia",NA,NA,NA,NA
"napo1242",2375,"qvo","South America",NA,NA,NA,NA
"napu1241",937,"npy","Papunesia",NA,NA,NA,NA
"nara1262",2306,NA,"Africa",NA,15.3251,37.499,"0"
"nara1264",3371,"nac","Papunesia",NA,NA,NA,NA
"nari1240",1502,NA,"Africa",NA,NA,NA,NA
"naro1249",5265,"nhr","Africa",NA,NA,NA,NA
"naro1251",24,"nrm","Papunesia","Austronesian",4.42115,114.011,"0"
"narp1239",85,"npa","Eurasia",NA,NA,NA,NA
"narr1259",4699,"nay","Australia, Papunesia","Pama-Nyungan",-36.2301,140.158,"0"
"naru1238",1218,"nnr","Australia","Pama-Nyungan",-34.69,137.535,"?"
"nasa1239",68,"nsy","Papunesia",NA,NA,NA,NA
"nasa1240",16,"nvh","Papunesia",NA,NA,NA,NA
"nask1242",884,"nsk","North America",NA,NA,NA,NA
"nata1252",1215,"ntz","Eurasia",NA,NA,NA,NA
"nata1254",297,"ais","Papunesia",NA,NA,NA,NA
"natc1249",641,NA,"North America",NA,31.75,-91.33,"1"
"nate1242",958,"ntm","Africa",NA,NA,NA,NA
"nath1238",161,"nte","Africa",NA,NA,NA,NA
"nati1243",114,"nti","Africa","Atlantic-Congo",10.7176,-5.19517,"?"
"natu1246",528,"ntu","Papunesia","Austronesian",-10.6771,165.835,"1"
"naue1237",269,"nxa","Papunesia","Austronesian",-8.70733,126.741,"1"
"nauk1242",1696,"ynk","Eurasia",NA,NA,NA,NA
"naun1237",76,"ncn","Papunesia",NA,NA,NA,NA
"nauo1235",45,"nwo","Australia",NA,NA,NA,NA
"naur1243",2221,"nau","Papunesia","Austronesian",-0.52957,166.922,"0"
"nava1243",16886,"nav","North America","Athabaskan-Eyak-Tlingit",36.33,-109.38,"1"
"nawa1258",40,"nwr","Papunesia",NA,NA,NA,NA
"nawa1259",71,"nwa","North America",NA,NA,NA,NA
"nawd1238",3647,"nmz","Africa",NA,NA,NA,NA
"nawu1242",1938,"naw","Africa","Atlantic-Congo",8.45116,0.04947,"0"
"naxi1245",3227,"nxq","Eurasia","Sino-Tibetan",27.5,100,"1"
"naxi1246",2239,"nbf",NA,NA,NA,NA,NA
"nayi1242",338,"nyq","Eurasia",NA,NA,NA,NA
"nayi1243",601,"noz","Africa",NA,NA,NA,NA
"ncan1245",1079,"ncr","Africa","Atlantic-Congo",6.50696,10.5312,"0"
"ndai1238",56,"gke","Africa",NA,NA,NA,NA
"ndal1241",8665,"ndh",NA,NA,NA,NA,NA
"ndam1239",1013,"ndj","Africa","Atlantic-Congo",-8.40485,36.0271,"0"
"ndam1251",321,"ndm",NA,"Afro-Asiatic",9.79369,17.326,"?"
"ndam1254",689,"nxo","Africa",NA,NA,NA,NA
"ndan1241",2246,"nnz","Africa",NA,NA,NA,NA
"ndas1238",1977,"nda","Africa",NA,NA,NA,NA
"ndau1241",2648,"ndc","Africa",NA,NA,NA,NA
"ndem1249",327,"nml","Africa",NA,NA,NA,NA
"nden1248",384,"ndg","Africa","Atlantic-Congo",-7.54628,38.958,"0"
"nden1249",151,"dne","Africa",NA,NA,NA,NA
"nden1250",55171,"ndd",NA,NA,NA,NA,NA
"ndin1245",205,"eli","Africa",NA,NA,NA,NA
"ndob1238",300,"ndw","Africa","Atlantic-Congo",1.32539,18.6151,"0"
"ndoe1238",24,"nbb","Africa",NA,NA,NA,NA
"ndog1248",1502,"ndz","Africa","Atlantic-Congo",7.73028,27.5588,"0"
"ndol1238",392,"ndl","Africa",NA,NA,NA,NA
"ndon1254",5109,"ndo","Africa",NA,NA,NA,NA
"ndoo1241",21,"ndr","Africa",NA,NA,NA,NA
"ndoo1242",12,"ndp","Africa",NA,NA,NA,NA
"ndru1234",17,"dno","Africa",NA,NA,NA,NA
"ndug1245",1052,"ndx","Papunesia",NA,NA,NA,NA
"ndum1239",132,"nmd","Africa",NA,NA,NA,NA
"ndun1249",1228,"ndt","Africa","Atlantic-Congo",2.3886,21.5755,"0"
"ndun1251",40,"nuh","Africa",NA,NA,NA,NA
"ndut1239",1020,"ndv","Africa",NA,NA,NA,NA
"ndwe1234",708,"nww","Africa",NA,NA,NA,NA
"ndyu1241",581,"njt","South America",NA,NA,NA,NA
"ndyu1242",9619,"djk",NA,NA,NA,NA,NA
"ndzw1235",2110,"wni",NA,NA,NA,NA,NA
"neap1235",14564,"nap","Eurasia",NA,NA,NA,NA
"nede1245",171,"nec","Papunesia",NA,NA,NA,NA
"nefa1235",226,"nef","Eurasia",NA,NA,NA,NA
"nege1240",895,"zmi","Papua","Austronesian",2.66503,102.291,"0"
"nege1244",3066,"dcr","North America",NA,NA,NA,NA
"negi1245",5708,"neg","Eurasia","Tungusic",52.9658,139.206,"0"
"neha1247",825,"nsn","Papunesia","Austronesian",-4.56875,154.2,"1"
"nekg1240",3,"nkg","Papunesia",NA,NA,NA,NA
"nekk1240",565,"nif","Papunesia",NA,NA,NA,NA
"neku1237",292,"nek",NA,NA,NA,NA,NA
"neme1244",1,"nex","Papunesia",NA,NA,NA,NA
"nemi1240",624,"nem","Papunesia",NA,NA,NA,NA
"nend1239",84,"anh","Papunesia","Nuclear Trans New Guinea",-5.04271,144.886,"0"
"nene1249",12309,"yrk","Eurasia","Uralic",66.1775,71.0234,"0"
"neng1238",2088,"nen","Papunesia","Austronesian",-21.5305,167.964,"1"
"nenn1238",5937,"nqn","Papunesia","Yam",-8.62183,142.032,"0"
"nepa1250",297,"nsp","Eurasia",NA,NA,NA,NA
"nepa1253",464,"kxl","Eurasia",NA,NA,NA,NA
"nepa1254",13167,"npi","Eurasia","Indo-European",28,85,"0"
"nese1235",15,NA,"Papunesia","Austronesian",-15.952608,167.222769,"1"
"neta1235",47,"xph","Australia",NA,NA,NA,NA
"nete1240",17,"net","Papunesia",NA,NA,NA,NA
"nets1241",573,NA,"North America",NA,NA,NA,NA
"newa1246",10038,"new","Eurasia","Sino-Tibetan",27.67,85.326,"0"
"newc1244",553,"jas","Papunesia",NA,NA,NA,NA
"newz1236",793,"nzs","Papunesia",NA,NA,NA,NA
"neyo1238",588,"ney","Africa",NA,NA,NA,NA
"nezp1238",5447,"nez","North America","Sahaptian",46.3073,-116.408,"0"
"ngaa1240",6374,"ntj","Australia","Pama-Nyungan",-25.7514,127.602,"0"
"ngab1239",2998,"gym","North America","Chibchan",8.8251,-82.3911,"0"
"ngad1257",23,"jui","Australia",NA,NA,NA,NA
"ngad1258",292,"nju","Australia",NA,NA,NA,NA
"ngad1261",1603,"nxg","Papunesia",NA,NA,NA,NA
"ngai1241",332,"nnf","Papunesia",NA,NA,NA,NA
"ngaj1237",3637,"nij","Papunesia",NA,NA,NA,NA
"ngal1291",295,"hlt","Eurasia",NA,NA,NA,NA
"ngal1292",3457,"ngk","Australia","Gunwinyguan",-13.9783,133.936,"0"
"ngal1293",1187,"nig","Australia",NA,NA,NA,NA
"ngal1298",980,"szb","Papunesia",NA,NA,NA,NA
"ngal1300",557,"nud","Papunesia",NA,NA,NA,NA
"ngam1265",53,"nmv","Australia",NA,NA,NA,NA
"ngam1267",78,"nbv","Africa",NA,NA,NA,NA
"ngam1268",3023,"sba","Africa","Central Sudanic",8.57051,15.414,"0"
"ngam1269",1131,"nmc","Africa",NA,NA,NA,NA
"ngam1282",549,"nbh","Africa",NA,NA,NA,NA
"ngan1291",3661,"nio","Eurasia","Uralic",73.1354,86.2106,"0"
"ngan1295",1531,"nid","Australia","Gunwinyguan",-12.8448,134.649,"0"
"ngan1296",144,"nyx","Australia",NA,NA,NA,NA
"ngan1299",2533,"gng","Africa",NA,NA,NA,NA
"ngan1300",60,"nne","Africa",NA,NA,NA,NA
"ngan1302",1837,"nxd","Africa",NA,NA,NA,NA
"ngan1304",156,"ngd","Africa",NA,NA,NA,NA
"ngar1235",1918,"nbj","Australia",NA,NA,NA,NA
"ngar1283",260,"nji","Australia","Mirndi",-17.42,134.73,"0"
"ngar1284",2335,"ung","Australia","Worrorran",-16.4006,126.433,"0"
"ngar1286",202,"nlr","Australia",NA,NA,NA,NA
"ngar1287",1960,"nrl","Australia",NA,NA,NA,NA
"ngar1288",1621,"rxd","Australia",NA,NA,NA,NA
"ngar1296",507,"nrk","Australia",NA,NA,NA,NA
"ngas1238",483,"nsg","Africa",NA,NA,NA,NA
"ngas1240",1705,"anc","Africa","Afro-Asiatic",9.32042,9.46146,"1"
"ngat1248",362,"ngm","Papunesia",NA,NA,NA,NA
"ngaw1240",62,NA,"Australia",NA,NA,NA,NA
"ngaz1238",1742,"zdj","Africa",NA,NA,NA,NA
"ngba1284",1588,"nbm","Africa","Atlantic-Congo",4,18.12,"1"
"ngba1285",4272,"nga","Africa","Atlantic-Congo",2.98887,18.994,"1"
"ngba1287",1759,"ngg","Africa",NA,NA,NA,NA
"ngbe1238",607,"jgb","Africa",NA,NA,NA,NA
"ngbi1238",840,"nbd","Africa",NA,NA,NA,NA
"ngbu1241",66,"nuu","Africa",NA,NA,NA,NA
"ngel1238",262,"agh","Africa",NA,NA,NA,NA
"ngem1255",2618,"nge","Africa",NA,NA,NA,NA
"ngen1256",24,"gnj","Africa",NA,NA,NA,NA
"ngeq1245",853,"ngt","Eurasia","Austroasiatic",15.6211,106.877,"0"
"nget1241",18,"nnn","Africa",NA,NA,NA,NA
"ngge1241",327,"nbq","Papunesia","Nuclear Trans New Guinea",-3.62735,139.011,"0"
"ngie1241",1743,"nnh","Africa",NA,NA,NA,NA
"ngie1242",256,"ngj","Africa",NA,NA,NA,NA
"ngil1242",309,"jle",NA,NA,NA,NA,NA
"ngin1244",565,"nnq","Africa",NA,NA,NA,NA
"ngit1239",579,"niy","Africa","Central Sudanic",1.30455,30.2242,"0"
"ngiz1242",1337,"ngi","Africa",NA,NA,NA,NA
"ngka1235",462,"kcd","Papunesia",NA,NA,NA,NA
"ngom1265",235,"nmj",NA,NA,NA,NA,NA
"ngom1268",3048,"ngc","Africa","Atlantic-Congo",1.45357,20.14148,"0"
"ngom1270",1616,"nra","Africa",NA,NA,NA,NA
"ngom1271",343,"nla","Africa",NA,NA,NA,NA
"ngom1272",753,"jgo","Africa",NA,NA,NA,NA
"ngon1267",484,"noq","Africa",NA,NA,NA,NA
"ngon1269",90,NA,"Africa",NA,NA,NA,NA
"ngos1238",431,"nsh","Africa",NA,NA,NA,NA
"ngul1236",22,"nuw","Papunesia","Austronesian",8.45,137.34,"?"
"ngul1246",1481,"ngp","Africa",NA,NA,NA,NA
"ngul1247",619,"nlo","Africa",NA,NA,NA,NA
"ngum1253",13,"xnm","Australia",NA,NA,NA,NA
"ngum1255",1671,"nui","Africa",NA,NA,NA,NA
"ngun1266",27,"nue","Africa",NA,NA,NA,NA
"ngun1270",48,"ndn","Africa",NA,NA,NA,NA
"ngun1272",1418,"ngz","Africa",NA,NA,NA,NA
"nguo1239",3854,"nuo","Eurasia",NA,NA,NA,NA
"ngur1261",1393,"nbx","Australia","Pama-Nyungan",-27.58,142.45,"?"
"ngur1263",563,"ngq","Africa",NA,NA,NA,NA
"ngwa1251",20,"ngw","Africa",NA,NA,NA,NA
"ngwe1238",2336,"nwe","Africa",NA,NA,NA,NA
"ngwo1241",583,"ngn","Africa",NA,NA,NA,NA
"nhan1238",1107,"nha","Australia","Pama-Nyungan",-27.42523643,114.2680442,"0"
"nhen1239",9377,"yrl","South America","Tupian",1.04503,-66.9646,"0"
"nhuw1239",609,"nhf","Australia",NA,NA,NA,NA
"nias1242",5013,"nia","Papunesia",NA,NA,NA,NA
"nica1238",1020,"ncs","North America",NA,NA,NA,NA
"nica1252",1022,"bzk","North America","Indo-European",12.4402,-83.7386,"1"
"niel1243",1088,"nie","Africa",NA,NA,NA,NA
"nige1240",208,"nsi","Africa",NA,NA,NA,NA
"nige1253",1875,"fuv","Africa","Atlantic-Congo",10.9972,11.1188,"1"
"nige1255",1866,"mzk","Africa",NA,NA,NA,NA
"nige1257",3594,"pcm","Africa",NA,NA,NA,NA
"niha1238",893,"nll","Eurasia",NA,21.1886,76.3318,"0"
"niii1240",4380,"nii","Papunesia",NA,NA,NA,NA
"nija1241",264,"xny","Australia",NA,NA,NA,NA
"nija1242",256,"nad","Australia",NA,NA,NA,NA
"nila1242",955,"nim","Africa","Atlantic-Congo",-4.50002,34.3068,"0"
"nilo1247",1279,NA,"Africa",NA,NA,NA,NA
"nima1243",545,"noe","Eurasia",NA,NA,NA,NA
"nimb1256",10,"nmr","Africa",NA,NA,NA,NA
"nimo1246",402,"nmw","Australia, Papunesia",NA,NA,NA,NA
"nina1238",1365,"shb","South America","Yanomamic",4.03894,-62.7801,"?"
"nind1242",10,"nxi","Africa",NA,NA,NA,NA
"ning1273",47,NA,"Papunesia",NA,NA,NA,NA
"ning1274",311,"nxr","Papunesia",NA,NA,NA,NA
"ning1275",18,"nby","Papunesia",NA,NA,NA,NA
"nini1235",2478,"nlk","Papunesia",NA,NA,NA,NA
"ninz1246",149,"nin","Africa",NA,NA,NA,NA
"nise1244",1142,"nsz","North America",NA,NA,NA,NA
"nisg1240",1206,"ncg","North America","Tsimshian",55.199,-129.192,"0"
"nisi1239",119,"dap","Eurasia",NA,NA,NA,NA
"niua1240",499,"num","Papunesia","Austronesian",-15.6014,-175.64,"1"
"niue1239",3842,"niu","Papunesia","Austronesian",-19.06,-169.86,"1"
"niva1238",4377,"cag","South America","Matacoan",-22.8557,-61.7606,"1"
"njal1239",188,"njl","Africa",NA,NA,NA,NA
"njeb1242",2022,"nzb","Africa",NA,NA,NA,NA
"njen1238",29,"njj","Africa",NA,NA,NA,NA
"njer1242",31,"njr","Africa",NA,NA,NA,NA
"njye1238",472,"njy","Africa",NA,NA,NA,NA
"nkam1239",572,"nkq","Africa",NA,NA,NA,NA
"nkan1238",16,"nkn","Africa",NA,NA,NA,NA
"nkar1238",30,"nkz","Africa",NA,NA,NA,NA
"nkem1242",99,"isi","Africa",NA,NA,NA,NA
"nkhu1238",658,"khu","Africa",NA,NA,NA,NA
"nkoa1234",871,"nqo","Africa",NA,NA,NA,NA
"nkon1245",1540,NA,"Africa",NA,NA,NA,NA
"nkon1247",188,"nkc","Africa",NA,NA,NA,NA
"nkon1248",846,"nko","Africa","Atlantic-Congo",7.20316,0.3209,"1"
"nkor1239",129,"nkx","Africa","Ijoid",4.57641,7.45802,NA
"nkoy1244",645,"nka","Africa",NA,NA,NA,NA
"nkun1238",670,NA,"Africa",NA,NA,NA,NA
"nkut1238",433,"nkw","Africa",NA,NA,NA,NA
"nnam1238",105,"nbp","Africa",NA,NA,NA,NA
"nngg1234",1548,"ngh","Africa",NA,NA,NA,NA
"nobi1240",4773,"fia","Africa",NA,NA,NA,NA
"nobo1238",619,"gaw","Papunesia",NA,NA,NA,NA
"noct1238",1615,"njb","Eurasia","Sino-Tibetan",27.152,95.3903,"1"
"noga1249",4047,"nog","Eurasia",NA,NA,NA,NA
"noku1237",18,"nkk","Papunesia","Austronesian",-14.8974,166.603,"1"
"noma1260",638,"lem","Africa","Atlantic-Congo",4.5893,10.9157,"0"
"noma1262",70,"nof","Papunesia",NA,NA,NA,NA
"noma1263",3072,"not","South America","Arawakan",-11.5349,-74.4371,"0"
"noml1242",154,NA,"North America",NA,NA,NA,NA
"nong1247",1151,"zhn","Eurasia",NA,NA,NA,NA
"nonu1241",593,"noj","South America","Huitotoan",-1.25,-72.5,"?"
"nook1247",376,"nok","North America",NA,NA,NA,NA
"noon1242",2123,"snf","Africa","Atlantic-Congo",14.792,-16.9205,"1"
"noon1243",906,"nhu","Africa","Atlantic-Congo",6.37256,10.5707,"0"
"noot1239",80,"noo","North America",NA,NA,NA,NA
"nopa1235",709,"cya","North America","Otomanguean",16.0954,-97.1339,"1"
"nori1240",546,"nrc",NA,NA,NA,NA,NA
"nort1401",162,"nrp","Eurasia",NA,NA,NA,NA
"nort1545",88,"huj",NA,NA,NA,NA,NA
"nort1550",124,"twf","North America",NA,NA,NA,NA
"nort1551",358,NA,"North America",NA,NA,NA,NA
"nort1552",1719,"crl","North America",NA,NA,NA,NA
"nort2626",8614,"frr","Eurasia",NA,NA,NA,NA
"nort2627",13344,"nds",NA,NA,NA,NA,NA
"nort2628",1474,"frs","Eurasia",NA,NA,NA,NA
"nort2640",214,"faz",NA,NA,NA,NA,NA
"nort2641",8946,"kmr","Eurasia",NA,NA,NA,NA
"nort2645",1179,"lrc","Eurasia",NA,NA,NA,NA
"nort2646",5108,"pbu","Eurasia",NA,NA,NA,NA
"nort2662",1602,"hno","Eurasia",NA,NA,NA,NA
"nort2666",423,"aee","Eurasia",NA,NA,NA,NA
"nort2671",13016,"sme","Eurasia","Uralic",68.725,22.1113,"0"
"nort2676",26,NA,"Eurasia",NA,NA,NA,NA
"nort2684",5000,"kxm","Eurasia","Austroasiatic",14.4674,103.863,"0"
"nort2686",2408,"atv","Eurasia",NA,NA,NA,NA
"nort2690",22347,"uzn","Eurasia","Turkic",40.886,69.211,"0"
"nort2697",15815,"azj","Eurasia","Turkic",40.9777,46.4737,"0"
"nort2699",1010,"kfb","Eurasia","Dravidian",20.1022,78.4934,"0"
"nort2702",1946,"gno","Eurasia",NA,NA,NA,NA
"nort2709",282,"ghh","Eurasia",NA,NA,NA,NA
"nort2722",2733,"cng","Eurasia","Sino-Tibetan",32.2766,103.192,"1"
"nort2723",1438,"pmi","Eurasia","Sino-Tibetan",28.6626,101.305,"0"
"nort2724",153,"bfc","Eurasia","Sino-Tibetan",26.925,99.656,"0"
"nort2725",149,"nnl",NA,NA,NA,NA,NA
"nort2727",121,"lbr",NA,NA,NA,NA,NA
"nort2732",2824,"tji","Eurasia","Sino-Tibetan",29.3016,109.759,"0"
"nort2735",947,"doc","Eurasia",NA,NA,NA,NA
"nort2740",3628,"nod","Eurasia",NA,NA,NA,NA
"nort2741",3979,"tts","Eurasia",NA,NA,NA,NA
"nort2745",4021,"ykg","Eurasia","Yukaghir",70.498,157.853,"0"
"nort2747",4493,"hea","Eurasia","Hmong-Mien",26.6338,108.162,"0"
"nort2765",324,"kqs","Africa",NA,NA,NA,NA
"nort2770",562,"fll","Africa",NA,NA,NA,NA
"nort2774",7309,"ngb","Africa","Atlantic-Congo",3.56357,21.85251,"1"
"nort2775",5098,"gya","Africa","Atlantic-Congo",5.9503,15.2569,"0"
"nort2780",7430,"dgi","Africa",NA,NA,NA,NA
"nort2784",1372,"nuv","Africa",NA,NA,NA,NA
"nort2787",100,"tsp","Africa",NA,NA,NA,NA
"nort2795",19394,"nde",NA,"Atlantic-Congo",-20.2513,27.4096,"0"
"nort2810",580,"gbo","Africa",NA,NA,NA,NA
"nort2815",310,"dip","Africa",NA,NA,NA,NA
"nort2819",475,"bbo","Africa",NA,NA,NA,NA
"nort2828",1673,"max","Papunesia","Austronesian",-0.86437,128.323,"0"
"nort2836",1300,"llp","Papunesia","Austronesian",-17.5774,168.375,"0"
"nort2839",982,"mmg","Papunesia","Austronesian",-16.1741,168.14,"1"
"nort2845",3331,"mrq","Papunesia","Austronesian",-8.89412,-140.108,"1"
"nort2847",1274,"tnn","Papunesia","Austronesian",-19.3733,169.303,"0"
"nort2857",87,"una","Papunesia",NA,NA,NA,NA
"nort2864",455,"weo","Papunesia","Austronesian",-3.05143,128.839,"0"
"nort2867",182,"nni","Papunesia",NA,NA,NA,NA
"nort2875",577,"aqn","Papunesia",NA,NA,NA,NA
"nort2877",2831,"xnn","Papunesia","Austronesian",17.1057,120.786,"1"
"nort2883",344,"cts","Papunesia",NA,NA,NA,NA
"nort2885",1607,"stb","Papunesia","Austronesian",8.5232,123.588,"1"
"nort2890",365,"bmm","Africa",NA,NA,NA,NA
"nort2907",340,"onr","Papunesia",NA,NA,NA,NA
"nort2916",985,"kti","Papunesia",NA,NA,NA,NA
"nort2918",35,"yir","Papua",NA,NA,NA,NA
"nort2920",3694,"tbg","Papunesia",NA,NA,NA,NA
"nort2921",646,"whg","Papunesia",NA,NA,NA,NA
"nort2930",1052,"kiw","Papunesia","Kiwaian",-7.39215,144.667,"1"
"nort2935",922,"ryn","Eurasia",NA,NA,NA,NA
"nort2938",6462,"hdn","North America","Haida",54.004532,-132.079257,"1"
"nort2939",203,"neq","North America",NA,NA,NA,NA
"nort2941",415,"ttm","North America",NA,NA,NA,NA
"nort2942",2611,"scs","North America","Athabaskan-Eyak-Tlingit",63.2671,-123.641,"0"
"nort2943",4377,"esi","North America",NA,NA,NA,NA
"nort2944",1592,NA,"North America",NA,NA,NA,NA
"nort2945",1395,"esk","North America",NA,NA,NA,NA
"nort2947",39,NA,NA,NA,NA,NA,NA
"nort2951",309,"mjd","North America","Maiduan",39.6721,-121.368,"?"
"nort2952",1178,"nmu","North America","Maiduan",40.4102,-120.645,"0"
"nort2953",34,NA,"North America",NA,NA,NA,NA
"nort2954",2284,"pao","North America","Uto-Aztecan",40.0799,-119.536,"1"
"nort2955",389,NA,"North America",NA,NA,NA,NA
"nort2957",1822,"ncj","North America","Uto-Aztecan",20.1356,-97.9814,"?"
"nort2958",766,"nhy","North America",NA,NA,NA,NA
"nort2959",1411,"ntp","North America","Uto-Aztecan",26.4348,-107.379,"0"
"nort2961",2994,"ojb","North America","Algic",51.6192,-87.7862,"0"
"nort2966",795,"pej","North America",NA,NA,NA,NA
"nort2967",41,"pef","North America",NA,NA,NA,NA
"nort2968",416,"nsq","North America",NA,NA,NA,NA
"nort2969",724,"cst","North America",NA,NA,NA,NA
"nort2971",1268,"enl","South America",NA,NA,NA,NA
"nort2972",3314,"emp","South America","Chocoan",7.12761,-77.574,"0"
"nort2973",994,"qvz","South America",NA,NA,NA,NA
"nort2976",3915,"qul","South America",NA,NA,NA,NA
"nort2979",396,"qxn","South America",NA,NA,NA,NA
"nort2980",1597,"qvn","South America","Quechuan",-11.2132,-75.8128,"0"
"nort2984",1399,"pmq","North America",NA,NA,NA,NA
"nort2985",815,"xtn","North America",NA,NA,NA,NA
"nort2994",3087,"rog","Eurasia","Austronesian",12.1967,108.849,"?"
"nort3046",897,"mfk","Africa",NA,NA,NA,NA
"nort3047",2016,NA,"Africa","Afro-Asiatic",10.6755,14.219,"1"
"nort3051",218,NA,"Africa",NA,NA,NA,NA
"nort3133",164,NA,"Africa",NA,NA,NA,NA
"nort3139",17031,"apc","Eurasia","Afro-Asiatic",34.1709,36.0468,"1"
"nort3142",5675,"ayp","Eurasia",NA,NA,NA,NA
"nort3268",2465,"cnp","Eurasia",NA,NA,NA,NA
"nort3415",58,"xpw","Australia",NA,NA,NA,NA
"norw1255",435,"nsl","Eurasia",NA,NA,NA,NA
"norw1258",6247,"nor","Eurasia",NA,NA,NA,NA
"norw1259",7570,"nob",NA,NA,NA,NA,NA
"notr1240",296,"bly","Africa",NA,NA,NA,NA
"nots1237",2860,"ncf",NA,"Austronesian",-3.0557,151.661,"1"
"nott1246",46,"ntw","North America",NA,NA,NA,NA
"noyy1238",43,"noy",NA,NA,NA,NA,NA
"nsar1238",143,"asj","Africa",NA,NA,NA,NA
"nsen1242",1893,"nse","Africa","Atlantic-Congo",-15.3946,31.3544,"0"
"nson1238",263,"nsx","Africa",NA,NA,NA,NA
"ntch1242",4799,"bud","Africa",NA,NA,NA,NA
"ntom1248",2303,"nto","Africa",NA,NA,NA,NA
"nuba1241",1338,"baf","Africa",NA,NA,NA,NA
"nubi1253",3786,"kcn","Africa","Afro-Asiatic",-0.183215,34.7552,"1"
"nubr1241",541,"kte","Eurasia",NA,NA,NA,NA
"nucl1235",27274,"hye",NA,"Indo-European",40,45,"1"
"nucl1237",6,NA,"North America",NA,NA,NA,NA
"nucl1240",279,"mzm","Africa","Atlantic-Congo",8.90347,11.71545,"1"
"nucl1290",3625,"wbm","Eurasia",NA,NA,NA,NA
"nucl1301",179142,"tur",NA,"Turkic",39.8667,32.8667,"0"
"nucl1302",33704,"kat","Eurasia","Kartvelian",41.850397,43.78613,"0"
"nucl1305",19293,"kan","Eurasia","Dravidian",13.5878,76.1198,"0"
"nucl1310",57197,"mya","Eurasia","Sino-Tibetan",20.7926,93.9665,"0"
"nucl1327",209,"lmc","Australia","Limilngan-Wulna",-12.4294,131.845,"1"
"nucl1333",32,NA,"Australia",NA,NA,NA,NA
"nucl1339",263,"teq","Africa",NA,NA,NA,NA
"nucl1347",27904,"wol",NA,"Atlantic-Congo",15.2534,-15.383,"1"
"nucl1379",739,"zga","Africa",NA,NA,NA,NA
"nucl1395",51,NA,"Africa",NA,NA,NA,NA
"nucl1396",2848,"seh","Africa",NA,NA,NA,NA
"nucl1417",23280,"ibo","Africa","Atlantic-Congo",4.62705,7.23441,"0"
"nucl1418",1533,"bsq",NA,NA,NA,NA,NA
"nucl1420",24,NA,"Africa",NA,NA,NA,NA
"nucl1430",49,NA,"Africa",NA,NA,NA,NA
"nucl1440",1182,"mls","Africa",NA,NA,NA,NA
"nucl1452",532,"mso","Papunesia","Mombum-Koneraw",-8.27141,138.773,"0"
"nucl1454",542,"yva","Papunesia","Yawa-Saweru",-1.77196,136.263,"0"
"nucl1458",703,"mxk","Papunesia","Bogia",-4.2717,144.95,"0"
"nucl1460",4133,"mad","Papunesia","Austronesian",-7,113,"1"
"nucl1593",393,"kwo","Papunesia","Kwomtari-Nai",-3.50718,141.488,"0"
"nucl1594",2059,"zrs","Papunesia","Mairasic",-3.4511,134.071,NA
"nucl1595",1231,"kwe","Papunesia","Greater Kwerba",-2.2137,138.486,"0"
"nucl1620",2764,"wgi","Papunesia",NA,NA,NA,NA
"nucl1622",5454,"mrz","Papunesia","Anim",-8.15651,140.009,"0"
"nucl1630",4604,NA,"Papunesia","Koiarian",-9.46246,147.899,"?"
"nucl1632",2430,"set","Papunesia","Sentanic",-2.6013,140.512,"0"
"nucl1633",1433,"nir","Papunesia","Nimboranic",-2.5803,140.179,"0"
"nucl1634",2170,"skv","Papunesia",NA,NA,NA,NA
"nucl1643",98145,"jpn",NA,"Japonic",35,135,"0"
"nucl1649",5916,"tsi","North America",NA,NA,NA,NA
"nucl1651",685,NA,"North America",NA,NA,NA,NA
"nucl1667",160,"aym","South America",NA,NA,NA,NA
"nucl1668",49,"kav","South America",NA,NA,NA,NA
"nucl1683",2701,"dbq","Africa",NA,NA,NA,NA
"nucl1692",50,"gyz","Africa",NA,NA,NA,NA
"nucl1693",56,"tvi","Africa",NA,NA,NA,NA
"nucl1695",2676,"bol","Africa",NA,NA,NA,NA
"nucl1696",3615,"tan",NA,NA,NA,NA,NA
"nucl1698",24,"nqt","Africa",NA,NA,NA,NA
"nucl1706",2328,"mid","Eurasia","Afro-Asiatic",31.3443,48.8128,"1"
"nucl1762",18,NA,NA,NA,NA,NA,NA
"nuer1246",3835,"nus","Africa","Nilotic",8.13911,32.3829,"0"
"nugu1241",485,"nnv","Australia",NA,NA,NA,NA
"nugu1242",2075,"yas","Africa","Atlantic-Congo",4.63103,11.1837,"0"
"nuii1237",13,NA,"Papunesia",NA,NA,NA,NA
"nuka1242",1963,"mbr","South America",NA,NA,NA,NA
"nukn1238",347,"klt","Papunesia","Nuclear Trans New Guinea",-6.0177,146.969,"0"
"nuku1258",44,"nuq","Papunesia",NA,NA,NA,NA
"nuku1260",981,"nkr","Papunesia","Austronesian",3.84,154.975,"1"
"nuku1263",520,"nuc","South America",NA,NA,NA,NA
"numa1252",480,"nbr","Africa",NA,NA,NA,NA
"numa1254",449,"nop","Papunesia",NA,NA,NA,NA
"numb1247",9633,"sij",NA,NA,NA,NA,NA
"nume1241",11,"tgs","Papunesia",NA,NA,NA,NA
"nume1242",1306,"kdk","Papunesia",NA,NA,NA,NA
"numi1241",2214,"nxm","Africa",NA,NA,NA,NA
"numi1242",30,NA,NA,NA,NA,NA,NA
"nung1282",1203,"nun","Eurasia","Sino-Tibetan",27.2887,98.7333,"1"
"nung1283",6729,"nut","Eurasia",NA,NA,NA,NA
"nung1290",3841,"nuy","Australia",NA,NA,NA,NA
"nung1291",204,"nug","Australia",NA,NA,NA,NA
"nung1292",496,"rin","Africa",NA,NA,NA,NA
"nupb1238",168,NA,"Eurasia",NA,NA,NA,NA
"nupe1254",5001,"nup","Africa","Atlantic-Congo",9.18404,5.40031,"0"
"nupo1240",1472,"hux","South America",NA,NA,NA,NA
"nusa1245",320,"nul","Papunesia",NA,NA,NA,NA
"nusu1239",283,"nuf","Eurasia","Sino-Tibetan",26.7292,98.8801,"0"
"nuuc1236",7771,"nuk","North America","Wakashan",49.67,-126.67,"?"
"nuuu1241",423,NA,"Africa","Tuu",-29.7054,19.0841,"0"
"nyab1255",1087,"nwb","Africa",NA,NA,NA,NA
"nyah1249",339,"nev","Eurasia","Austroasiatic",15.1034,106.543,"?"
"nyah1250",2266,"cbn","Eurasia","Austroasiatic",15.8909,101.515,"0"
"nyak1260",3635,"nyy","Africa","Atlantic-Congo",-9.71018,33.7763,"0"
"nyak1261",161,NA,"Africa",NA,NA,NA,NA
"nyal1250",189,"nlj","Africa","Atlantic-Congo",1.92098,30.0201,"0"
"nyal1254",1836,NA,"Papunesia","Austronesian",-19.72,163.66,"0"
"nyam1271",467,"nly","Australia",NA,NA,NA,NA
"nyam1275",249,NA,"Africa",NA,NA,NA,NA
"nyam1276",4260,"nym","Africa",NA,NA,NA,NA
"nyam1277",1862,"now","Africa",NA,NA,NA,NA
"nyam1285",251,"nmi","Africa","Afro-Asiatic",9.18024,10.83652,"1"
"nyan1300",14,"nny","Australia",NA,NA,NA,NA
"nyan1301",2891,"nna","Australia","Pama-Nyungan",-20.6271,121.391,"0"
"nyan1302",665,"nyb","Africa",NA,NA,NA,NA
"nyan1303",6,"nyc","Africa",NA,NA,NA,NA
"nyan1304",574,"nyj","Africa",NA,NA,NA,NA
"nyan1305",2692,"nyk","Africa",NA,NA,NA,NA
"nyan1307",2359,"nyn","Africa","Atlantic-Congo",-0.46364,30.548,"0"
"nyan1308",17974,"nya","Africa",NA,NA,NA,NA
"nyan1313",284,"nyp","Africa",NA,NA,NA,NA
"nyan1315",236,"nnj","Africa",NA,NA,NA,NA
"nyar1245",346,"sev","Africa",NA,NA,NA,NA
"nyat1246",1238,"rim","Africa","Atlantic-Congo",-5.12263,34.6657,"0"
"nyaw1247",118,"nyt","Australia","Pama-Nyungan",-18.8743,146.216,"?"
"nyem1238",2339,"nba","Africa",NA,NA,NA,NA
"nyen1254",388,"neh","Eurasia",NA,NA,NA,NA
"nyen1257",400,"nye","Africa",NA,NA,NA,NA
"nyeu1238",376,"nyl","Eurasia",NA,NA,NA,NA
"nyig1240",1675,"nyh","Australia","Nyulnyulan",-17.9594,124.348,"0"
"nyih1239",145,"nyr","Africa",NA,NA,NA,NA
"nyih1240",585,"nih","Africa",NA,NA,NA,NA
"nyik1246",374,"nkv","Africa",NA,NA,NA,NA
"nyin1248",177,"nyg","Africa",NA,NA,NA,NA
"nyin1250",1413,"lid","Papunesia",NA,NA,NA,NA
"nyis1236",1407,"njz","Eurasia","Sino-Tibetan",27.278263,93.675529,"0"
"nyok1243",350,"nvo","Africa",NA,NA,NA,NA
"nyol1238",782,"nuj","Africa",NA,NA,NA,NA
"nyon1241",252,"muo","Africa",NA,NA,NA,NA
"nyor1244",425,"nyd","Africa",NA,NA,NA,NA
"nyor1246",1847,"nyo","Africa","Atlantic-Congo",0.95294,31.3493,"0"
"nyul1247",2148,"nyv","Australia","Nyulnyulan",-16.9129,122.851,"1"
"nyun1247",4740,"nys","Australia","Pama-Nyungan",-33.1199,118.151,"?"
"nyun1248",1635,"nyu","Africa",NA,NA,NA,NA
"nzad1234",331,"nzd","Africa","Atlantic-Congo",-4.102208,20.194462,"0"
"nzak1246",1082,"nzy","Africa","Atlantic-Congo",7.66745,15.6675,"0"
"nzak1247",1049,"nzk","Africa","Atlantic-Congo",4.79567,22.8254,"0"
"nzan1240",399,"nja","Africa",NA,NA,NA,NA
"nzim1238",2427,"nzi","Africa",NA,NA,NA,NA
"obis1242",577,"obi","North America",NA,NA,NA,NA
"obok1239",88,"afz","Papunesia","Lakes Plain",-2.88029,137.924,"0"
"obol1243",1933,"ann","Africa",NA,NA,NA,NA
"obom1235",1095,"obo","Papunesia","Austronesian",7.29141,125.09,"1"
"obul1239",35,"obu","Africa",NA,NA,NA,NA
"ocai1244",1705,"oca","South America",NA,NA,NA,NA
"occi1239",19930,"oci","Eurasia","Indo-European",44.1415,6.82979,"1"
"ocea1241",164,NA,NA,"Austronesian",NA,NA,NA
"ochi1235",24,"xoc","Africa",NA,NA,NA,NA
"ocot1243",2192,"mie",NA,NA,NA,NA,NA
"ocot1244",536,"zac","North America","Otomanguean",16.8258,-96.7263,"?"
"oddd1238",1243,"odk","Eurasia",NA,NA,NA,NA
"odoo1238",443,"kkc","Papunesia",NA,NA,NA,NA
"odua1238",262,"odu","Africa",NA,NA,NA,NA
"oduu1239",353,"tyh",NA,NA,NA,NA,NA
"ofay1240",1461,"opy","South America","Nuclear-Macro-Je",-22.278,-53.7227,"?"
"ofoo1242",32,"ofo","North America",NA,NA,NA,NA
"ogba1241",383,"ogc","Africa",NA,NA,NA,NA
"ogbi1239",384,"ogb","Africa",NA,NA,NA,NA
"ogbo1242",46,"ogg","Africa",NA,NA,NA,NA
"ogbr1243",235,"ogu","Africa",NA,NA,NA,NA
"ogea1238",4907,"eri",NA,NA,NA,NA,NA
"oira1263",1190,"oia","Papunesia",NA,NA,NA,NA
"ojit1237",569,"chj",NA,NA,NA,NA,NA
"okan1243",2675,"oka","North America","Salishan",49.2745,-119.294,"1"
"okie1245",3484,"oki",NA,NA,NA,NA,NA
"okin1246",1019,"okn","Eurasia","Japonic",27.3738,128.619,"0"
"okod1238",248,"okd","Africa",NA,NA,NA,NA
"okoe1238",1349,"oks","Africa","Atlantic-Congo",7.53908,6.15725,"1"
"okoj1239",334,"okj","Eurasia",NA,NA,NA,NA
"okol1241",4,"kqv","Papunesia",NA,NA,NA,NA
"okol1243",104,"oie","Africa",NA,NA,NA,NA
"okpa1238",199,"opa","Africa",NA,NA,NA,NA
"okpe1250",208,"oke","Africa",NA,NA,NA,NA
"oksa1245",4280,"opm","Papunesia","Nuclear Trans New Guinea",-5.20797,142.177,"1"
"okuu1243",911,"oku","Africa","Atlantic-Congo",6.23712,10.5096,"1"
"olda1245",1302,"oar","Eurasia",NA,NA,NA,NA
"oldb1235",186,"obr","Eurasia",NA,NA,NA,NA
"oldb1247",10,NA,"Eurasia",NA,NA,NA,NA
"oldc1244",7773,"och","Eurasia",NA,NA,NA,NA
"oldc1252",475,"oco","Eurasia",NA,NA,NA,NA
"oldd1237",681,"odt","Eurasia",NA,NA,NA,NA
"olde1238",5117,"ang","Eurasia","Indo-European",51.06,-1.31,"1"
"oldf1239",5937,"fro","Eurasia",NA,NA,NA,NA
"oldf1241",1507,"ofs","Eurasia",NA,NA,NA,NA
"oldg1234",2002,"oge","Eurasia",NA,NA,NA,NA
"oldh1241",1996,"goh","Eurasia",NA,NA,NA,NA
"oldh1242",2855,"ohu","Eurasia",NA,NA,NA,NA
"oldi1245",5534,"sga","Eurasia",NA,NA,NA,NA
"oldj1239",5523,"ojp","Eurasia",NA,NA,NA,NA
"oldk1238",337,"okl","Eurasia",NA,NA,NA,NA
"oldk1249",4173,"qok","Eurasia","Austroasiatic",13.4125,103.866667,"0"
"oldk1250",5635,"qkn",NA,NA,NA,NA,NA
"oldl1238",2223,"qbb","Eurasia",NA,NA,NA,NA
"oldm1242",1136,"omx","Eurasia","Austroasiatic",14.83,100.5,"0"
"oldm1244",172,"omr","Eurasia",NA,NA,NA,NA
"oldn1244",7781,"non","Eurasia",NA,NA,NA,NA
"oldn1245",3108,"onw","Africa",NA,NA,NA,NA
"oldo1234",3061,"oos","Eurasia",NA,NA,NA,NA
"oldp1253",5092,"pro","Eurasia",NA,NA,NA,NA
"oldp1254",2681,"peo",NA,NA,NA,NA,NA
"oldr1238",1189,"orv","Eurasia",NA,NA,NA,NA
"olds1249",1531,"osp","Eurasia",NA,NA,NA,NA
"olds1250",2338,"osx","Eurasia",NA,NA,NA,NA
"oldt1248",4379,"oty","Eurasia",NA,NA,NA,NA
"oldu1238",5631,"oui","Eurasia",NA,NA,NA,NA
"oldw1239",744,"owl","Eurasia",NA,NA,NA,NA
"olek1239",371,"ole","Eurasia",NA,NA,NA,NA
"olom1241",372,"olm","Africa",NA,NA,NA,NA
"oloo1241",3072,"ong","Papunesia","Nuclear Torricelli",-3.2929,142.131,"0"
"olub1238",752,"lul","Africa",NA,NA,NA,NA
"olul1245",79,"iko","Africa",NA,NA,NA,NA
"olut1240",1363,"plo","North America","Mixe-Zoque",17.8937,-94.8863,"1"
"omag1248",1170,"omg","South America",NA,NA,NA,NA
"omah1247",2625,"oma","North America","Siouan",42.0944,-96.5295,"1"
"omah1248",1498,NA,"North America",NA,NA,NA,NA
"oman1239",3361,"acx","Eurasia",NA,NA,NA,NA
"omba1241",11,"mbm","Africa","Atlantic-Congo",-2.75341,13.617,"?"
"ombo1238",299,"oml","Africa",NA,NA,NA,NA
"omet1237",329,"nht","North America",NA,NA,NA,NA
"omie1241",1188,"aom","Papunesia","Koiarian",-9.03136,148.107,"1"
"omii1238",41,"omi","Africa","Central Sudanic",3.2542,30.5385,"?"
"omot1239",24,NA,"Africa",NA,NA,NA,NA
"omur1241",944,"omu",NA,NA,NA,NA,NA
"onaa1245",4510,"ona","South America","Chonan",-54,-68.5,"0"
"onei1249",10457,"one",NA,NA,NA,NA,NA
"onge1236",596,"oon","Eurasia","Jarawa-Onge",10.6926,92.4707,"?"
"ongg1239",140,"oog","Eurasia",NA,NA,NA,NA
"onin1245",534,"oni","Papunesia",NA,NA,NA,NA
"onjo1240",1,"onj","Papunesia",NA,NA,NA,NA
"onob1238",760,"onn","Papunesia",NA,NA,NA,NA
"onon1246",2883,"ono","North America","Iroquoian",42.92,-76.12,"1"
"onoo1246",1234,"ons","Papunesia",NA,NA,NA,NA
"onte1239",1510,"ont","Papua",NA,NA,NA,NA
"onto1237",1802,NA,"Papunesia","Austronesian",-5.49029,159.701,"1"
"oorl1238",625,"oor","Africa",NA,NA,NA,NA
"oost1241",14,NA,"Eurasia",NA,NA,NA,NA
"opat1246",1118,"opt","North America","Uto-Aztecan",31.15211,-110.06212,"0"
"opuu1239",1597,"lgn","Africa",NA,NA,NA,NA
"oran1258",254,"orn","Eurasia",NA,NA,NA,NA
"oran1259",485,"ors","Eurasia, Papunesia",NA,NA,NA,NA
"orao1237",784,"sdr","Eurasia",NA,NA,NA,NA
"orej1242",2014,"ore","South America",NA,NA,NA,NA
"orig1234",32,NA,"North America",NA,NA,NA,NA
"orin1239",338,"org","Africa",NA,NA,NA,NA
"oriy1255",3598,"ory","Eurasia","Indo-European",21,85,"1"
"oriz1235",1665,"nlv","North America",NA,NA,NA,NA
"orma1241",392,"orc","Africa","Afro-Asiatic",-1.79489,39.60749,"1"
"ormu1247",1637,"oru","Eurasia",NA,NA,NA,NA
"ormu1248",899,"orz","Papunesia",NA,NA,NA,NA
"oroc1248",1505,"oac","Eurasia","Tungusic",50.3235,137.851,"0"
"oroh1237",31,"ora","Papunesia","Austronesian",-9.7386,161.513,"1"
"orok1265",2845,"oaa","Eurasia","Tungusic",49.3639,143.128,"0"
"orok1266",1762,"bdu","Africa","Atlantic-Congo",4.89504,9.15209,"0"
"orok1267",2018,"oro","Papunesia","Eleman",-7.81309,145.34,"0"
"orok1269",4603,"okv","Papunesia","Nuclear Trans New Guinea",-8.79019,148.09,"0"
"oroo1241",351,"orx","Africa",NA,NA,NA,NA
"oroq1238",1493,"orh","Eurasia",NA,NA,NA,NA
"orow1242",195,"bpk","Papunesia","Austronesian",-21.6269,165.473,"1"
"orow1243",320,"orw","South America",NA,NA,NA,NA
"orum1241",16,"orr","Africa",NA,NA,NA,NA
"orya1242",1105,"ury","Papunesia","Tor-Orya",-2.76483,139.89,"1"
"osag1243",1646,"osa","North America",NA,NA,NA,NA
"osam1235",625,"syx","Africa","Atlantic-Congo",-0.012,13.61,"0"
"osca1245",1643,"osc","Eurasia",NA,NA,NA,NA
"osin1237",1276,"osi","Papunesia",NA,NA,NA,NA
"osos1238",923,"oso","Africa",NA,NA,NA,NA
"osse1243",1397,NA,NA,NA,NA,NA,NA
"otda1235",897,"otd","Papunesia",NA,NA,NA,NA
"otii1244",1812,"oti","Africa",NA,NA,NA,NA
"otom1276",153,NA,"South America",NA,NA,NA,NA
"otom1299",542,NA,NA,NA,NA,NA,NA
"otom1300",28,NA,NA,NA,NA,NA,NA
"otoo1241",132,NA,"North America",NA,NA,NA,NA
"otor1240",896,"otr","Africa","Heibanic",11.1187,30.573,NA
"otta1242",4576,"otw",NA,"Algic",44.5988,-83.226,"0"
"otuh1238",3337,"lot","Africa",NA,NA,NA,NA
"otuk1240",65,"otu","South America",NA,NA,NA,NA
"ouma1237",69,"oum","Papunesia",NA,NA,NA,NA
"oung1238",27,"oun","Africa",NA,NA,NA,NA
"owaa1237",1116,"stn","Papunesia","Austronesian",-10.82553,162.30467,"1"
"owen1244",138,"wsr","Papunesia",NA,NA,NA,NA
"owin1240",167,"owi","Papunesia",NA,NA,NA,NA
"oyao1237",15,"oyy","Papunesia",NA,NA,NA,NA
"oyda1235",154,"oyd","Africa",NA,NA,NA,NA
"oyoo1238",40,NA,"Africa",NA,NA,NA,NA
"oyst1235",17,"xpd","Australia",NA,NA,NA,NA
"oyyy1238",622,"oyb","Eurasia",NA,NA,NA,NA
"ozol1235",256,"zao","North America",NA,NA,NA,NA
"ozum1235",889,"chz","North America",NA,NA,NA,NA
"paaa1242",326,"pqa","Africa","Afro-Asiatic",11.0175,9.30091,"1"
"paam1238",1069,"pma","Papunesia","Austronesian",-16.47548,168.23693,"1"
"paas1238",626,"sig","Africa","Atlantic-Congo",10.2004,-1.8048,"1"
"paca1245",224,"qvp","South America",NA,NA,NA,NA
"paca1246",245,"pcp","South America",NA,NA,NA,NA
"paci1278",1743,"ems","North America",NA,NA,NA,NA
"paco1243",3365,"pac","Eurasia","Austroasiatic",16.3353,107.094,"0"
"padi1241",14,"pdi","Eurasia",NA,NA,NA,NA
"pado1242",200,"pdo","Papunesia",NA,NA,NA,NA
"paek1234",157,"pkc","Eurasia",NA,NA,NA,NA
"paez1247",7654,"pbb","South America",NA,2.61516,-76.31254,NA
"pagi1243",773,"pae","Africa","Atlantic-Congo",3.15636,22.1212,"0"
"pagi1244",27,"pgi",NA,NA,NA,NA,NA
"pagu1249",928,"pgu","Papunesia","North Halmahera",1.2134,127.78,"1"
"paha1251",1301,"phr","Eurasia",NA,NA,NA,NA
"paha1257",849,"phj","Eurasia",NA,NA,NA,NA
"pahl1240",43,"phv","Eurasia",NA,NA,NA,NA
"pahl1241",3220,"pal","Eurasia",NA,NA,NA,NA
"pahn1237",1693,"pha","Eurasia","Hmong-Mien",22.8049,105.165,"0"
"paic1239",466,"pri","Papunesia",NA,NA,NA,NA
"paip1241",631,"ppi","North America",NA,NA,NA,NA
"pais1238",1099,"qpp","Eurasia",NA,NA,NA,NA
"pait1244",1432,"pck","Eurasia","Sino-Tibetan",24.0381,93.6136,"1"
"pait1247",2520,"pta","South America",NA,NA,NA,NA
"paiw1248",3628,"pwn","Papunesia","Austronesian",22.3271,120.806,"0"
"paka1251",153,"pkn","Australia",NA,NA,NA,NA
"paki1242",693,"pks","Eurasia",NA,NA,NA,NA
"pakt1239",79,"pkg","Papunesia",NA,NA,NA,NA
"paku1238",3557,"jkp",NA,NA,NA,NA,NA
"paku1239",648,"pku","Papunesia",NA,NA,NA,NA
"pala1330",2633,"pfl",NA,NA,NA,NA,NA
"pala1331",180,"plq","Eurasia",NA,NA,NA,NA
"pala1342",725,"plr","Africa",NA,NA,NA,NA
"pala1344",9709,"pau","Papunesia","Austronesian",7.34138,134.476678,"0"
"pala1351",2948,"cpa","North America",NA,NA,NA,NA
"pale1260",5344,"pln","South America",NA,NA,NA,NA
"pale1261",56,"jpa",NA,NA,NA,NA,NA
"pale1262",27,"pnl","Africa",NA,NA,NA,NA
"pali1273",8956,"pli","Eurasia",NA,NA,NA,NA
"pali1274",1198,"pcf","Eurasia",NA,NA,NA,NA
"pali1279",2620,"plu","North America, South America","Arawakan",3.63993,-51.6246,"0"
"pall1243",90,"pmd","Australia",NA,NA,NA,NA
"palo1243",1376,"fap","Africa",NA,NA,NA,NA
"palu1252",129,"ple","Papunesia",NA,NA,NA,NA
"palu1253",6,"plz","Papunesia",NA,NA,NA,NA
"paly1238",223,"bpx","Eurasia",NA,NA,NA,NA
"pama1250",1934,NA,"Australia",NA,NA,NA,NA
"pamm1242",12,"pmn","Africa",NA,NA,NA,NA
"pamo1252",4398,"pmf","Papunesia","Austronesian",-1.62663,121.268,"0"
"pamo1253",1134,"hih","Papunesia",NA,NA,NA,NA
"pamp1243",7347,"pam","Papunesia","Austronesian",14.9603,120.502,"1"
"pamp1244",1399,"att","Papunesia",NA,NA,NA,NA
"pana1293",47,NA,"Africa, Papunesia",NA,NA,NA,NA
"pana1295",282,"pnq","Africa",NA,NA,NA,NA
"pana1303",66,"psn","Papunesia",NA,NA,NA,NA
"pana1305",1422,"par","North America","Uto-Aztecan",36.0007,-117.901,"1"
"pana1306",1204,"qxh","South America",NA,NA,NA,NA
"pana1307",4392,"kre","South America","Nuclear-Macro-Je",-10.58,-53,"0"
"pana1308",62,"lsp","North America",NA,NA,NA,NA
"panc1246",163,"tdb","Eurasia",NA,NA,NA,NA
"pand1264",69,"bkj","Africa",NA,NA,NA,NA
"pang1286",114,"pgs","Africa",NA,NA,NA,NA
"pang1287",703,"pbr","Africa","Atlantic-Congo",-9.96782,34.8039,"0"
"pang1290",2714,"pag","Papunesia","Austronesian",15.9377,120.365,"1"
"pang1291",601,"slm","Papunesia","Austronesian",6.27167,120.536,"0"
"pani1256",1347,"pcg","Eurasia",NA,NA,NA,NA
"panj1256",14232,"pan",NA,"Indo-European",30.0368,75.6702,"0"
"pank1235",57,"pax","South America",NA,NA,NA,NA
"pank1249",1132,"pkh","Eurasia",NA,NA,NA,NA
"pank1250",603,"paz","South America",NA,NA,NA,NA
"pann1239",24,"pnc","Papunesia",NA,NA,NA,NA
"pano1254",2051,"knt",NA,"Pano-Tacanan",-7.97456,-71.56151,"0"
"pano1255",601,"pno","South America","Pano-Tacanan",-7.16666,-75,"0"
"pany1241",538,"pnw","Australia","Pama-Nyungan",-22.7816,118.723,"0"
"paok1235",1846,"blk","Eurasia",NA,NA,NA,NA
"papa1238",2154,NA,"North America","Totonacan",20.5671,-97.2554,"?"
"papa1263",247,"ppv","South America",NA,NA,NA,NA
"papa1265",1080,"ppn","Papunesia","Austronesian",-5.92283,155.289,"1"
"papa1268",222,"dpp","Papunesia","Austronesian",5.57378,115.58,"0"
"papa1269",94,"pas","Papunesia",NA,NA,NA,NA
"pape1239",635,"pbo","Africa",NA,NA,NA,NA
"papi1253",6316,"pap",NA,NA,NA,NA,NA
"papi1254",391,"pat",NA,"Austronesian",-2.06222,147.417,"0"
"papi1255",574,"ppe","Papunesia",NA,NA,NA,NA
"papo1239",166,"ppu","Papunesia",NA,NA,NA,NA
"papu1250",7387,"pmy",NA,"Austronesian",-2.53482,139.651,"0"
"papu1255",525,"pgz","Papunesia",NA,NA,NA,NA
"para1299",1345,NA,"Eurasia",NA,NA,NA,NA
"para1301",2767,"prk","Eurasia","Austroasiatic",22.8658,99.375,"0"
"para1302",222,"pzn","Eurasia","Sino-Tibetan",26.2072,95.1618,"0"
"para1310",2123,"aap",NA,NA,NA,NA,NA
"para1311",21541,"gug",NA,"Tupian",-25.60551,-57.08816,NA
"para1312",619,"pak","South America",NA,NA,NA,NA
"para1313",6,"paf","South America",NA,NA,NA,NA
"para1315",2078,"gvp","South America",NA,NA,NA,NA
"para1316",1000,"pbg","South America","Arawakan",10.8427,-71.8399,NA
"para1318",430,"pys","South America",NA,NA,NA,NA
"para1320",418,"agp","Papunesia",NA,NA,NA,NA
"pard1243",85,"pcl","Eurasia",NA,NA,NA,NA
"pard1245",270,"pch","Eurasia",NA,NA,NA,NA
"pare1266",637,"pcj",NA,"Austroasiatic",19.075,83.9723,"0"
"pare1272",4217,"pab","South America","Arawakan",-14.5929,-57.4059,"0"
"pari1256",714,"lkr","Africa",NA,NA,NA,NA
"park1237",6669,"kvx",NA,NA,NA,NA,NA
"park1239",1501,"pbi","Africa",NA,NA,NA,NA
"pars1251",368,"prp","Eurasia",NA,NA,NA,NA
"part1239",1842,"xpr","Eurasia",NA,NA,NA,NA
"pary1242",1188,"paq","Eurasia",NA,NA,NA,NA
"pasi1259",32,NA,"Papunesia",NA,NA,NA,NA
"pass1247",431,"yac","Papunesia",NA,NA,NA,NA
"pata1260",28,"ptn","Papunesia",NA,NA,NA,NA
"pata1261",301,"pth","South America",NA,NA,NA,NA
"pata1262",1973,"pbc","South America",NA,NA,NA,NA
"pate1247",2933,"ptp","Papunesia","Austronesian",-6.91988,146.639,"0"
"path1235",308,"pty","Eurasia",NA,NA,NA,NA
"patp1243",1402,"gfk","Papunesia","Austronesian",-3.74711,152.493,"1"
"patt1247",93,"ptq","Eurasia",NA,NA,NA,NA
"patt1248",918,"lae","Eurasia","Sino-Tibetan",32.6963,76.5966,"0"
"patt1249",2415,"mfa","Eurasia",NA,NA,NA,NA
"patw1250",2039,"pwi","North America",NA,NA,NA,NA
"paul1238",486,NA,"Papunesia","Austronesian",-3.25404,128.779,"0"
"paum1247",1673,"pad","South America",NA,NA,NA,NA
"paun1241",1581,"pnk","South America","Arawakan",-14.353747,-63.086994,"0"
"paus1244",911,"psm","South America",NA,NA,NA,NA
"pawa1255",277,"pwa","Papunesia",NA,-6.88021,145.081,"0"
"pawn1254",2300,"paw","North America","Caddoan",36.2862,-96.8937,"0"
"payn1244",121,"pmr","Papunesia","Nuclear Trans New Guinea",-4.94303,144.879,"0"
"pear1247",113,"pcb","Eurasia",NA,NA,NA,NA
"pech1241",1811,"pay",NA,"Chibchan",15.8033,-85.558,"?"
"pech1242",95,"xpc","Eurasia",NA,NA,NA,NA
"pedi1238",18101,"nso","Africa",NA,NA,NA,NA
"peee1238",166,"pai","Africa",NA,NA,NA,NA
"peer1241",235,"pfe","Africa","Atlantic-Congo",7.82186,12.2518,"?"
"peka1242",108,"pel","Papunesia",NA,NA,NA,NA
"pela1242",771,"bxd","Eurasia","Sino-Tibetan",24.2142,97.9183,"0"
"pele1245",842,"ata","Papunesia",NA,-5.58045,151.05,"0"
"pemo1245",146,"pev","South America",NA,NA,NA,NA
"pemo1248",4649,"aoc","South America","Cariban",4.97031,-61.4033,"0"
"pend1242",2806,"ums","Papunesia","Austronesian",-0.11396,119.862,"0"
"peng1244",596,"peg","Eurasia","Dravidian",19.3435,83.6552,"0"
"penn1240",6743,"pdc","Eurasia, North America",NA,NA,NA,NA
"peno1243",87,NA,"North America",NA,NA,NA,NA
"peno1244",512,"mil","North America",NA,NA,NA,NA
"penr1237",648,NA,"Papunesia","Austronesian",-9.082238,-157.922908,"1"
"pent1242",100,"ptw","North America",NA,NA,NA,NA
"pera1256",2311,"pea","Papunesia",NA,NA,NA,NA
"peri1253",2521,"mvf","Eurasia","Mongolic-Khitan",42.4208,110.157,"0"
"pero1241",869,"pip","Africa",NA,NA,NA,NA
"pers1244",834,"psc","Eurasia",NA,NA,NA,NA
"peru1235",561,"prl","South America",NA,NA,NA,NA
"peta1245",330,"pex","Papunesia",NA,NA,NA,NA
"peta1247",559,"zpe","North America",NA,NA,NA,NA
"petj1238",2684,"pey",NA,NA,NA,NA,NA
"peve1243",709,"lme","Africa",NA,NA,NA,NA
"phai1238",1133,"prt","Eurasia","Austroasiatic",19.0383,101.218,"0"
"phak1238",630,"phk","Eurasia","Tai-Kadai",27.8197,95.8131,"1"
"phal1254",1861,"phl","Eurasia",NA,NA,NA,NA
"phal1256",23,"ypa","Eurasia",NA,NA,NA,NA
"phen1239",1358,"pem","Africa",NA,NA,NA,NA
"phil1239",689,"psp","Papunesia",NA,NA,NA,NA
"phoe1239",1853,"phn","Eurasia","Afro-Asiatic",34.12,35.65,"1"
"phol1237",386,"ypg","Eurasia",NA,NA,NA,NA
"phom1236",643,"nph","Eurasia","Sino-Tibetan",26.4715,94.7476,"1"
"phon1246",350,"pnx","Eurasia","Austroasiatic",19.9622,104.088,"0"
"phra1235",216,"kjt","Eurasia",NA,NA,NA,NA
"phry1239",2367,"xpg","Eurasia",NA,NA,NA,NA
"phua1239",2063,"phu","Eurasia",NA,NA,NA,NA
"phui1238",589,"pug","Africa",NA,NA,NA,NA
"phuk1235",69,"phh","Eurasia",NA,NA,NA,NA
"phum1235",17,"ypm","Eurasia",NA,NA,NA,NA
"phun1245",1140,"pho","Eurasia",NA,NA,NA,NA
"phuo1238",172,"phg","Eurasia",NA,NA,NA,NA
"phut1244",636,"pht","Eurasia",NA,NA,NA,NA
"phut1246",32,NA,"Africa",NA,NA,NA,NA
"phuz1235",96,"ypz","Eurasia",NA,NA,NA,NA
"piap1246",2254,"pio","South America","Arawakan",4.37718,-68.5953,NA
"piar1243",5037,"pid","South America",NA,NA,NA,NA
"pica1241",2858,"pcd","Eurasia",NA,NA,NA,NA
"pich1237",3057,"cpu","South America","Arawakan",-10.47249,-74.60281,"0"
"pict1238",144,"xpi","Eurasia",NA,NA,NA,NA
"picu1248",17,NA,"North America",NA,NA,NA,NA
"pidg1246",287,"dep","North America",NA,NA,NA,NA
"pidg1249",12,NA,"North America",NA,NA,NA,NA
"pieg1239",317,NA,"North America",NA,NA,NA,NA
"piem1238",7239,"pms","Eurasia",NA,NA,NA,NA
"pija1235",753,"pij","South America",NA,NA,NA,NA
"pije1237",345,"piz","Papunesia",NA,NA,NA,NA
"piji1239",2417,"pis","Eurasia, Papunesia","Indo-European",-9.567,160.137,"1"
"pila1245",1072,"plg","South America","Guaicuruan",-25.0058,-60.1537,"0"
"pile1238",1177,"piv","Papunesia","Austronesian",-10.173335,166.247188,"1"
"pima1248",2456,"pia","North America","Uto-Aztecan",28.654,-108.326,"1"
"pimb1238",595,"piw","Africa",NA,NA,NA,NA
"pina1252",848,"pnn","Papunesia","Piawi",-5.12624,144.137,"0"
"ping1243",907,"pif","Papunesia","Austronesian",6.20743,160.711,"0"
"pini1244",54,"pnv",NA,NA,NA,NA,NA
"pini1245",122,"tjp","Australia",NA,NA,NA,NA
"pinj1243",311,NA,"Africa",NA,NA,NA,NA
"pino1237",1047,"mio","North America",NA,NA,NA,NA
"pint1250",5207,"piu","Australia","Pama-Nyungan",-23.2963,130.643,"?"
"pint1251",449,"pti","Australia",NA,NA,NA,NA
"piny1238",222,"pny","Africa",NA,NA,NA,NA
"pipi1250",2324,"ppl","North America","Uto-Aztecan",13.8931,-89.443,"1"
"pira1253",4277,"myp","South America",NA,NA,NA,NA
"pira1254",2195,"pir","South America",NA,NA,NA,NA
"pirl1238",26,"bxi","Australia",NA,NA,NA,NA
"piro1248",201,"pie","North America",NA,NA,NA,NA
"pirr1240",196,"xpa","Australia",NA,NA,NA,NA
"pisa1237",789,"tpp","North America",NA,NA,NA,NA
"pisc1239",131,"psy","North America",NA,NA,NA,NA
"pisi1234",338,"xps","Eurasia",NA,NA,NA,NA
"pitc1234",2577,"pih","Papunesia",NA,NA,NA,NA
"pite1240",3315,"sje","Eurasia","Uralic",66.4011,17.4261,"0"
"pitj1243",8101,"pjt","Australia",NA,NA,NA,NA
"pitt1247",722,"pit","Australia","Pama-Nyungan",-22.7952,139.983,"0"
"piuu1237",33,"pix","Papunesia",NA,NA,NA,NA
"piya1245",23,"piy","Africa",NA,NA,NA,NA
"plai1235",2925,"psd","North America",NA,NA,NA,NA
"plai1258",9722,"crk","North America","Algic",51.2437,-110.463,"0"
"plai1259",317,"pmw","North America",NA,NA,NA,NA
"plap1239",844,"ktj","Africa",NA,NA,NA,NA
"plat1254",49839,"plt","Africa","Austronesian",-19.5907,47.1211,"1"
"plau1238",3929,"pdt","North America","Indo-European",49.578028,-109.353868,"1"
"play1240",124,"gob","South America",NA,NA,NA,NA
"pnar1238",2173,"pbv","Eurasia","Austroasiatic",24.8237,92.2628,"1"
"poch1243",556,"npo","Eurasia",NA,NA,NA,NA
"poch1244",114,"xpo","North America",NA,NA,NA,NA
"pode1237",58,"pdn","Papunesia",NA,NA,NA,NA
"pogo1243",257,"poy","Africa",NA,NA,NA,NA
"pohn1238",2798,"pon","Papunesia","Austronesian",6.87212,158.223,"0"
"poke1238",231,"pof","Africa",NA,NA,NA,NA
"poko1261",1455,"pkb","Africa",NA,NA,NA,NA
"poko1263",1551,"pko","Africa","Nilotic",1.57023,35.2318,"1"
"pola1249",41,"pld","Eurasia",NA,NA,NA,NA
"pola1254",303,NA,"North America",NA,NA,NA,NA
"pola1255",3977,"pox","Eurasia",NA,NA,NA,NA
"polc1243",16,"pze",NA,NA,NA,NA,NA
"poli1259",975,"pso","Eurasia",NA,NA,NA,NA
"poli1260",25295,"pol",NA,"Indo-European",51.8439,18.6255,"0"
"poly1242",447,NA,NA,"Austronesian",NA,NA,"1"
"pomm1237",70,"pmo","Papunesia",NA,NA,NA,NA
"pomo1271",872,"pmm","Africa",NA,NA,NA,NA
"ponc1241",231,NA,"North America",NA,NA,NA,NA
"pong1250",85,NA,"Africa",NA,NA,NA,NA
"pono1240",645,"pns","Papunesia",NA,NA,NA,NA
"pont1253",3114,"pnt","Eurasia",NA,NA,NA,NA
"popo1291",82,NA,"Africa",NA,NA,NA,NA
"popt1235",7522,"jac","North America","Mayan",15.6609,-91.6633,"0"
"poqo1253",4905,"poc","North America",NA,NA,NA,NA
"poqo1254",7026,"poh","North America",NA,NA,NA,NA
"poqo1257",234,"poa","North America",NA,NA,NA,NA
"poro1253",41,"prh","Papunesia",NA,NA,NA,NA
"port1277",1336,"psr","Eurasia",NA,NA,NA,NA
"port1278",431,NA,"Australia",NA,NA,NA,NA
"port1283",52178,"por",NA,"Indo-European",39.91,-8.1,"1"
"port1285",956,"psw","Papunesia","Austronesian",-16.4952,167.78,"1"
"port1286",162,"ptv","Papunesia",NA,NA,NA,NA
"pota1247",1229,"pot","North America",NA,NA,NA,NA
"poti1237",638,"pog","South America",NA,NA,NA,NA
"pott1240",1066,"gdb","Eurasia","Dravidian",18.5968,82.7586,"0"
"poum1235",1300,"pmx","Eurasia",NA,NA,NA,NA
"pouy1238",756,"bye","Papunesia",NA,NA,NA,NA
"powh1243",1165,"pim",NA,NA,NA,NA,NA
"poya1241",190,"pyn","South America","Pano-Tacanan",-7.46909,-73.0758,"0"
"pras1239",2532,"prn","Eurasia","Indo-European",35.420531,70.922783,"0"
"prin1242",1613,"pre","Africa",NA,NA,NA,NA
"prov1243",20133651,"prz",NA,NA,NA,NA,NA
"prus1238",2542,"prg","Eurasia",NA,NA,NA,NA
"psik1239",343,"kvj","Africa","Afro-Asiatic",10.677,13.569,"0"
"pueb1234",283,"pbm","North America",NA,NA,NA,NA
"puel1244",1750,"pue","South America",NA,-42.223,-68.666,"0"
"puer1237",101,"psl","North America",NA,NA,NA,NA
"puim1234",355,"npu","Eurasia",NA,NA,NA,NA
"puin1248",1909,"pui","South America",NA,3.92974,-67.6886,NA
"puka1242",1315,"pkp","Papunesia","Austronesian",-10.91,-165.83,"1"
"puko1234",286,"puk","Eurasia",NA,NA,NA,NA
"pula1262",3612,"fuf","Africa","Atlantic-Congo",12.1826,-12.7338,"1"
"pula1263",29206,"fuc","Africa","Atlantic-Congo",13.8694,-13.4482,"1"
"pulu1242",1104,"puw","Papunesia","Austronesian",7.35695,149.2005,"0"
"puma1239",528,"pum","Eurasia","Sino-Tibetan",27.0774,86.838,"0"
"pume1238",2569,"yae","South America",NA,7.10677,-67.5996,"1"
"pump1237",383,"xpm","Eurasia",NA,NA,NA,NA
"puna1266",1368,"puj","Papunesia",NA,NA,NA,NA
"puna1267",69,"pud","Papunesia",NA,NA,NA,NA
"puna1275",105,"pna","Papunesia",NA,NA,NA,NA
"puni1241",1993,"xpu","Africa, Eurasia","Afro-Asiatic",36.527295,10.356444,"1"
"puno1238",712,"qxp","South America",NA,NA,NA,NA
"punu1239",3243,"puu","Africa",NA,NA,NA,NA
"puoc1238",478,"puo","Eurasia","Austroasiatic",20.8862,103.931,"0"
"puqu1242",1277,"puq","South America",NA,-15.8992,-69.9611,"0"
"pura1253",7,"pru","Papunesia",NA,NA,NA,NA
"pura1257",2313,"iar","Papunesia",NA,-7.59133,145.036,"0"
"pure1242",11726,"tsz","North America","Tarascan",19.2467,-101.631,"1"
"puri1258",2753,"prx","Eurasia","Sino-Tibetan",34.3386,76.0127,"1"
"puri1259",110,"puy","North America",NA,NA,NA,NA
"puri1262",339,"prr","South America",NA,NA,NA,NA
"puru1264",118,"pur","South America",NA,NA,NA,NA
"puru1266",673,"pub","Eurasia",NA,NA,NA,NA
"putu1241",282,"afe","Africa",NA,NA,NA,NA
"puxi1243",1682,"cpx","Eurasia",NA,NA,NA,NA
"puyu1239",3860,"pyu","Eurasia, Papunesia","Austronesian",22.643,120.996,"1"
"pwoe1235",1500,"kjp","Eurasia",NA,NA,NA,NA
"pwon1235",1662,"pww",NA,NA,NA,NA,NA
"pwow1235",202,"pwo","Eurasia",NA,NA,NA,NA
"pyap1239",56,"pcw","Africa",NA,NA,NA,NA
"pyek1235",243,"pye","Africa",NA,NA,NA,NA
"pyen1239",257,"pyy","Eurasia",NA,NA,NA,NA
"qabi1235",1618,"laq","Eurasia",NA,NA,NA,NA
"qanj1241",3783,"kjb","North America","Mayan",15.6846,-91.3043,"0"
"qaqe1238",3667,"byx","Australia","Baining",-4.45258,151.702,"0"
"qash1240",2294,"qxq","Eurasia",NA,NA,NA,NA
"qata1238",270,"xqt","Eurasia",NA,NA,NA,NA
"qaua1234",239,"gqu","Eurasia","Tai-Kadai",26.155438,106.16455,"0"
"qawa1238",4525,"alc","South America","Kawesqar",-49.303195,-74.707536,"0"
"qima1242",3403,"ahg","Africa","Afro-Asiatic",12.8119,37.0542,"0"
"quap1242",125,"qua","North America","Siouan",36.9471,-94.6634,"1"
"queb1245",1497,"fcs","North America",NA,NA,NA,NA
"queb1248",54,NA,"North America",NA,NA,NA,NA
"quec1382",1802,"yum",NA,NA,NA,NA,NA
"quec1387",1185,NA,NA,NA,NA,NA,NA
"quer1236",2219,"otq","North America","Otomanguean",20.1396,-100.115,"1"
"quet1239",61,"pxm","North America",NA,NA,NA,NA
"quey1238",117,"qvy","Eurasia","Sino-Tibetan",30.3113,100.813,"?"
"quia1235",273,"zpj","North America",NA,NA,NA,NA
"quil1240",1474,"qui","North America","Chimakuan",47.9106,-124.603,"1"
"quin1236",144,"quq","Eurasia",NA,NA,NA,NA
"quin1251",622,"qun","North America",NA,NA,NA,NA
"quio1240",2775,"chq","North America","Otomanguean",17.5621,-96.602,"0"
"quio1241",74,"ztq",NA,NA,NA,NA,NA
"rabh1238",2184,"rah","Eurasia","Sino-Tibetan",25.8248,91.1689,"0"
"rade1240",4890,"rad","Eurasia","Austronesian",12.979,108.41,"0"
"raet1238",265,"xrr","Eurasia",NA,NA,NA,NA
"rain1239",431,NA,"North America",NA,NA,NA,NA
"raja1254",14,"mqk","Papunesia",NA,NA,NA,NA
"rajb1243",1425,"rjs","Eurasia",NA,NA,NA,NA
"raji1240",812,"rji","Eurasia","Sino-Tibetan",28.6151,81.577,"0"
"rajo1237",157,"rjg","Papunesia",NA,NA,NA,NA
"rajp1235",273,"gra","Eurasia",NA,NA,NA,NA
"raka1237",799,"rkh","Papunesia",NA,NA,NA,NA
"rakh1245",1642,"rki",NA,NA,NA,NA,NA
"rali1241",102,NA,"Papunesia",NA,NA,NA,NA
"ralt1242",35,"ral","Eurasia",NA,NA,NA,NA
"rama1270",2263,"rma","North America","Chibchan",11.5007,-83.8571,"1"
"ramo1244",2831,"rai","Papunesia","Austronesian",-4.17306,152.451,"0"
"ramp1243",328,"lje","Papunesia",NA,NA,NA,NA
"rana1246",1001,"thr","Eurasia",NA,NA,NA,NA
"rang1265",1742,"rkt","Eurasia",NA,NA,NA,NA
"rang1266",60,"rgk","Eurasia",NA,NA,NA,NA
"rang1267",1358,"rnl","Eurasia",NA,NA,NA,NA
"raoo1244",168,"rao","Papunesia",NA,NA,NA,NA
"rapa1244",9948,"rap","Papunesia","Austronesian",-27.113,-109.342,"1"
"rapa1245",3440,"ray","Papunesia","Austronesian",-27.6304,-144.338,"1"
"rapo1238",776,"kyx","Papunesia","North Bougainville",-5.78724,154.834,"1"
"rara1235",460,"lra",NA,NA,NA,NA,NA
"raro1241",4453,"rar","Papunesia","Austronesian",-21.23,-159.78,"1"
"rata1243",266,NA,"Papunesia",NA,NA,NA,NA
"rata1244",263,NA,"Papunesia","Austronesian",1.07592,124.858,"0"
"rata1245",19,"btn","Papunesia",NA,NA,NA,NA
"rath1242",487,"bgd","Eurasia",NA,NA,NA,NA
"rath1243",684,"rtw","Eurasia",NA,NA,NA,NA
"raut1239",969,"rau","Eurasia","Sino-Tibetan",28.9518,81.1617,"0"
"ravu1237",789,"yea","Eurasia",NA,NA,NA,NA
"rawa1264",1124,"jnl","Eurasia",NA,NA,NA,NA
"rawa1265",3058,"raw","Eurasia",NA,NA,NA,NA
"rawa1267",3090,"rwo","Papunesia","Nuclear Trans New Guinea",-5.83155,145.937,"1"
"rawo1244",58,"rwa","Papunesia",NA,NA,NA,NA
"rayo1235",1572,"zor","North America",NA,NA,NA,NA
"redg1235",1568,"gir","Eurasia",NA,NA,NA,NA
"redl1238",360,NA,"North America",NA,NA,NA,NA
"reel1238",966,"atu","Africa",NA,NA,NA,NA
"reja1240",2115,"rej","Eurasia, Papunesia",NA,NA,NA,NA
"reja1241",1384,NA,"Papunesia","Austronesian",2.71903,114.169,"0"
"reli1238",562,"rei","Eurasia",NA,NA,NA,NA
"remb1249",2423,"rmb","Australia",NA,NA,NA,NA
"remb1250",1020,"reb","Papunesia","Austronesian",-8.53361,120.973,"0"
"remo1247",141,"agv","Papunesia","Austronesian",14.6254,121.453,"0"
"remo1248",675,"rem","Eurasia",NA,NA,NA,NA
"remp1241",75,"rmp","Papunesia",NA,NA,NA,NA
"remu1237",98,"lkj","Papunesia",NA,NA,NA,NA
"rend1243",3481,"rel","Africa","Afro-Asiatic",2.27065,37.3608,"?"
"reng1252",2212,"ren","Eurasia","Austroasiatic",14.456,107.9459,"0"
"renn1236",452,"rsi","Papunesia",NA,NA,NA,NA
"renn1242",1845,"mnv","Papunesia","Austronesian",-11.6237,160.265,"1"
"rera1240",434,"rea","Papunesia",NA,NA,NA,NA
"rere1240",1944,"pgk","Papunesia","Austronesian",-16.2934,167.651,"1"
"resh1242",350,"res","Africa",NA,NA,NA,NA
"resi1247",1697,"rgr","South America","Arawakan",-1.169535,-71.60524,"0"
"rett1240",857,"ret","Papunesia",NA,NA,NA,NA
"reun1238",4163,"rcf","Africa",NA,NA,NA,NA
"reye1240",409,"rey","South America","Pano-Tacanan",-14.8333,-67.0833,"0"
"rian1261",845,"ril","Eurasia",NA,NA,NA,NA
"rian1262",1374,"ria","Eurasia",NA,NA,NA,NA
"rian1263",140,"ran","Papunesia","Kolopom",-7.50746,138.484,"0"
"ribu1241",301,"rir","Papunesia",NA,NA,NA,NA
"rien1238",220,"rie","Eurasia",NA,NA,NA,NA
"rikb1245",1699,"rkb","South America","Nuclear-Macro-Je",-11.1887,-58.1942,"?"
"rinc1236",2473,"zar","North America",NA,NA,NA,NA
"ring1244",487,"rgu","Papunesia",NA,NA,NA,NA
"riog1239",1185,"hrx",NA,NA,NA,NA,NA
"rita1239",896,"rit","Australia","Pama-Nyungan",-13.4559,135.259,"0"
"riun1237",487,"riu","Papunesia",NA,NA,NA,NA
"rive1257",663,"snj","Africa",NA,NA,NA,NA
"rogo1238",243,"rod","Africa",NA,NA,NA,NA
"rohi1238",810,"rhg","Eurasia",NA,NA,NA,NA
"roma1240",71,"rge","Eurasia",NA,NA,NA,NA
"roma1324",204,"rms","Eurasia",NA,NA,NA,NA
"roma1326",5076,"roh","Eurasia","Indo-European",46.5538,9.92812,"1"
"roma1327",38433,"ron",NA,NA,NA,NA,NA
"roma1328",1415,"rgn","Eurasia",NA,NA,NA,NA
"roma1331",52,"rmx","Eurasia",NA,NA,NA,NA
"roma1332",269,"rmm","Papunesia",NA,NA,NA,NA
"romb1244",640,"rof","Africa",NA,NA,NA,NA
"romb1245",1379,"rol","Papunesia","Austronesian",12.4047,122.56,"?"
"rong1264",894,"rnp","Eurasia","Sino-Tibetan",30.528,79.567,"0"
"rong1266",2115,"nbu","Eurasia","Sino-Tibetan",25.098,93.7869,"1"
"rong1268",4660,"rng","Africa",NA,NA,NA,NA
"rong1269",859,"ror","Papunesia",NA,NA,NA,NA
"ronj1237",90,"roe","Papunesia",NA,NA,NA,NA
"ronn1241",1807,"cla","Africa","Afro-Asiatic",9.3,9.02,"1"
"roon1237",104,"rnn","Papunesia",NA,NA,NA,NA
"roto1249",7460,"roo","Papunesia","North Bougainville",-5.94339,155.154,"1"
"rotu1241",1821,"rtm","Papunesia","Austronesian",-12.5008,177.066,"1"
"rovi1238",1634,"rug","Papunesia","Austronesian",-8.20493,157.408,"1"
"ruch1235",4057,"pce","Eurasia","Austroasiatic",21.6176,98.0915,"0"
"rudb1238",14,"rdb","Eurasia",NA,NA,NA,NA
"ruga1238",132,"ruh","Eurasia",NA,NA,NA,NA
"ruka1240",4151,"dru","Papunesia","Austronesian",22.7738,120.844,"0"
"ruma1248",292,"rbb","Eurasia","Austroasiatic",23.6404,97.3172,"0"
"rumu1243",740,"klq","Papunesia","Turama-Kikori",-7.17149,144.179,"0"
"rund1242",12046,"run","Africa",NA,NA,NA,NA
"rung1258",972,"rou","Africa","Maban",9.7154,20.9945,"1"
"rung1259",200,"drg","Papunesia","Austronesian",6.83989,116.743,"1"
"russ1255",2164,"rsl","Eurasia",NA,NA,NA,NA
"russ1263",44887,"rus","Eurasia","Indo-European",59,50,"0"
"russ1264",3688,"bxr","Eurasia","Mongolic-Khitan",50.8533,105.564,"0"
"rusy1239",6857,"rue","Eurasia",NA,NA,NA,NA
"rutu1240",6290,"rut","Africa","Nakh-Daghestanian",41.6187,47.3244,"0"
"ruul1235",816,"ruc","Africa",NA,NA,NA,NA
"ruun1238",3285,"rnd","Africa",NA,NA,NA,NA
"rwaa1238",104,"rwk","Africa",NA,NA,NA,NA
"rwan1246",187,"rsn","Africa",NA,NA,NA,NA
"saaa1240",1108,"apb","Papunesia","Austronesian",-9.60258,161.467,"1"
"saaa1241",609,"sax","Papunesia","Austronesian",-15.9534,168.228,"0"
"saaf1238",793,"sav","Africa",NA,NA,NA,NA
"saam1282",236,NA,"Eurasia",NA,NA,NA,NA
"saam1283",2802,"lsm",NA,"Atlantic-Congo",0.3652,34.0335,"0"
"saar1237",856,"sxr","Papunesia","Austronesian",23.2632,120.711,"1"
"saba1262",1669,"spy","Africa",NA,NA,NA,NA
"saba1263",2151,"msi","Papunesia","Austronesian",4.64808,117.024,"1"
"saba1265",322,"snv",NA,NA,NA,NA,NA
"saba1267",464,"bsy","Papunesia","Austronesian",5.30433,115.512,"1"
"saba1268",540,"sae","South America","Nambiquaran",-12.9857,-60.335,"0"
"saba1276",427,"saa",NA,NA,NA,NA,NA
"saba1279",3226,"xsa","Eurasia",NA,NA,NA,NA
"sabe1248",565,"qhr","Eurasia",NA,NA,NA,NA
"sabi1245",396,"sbv","Eurasia",NA,NA,NA,NA
"sabu1255",1272,"hvn","Papunesia","Austronesian",-10.5522,121.847,"0"
"saca1238",1773,"quv","North America",NA,NA,NA,NA
"sadr1248",2527,"sck","Eurasia",NA,NA,NA,NA
"saek1240",4567,"skb","Eurasia",NA,NA,NA,NA
"saep1240",202,"spd","Papunesia",NA,NA,NA,NA
"safa1243",957,"saf","Africa",NA,NA,NA,NA
"safe1240",3152,"apz","Papunesia",NA,NA,NA,NA
"safw1238",855,"sbk","Africa","Atlantic-Congo",-8.54936,33.4766,"?"
"saga1256",81,"sbm","Africa",NA,NA,NA,NA
"saga1262",153,"tga","Africa","Atlantic-Congo",-3.60164,38.5037,"0"
"saho1246",3243,"ssy","Africa",NA,NA,NA,NA
"sahu1245",532,"saj","Papunesia",NA,NA,NA,NA
"said1239",1340,"aec","Africa",NA,NA,NA,NA
"sain1246",5978,"acf","Africa, North America",NA,NA,NA,NA
"sais1237",1980,NA,"Papunesia","Austronesian",24.6043,121.067,"0"
"saja1240",1418,"sjl","Eurasia",NA,NA,NA,NA
"saja1241",18,"sjb","Papunesia",NA,NA,NA,NA
"saka1283",76,"sch","Eurasia",NA,NA,NA,NA
"saka1287",3901,"skt","Africa",NA,NA,NA,NA
"saka1289",1016,"sku","Papunesia","Austronesian",-15.0757,167.051,"0"
"saka1291",629,"skg","Africa","Austronesian",-20.28,44.32,"1"
"sake1247",8,"sak","Africa",NA,NA,NA,NA
"sakh1247",58,NA,"Eurasia",NA,NA,NA,NA
"saki1247",533,"szy","Papunesia","Austronesian",24.026316,121.531394,"1"
"saki1248",987,"skf","South America","Tupian",-13.054,-62.0927,"0"
"sala1264",5261,"slr","Eurasia",NA,NA,NA,NA
"sala1268",502,"slx","Africa",NA,NA,NA,NA
"sala1272",1886,"qxl","South America",NA,NA,NA,NA
"sala1273",38,NA,"South America",NA,NA,NA,NA
"salc1238",379,"slq","Eurasia",NA,NA,NA,NA
"sali1253",1622,"sln","North America",NA,37.6646,-121.718,"0"
"sali1295",1010,"sbe","Papunesia",NA,NA,NA,NA
"sali1298",1853,"slc","South America",NA,NA,NA,NA
"sall1238",94,"sdz","Papua",NA,NA,NA,NA
"salt1242",1626,"sll","Papunesia","Nuclear Trans New Guinea",-6.26519,145.021,NA
"salu1253",684,"loe","Papunesia",NA,NA,NA,NA
"salu1254",60,"slj","South America",NA,NA,NA,NA
"salv1237",151,"esn","North America",NA,NA,NA,NA
"sama1240",228,"tmj","Papunesia",NA,NA,NA,NA
"sama1295",232,"ysd","Eurasia",NA,NA,NA,NA
"sama1300",42,NA,"Africa",NA,NA,NA,NA
"sama1313",1455,"smp","Eurasia",NA,NA,NA,NA
"sama1314",344,"sam","Eurasia",NA,NA,NA,NA
"samb1305",1420,"ndi","Africa","Atlantic-Congo",8.19236,11.7366,"1"
"samb1307",89,"xab","Africa",NA,NA,NA,NA
"samb1309",2218,"smx",NA,NA,NA,NA,NA
"samb1311",617,"ccg","Africa","Atlantic-Congo",8.06905,11.7077,"1"
"samb1315",2208,"saq","Africa",NA,NA,NA,NA
"samb1321",16,"ssx","Papunesia",NA,NA,NA,NA
"samb1325",286,"spv","Eurasia",NA,NA,NA,NA
"same1240",406,"smh","Eurasia",NA,NA,NA,NA
"samm1244",535,"snx","Papunesia",NA,NA,NA,NA
"samo1303",2997,"smq","Papunesia","East Strickland",-6.15496,142.195,"?"
"samo1305",6628,"smo","Papunesia","Austronesian",-13.92,-171.83,"1"
"samp1249",568,"rav","Eurasia",NA,NA,NA,NA
"samr1245",328,"sxm","Eurasia",NA,NA,NA,NA
"samt1238",126,"stu","Eurasia",NA,NA,NA,NA
"sana1281",611,"sap","South America",NA,NA,NA,NA
"sana1286",75,"ztm","North America",NA,NA,NA,NA
"sana1295",4850,"ayn","Eurasia","Afro-Asiatic",15.6552,44.8412,"1"
"sana1297",1232,"icr","North America","Indo-European",12.55352,-81.70425,"1"
"sana1298",973,"spn","South America",NA,NA,NA,NA
"sanb1241",19,"zpx","North America","Otomanguean",16.0409,-96.762,"0"
"sanb1242",20189237,"cuk",NA,"Chibchan",9.15686,-78.3075,"1"
"sand1273",10336,"sad",NA,NA,-5.26918,35.4808,"1"
"sand1278",532,"hve","North America","Huavean",16.3514,-94.7001,"1"
"sanf1258",373,"hue","North America",NA,NA,NA,NA
"sanf1262",2641,"mat","North America",NA,NA,NA,NA
"sanf1264",1653,"pow","North America",NA,NA,NA,NA
"sanf1266",145,"xso","North America",NA,NA,NA,NA
"sang1315",1102,"sgr","Eurasia",NA,NA,NA,NA
"sang1320",628,"sgk","Eurasia",NA,NA,NA,NA
"sang1321",1079,"nsa","Eurasia","Sino-Tibetan",25.8581,94.6279,"?"
"sang1328",10628,"sag","Africa",NA,NA,NA,NA
"sang1330",860,"sbp","Africa","Atlantic-Congo",-8.4,33.9,"?"
"sang1331",1152,"sng","Africa","Atlantic-Congo",-10.0236,26.8462,"0"
"sang1333",3089,"snq","Africa",NA,NA,NA,NA
"sang1336",3054,"sxn","Papunesia",NA,NA,NA,NA
"sang1337",339,"snl","Papunesia",NA,NA,NA,NA
"sang1339",220,"scg","Eurasia, Papunesia",NA,NA,NA,NA
"sang1343",812,"sgl","Eurasia",NA,NA,NA,NA
"sang1344",233,"sgy","Eurasia",NA,NA,NA,NA
"sani1269",1632,"ysn","Eurasia","Sino-Tibetan",24.278,103.759,"0"
"sani1270",1474,"sny","Papunesia",NA,NA,NA,NA
"sani1273",330,NA,"North America",NA,NA,NA,NA
"sanj1281",438,"mjc","North America",NA,NA,NA,NA
"sanj1282",55,"xtj","North America",NA,NA,NA,NA
"sanj1284",11298,"zab",NA,"Otomanguean",17.0332,-96.5967,"0"
"sanj1285",1659,"poe","North America",NA,NA,NA,NA
"sanj1286",1619,"maa","North America",NA,NA,NA,NA
"sank1253",207,"msc","Africa",NA,NA,NA,NA
"sanl1248",92,"pps","North America",NA,NA,NA,NA
"sanm1287",3582,"huv","North America",NA,NA,NA,NA
"sanm1289",4718,"qvs","South America","Quechuan",-6.9582,-76.6608,"0"
"sanm1295",7252,"mig","North America","Otomanguean",17.046881,-97.622482,"0"
"sanm1298",441,"trq","North America",NA,NA,NA,NA
"sanm1301",653,"pls","North America","Otomanguean",18.74,-97.5936,"?"
"sanm1305",83,"scf","North America",NA,NA,NA,NA
"sanp1257",237,NA,"North America",NA,NA,NA,NA
"sanp1260",2092,"azg","North America",NA,NA,NA,NA
"sanp1261",73,"zpf","North America",NA,NA,NA,NA
"sans1269",30821,"san","Eurasia",NA,NA,NA,NA
"sans1271",120,"ssi","Eurasia",NA,NA,NA,NA
"sans1272",3554,"kwy","Africa",NA,NA,NA,NA
"sant1410",14377,"sat","Eurasia","Austroasiatic",25.0317,87.8185,"?"
"sant1421",357,NA,"North America",NA,NA,NA,NA
"sant1422",217,"hvv","North America",NA,NA,NA,NA
"sant1423",35,"nhz","North America",NA,NA,NA,NA
"sant1424",14,"cok","North America",NA,NA,NA,NA
"sant1425",210,NA,"North America",NA,NA,NA,NA
"sant1426",360,NA,"North America",NA,NA,NA,NA
"sant1432",5090,"qus","South America",NA,NA,NA,NA
"sant1433",946,"qxt","South America",NA,NA,NA,NA
"sant1436",140,"mza","North America","Otomanguean",16.7003,-97.9484,"1"
"sant1439",44,"mdv","North America",NA,NA,NA,NA
"sant1450",336,"zas","North America",NA,NA,NA,NA
"sant1451",1302,"zpi","North America","Otomanguean",16.033,-96.0486,"0"
"sant1452",237,"zpr","North America",NA,NA,NA,NA
"sant1454",40,"pca","North America",NA,NA,NA,NA
"sanu1240",3165,"xsu","South America","Yanomamic",4.5,-64.5,"1"
"sanv1242",39,"zpt",NA,NA,NA,NA,NA
"sanz1248",38,NA,"Eurasia",NA,NA,NA,NA
"saoc1239",353,"scq","Eurasia",NA,NA,NA,NA
"saop1235",194,"zkp","South America",NA,NA,NA,NA
"saot1239",1872,"cri","Africa",NA,NA,NA,NA
"sapa1251",1262,"spr","Papunesia",NA,NA,NA,NA
"sape1238",85,"spc","South America",NA,NA,NA,NA
"sapo1253",1008,"sps","Papunesia","Austronesian",-5.64103,154.732,"1"
"sapu1248",127,NA,"Eurasia","Austroasiatic",15.3692,106.843,"0"
"sara1319",494,"sbz","Africa",NA,NA,NA,NA
"sara1321",1199,"kwv","Africa","Central Sudanic",9.39388,19.2566,"0"
"sara1322",1116,"kwg","Africa",NA,NA,NA,NA
"sara1326",1694,"bps","Papunesia",NA,NA,NA,NA
"sara1327",1232,"mbs","Papunesia","Austronesian",5.84903,125.499,"0"
"sara1329",104,"sre",NA,NA,NA,NA,NA
"sara1331",270,NA,"South America","Arawakan",-16.07,-57.8,"?"
"sara1340",10655,"srm","South America","Indo-European",4.54729,-54.0238,"1"
"sari1246",2416,"srh","Eurasia",NA,NA,NA,NA
"sarr1246",5395,"mwm","Africa",NA,NA,NA,NA
"sars1236",1006,"srs","North America","Athabaskan-Eyak-Tlingit",50.8822,-114.301,"0"
"sart1249",184,"onp","Eurasia",NA,NA,NA,NA
"saru1245",29,"swy","Africa",NA,NA,NA,NA
"sasa1249",4439,"sas","Papunesia","Austronesian",-8.58349,116.284,"0"
"sass1235",1306,"sdc","Eurasia",NA,NA,NA,NA
"sata1237",988,"stw","Papunesia","Austronesian",7.36084,147.038,"1"
"sate1242",1557,"stq","Eurasia",NA,NA,NA,NA
"sate1243",2429,"mav","South America",NA,NA,NA,NA
"saud1238",84,"sdl","Eurasia",NA,NA,NA,NA
"sauk1252",1336,"skc","Papunesia","Nuclear Trans New Guinea",-6.31958,146.759,"0"
"saur1248",1567,"saz","Eurasia",NA,NA,NA,NA
"saur1249",1538,"mjt","Eurasia","Dravidian",24.8124,87.6432,"0"
"saur1252",264,"psu","Eurasia",NA,NA,NA,NA
"savi1242",205,"sdg","Eurasia",NA,NA,NA,NA
"savo1255",1043,"svs","Papunesia",NA,-9.12853,159.814,"1"
"sawa1247",588,"szw","Papunesia",NA,NA,NA,NA
"sawe1240",34,"swr","Papunesia",NA,NA,NA,NA
"sawi1256",496,"swt","Papunesia",NA,NA,NA,NA
"sawi1257",85,"saw",NA,NA,NA,NA,NA
"sawk1238",194,"swn","Africa",NA,NA,NA,NA
"saxw1241",473,"sxw","Africa",NA,NA,NA,NA
"saya1246",875,"say","Africa","Afro-Asiatic",9.69441,9.71748,"1"
"sayu1241",1583,"pos","North America",NA,NA,NA,NA
"scot1243",8623,"sco","Eurasia",NA,NA,NA,NA
"scot1245",9166,"gla","Eurasia",NA,NA,NA,NA
"sder1236",154,"tsk","Eurasia",NA,NA,NA,NA
"seba1247",139,"kdg","Africa",NA,NA,NA,NA
"seba1251",6674,"sgw","Africa",NA,NA,NA,NA
"sebe1242",244,"sbx","Eurasia, Papunesia",NA,NA,NA,NA
"sebo1238",37,"sib","Papunesia",NA,NA,NA,NA
"sech1246",360,"sec","North America",NA,NA,NA,NA
"seco1241",2891,"sey","South America",NA,NA,NA,NA
"seda1262",4966,"sed","Eurasia","Austroasiatic",14.7793,108.027,"0"
"seek1238",761,"sos","Africa",NA,NA,NA,NA
"sega1243",33,"sge","Papunesia",NA,NA,NA,NA
"sege1235",429,"sbg","Papunesia",NA,NA,NA,NA
"sege1246",150,"seg","Papua",NA,NA,NA,NA
"sehw1238",700,"sfw","Africa",NA,NA,NA,NA
"seim1238",203,"ssg","Papunesia","Austronesian",-1.2666667,144.25,"0"
"seit1239",13,"hik","Papunesia",NA,NA,NA,NA
"seka1247",113,"skz","Papunesia",NA,NA,NA,NA
"seka1250",801,"sek","North America",NA,NA,NA,NA
"seke1240",442,"skj","Eurasia",NA,NA,NA,NA
"seke1241",746,NA,"Papunesia","Austronesian",-15.8839,168.197,"1"
"seki1238",1959,NA,"Africa",NA,NA,NA,NA
"seko1242",91,"sko","Papunesia",NA,NA,NA,NA
"seko1243",192,"skx","Papunesia",NA,NA,NA,NA
"sekp1241",947,"lip","Africa","Atlantic-Congo",7.16751,0.5886,"1"
"sela1253",16,"kgi","Eurasia",NA,NA,NA,NA
"sela1259",431,"slu","Papunesia","Austronesian",-8.18376,130.961,"1"
"sela1260",899,"sly","Papunesia","Austronesian",-6.10145,120.496,"1"
"sele1249",946,"snw","Africa","Atlantic-Congo",7.17462,0.42458,"1"
"sele1250",6615,"spl","Papunesia","Nuclear Trans New Guinea",-6.03532,147.234,"0"
"selk1253",7145,"sel","Eurasia",NA,NA,NA,NA
"sema1265",2045,"szc","Eurasia","Austroasiatic",4.1217,102.816,"0"
"sema1266",4432,"sea","Eurasia","Austroasiatic",4.13257,101.477,"?"
"sema1269",118,"sdm","Papunesia",NA,NA,NA,NA
"semb1240",589,"sbr","Papunesia",NA,NA,NA,NA
"seme1247",2990,"sza","Eurasia","Austroasiatic",2.82799,102.806,"0"
"semi1264",23,"etz","Papunesia",NA,NA,NA,NA
"semn1249",593,"smy","Eurasia",NA,NA,NA,NA
"semn1250",30,"ssm","Eurasia",NA,NA,NA,NA
"sena1262",503,"seq","Africa",NA,NA,NA,NA
"sena1268",109,"syn","Eurasia",NA,NA,NA,NA
"sene1263",107,"sej","Papunesia",NA,NA,NA,NA
"sene1264",2142,"see",NA,"Iroquoian",42.56,-77.53,"0"
"sene1271",154,"sds","Africa",NA,NA,NA,NA
"seng1278",759,"szg","Africa",NA,NA,NA,NA
"seng1281",158,"ssz","Papunesia","Austronesian",-6.16474,149.784,"0"
"seng1285",34,"snu","Papunesia",NA,NA,NA,NA
"senh1238",1864,"sjs","Africa",NA,NA,NA,NA
"sens1242",294,"sni","South America",NA,NA,NA,NA
"sent1241",19,"std","Eurasia",NA,NA,NA,NA
"sent1260",203,"sez","Eurasia",NA,NA,NA,NA
"senu1239",20,NA,"Africa",NA,NA,NA,NA
"sepa1241",14,"spe","Papunesia",NA,NA,NA,NA
"sepa1242",168,"spb","Papunesia",NA,NA,NA,NA
"sepi1255",926,"iws","Papunesia",NA,NA,NA,NA
"sepi1257",57,NA,"Papua",NA,NA,NA,NA
"sera1259",3752,"skr","Eurasia",NA,NA,NA,NA
"sera1260",4,NA,"Papunesia",NA,NA,NA,NA
"serb1264",7929,"srp","Eurasia",NA,NA,NA,NA
"sere1260",7808,"srr","Africa",NA,NA,NA,NA
"sere1264",84,"swf",NA,NA,NA,NA,NA
"seri1257",11096,"sei","North America",NA,28.9877,-112.384,"1"
"sero1239",4,NA,NA,NA,NA,NA,NA
"serr1255",2027,"ser","North America","Uto-Aztecan",33.9479,-116.772,"?"
"seru1244",73,"seu","Papunesia",NA,NA,NA,NA
"seru1245",186,"srw","Papunesia",NA,NA,NA,NA
"seru1246",164,"srk","Papunesia",NA,NA,NA,NA
"sese1246",3356,"crs","Africa",NA,NA,NA,NA
"seta1246",348,"stm","Papunesia",NA,NA,NA,NA
"sett1235",493,"sta","Africa",NA,NA,NA,NA
"seve1240",551,"ojs","North America","Algic",53.9092,-89.9331,"0"
"seve1241",155,NA,"North America",NA,NA,NA,NA
"seyc1234",375,"lsw","Africa",NA,NA,NA,NA
"seze1235",519,"sze","Africa",NA,NA,NA,NA
"sgaw1245",8802,"ksw","Eurasia","Sino-Tibetan",17.9872,97.7126,"0"
"shaa1247",59,"scw","Africa",NA,NA,NA,NA
"shab1251",131,"sdb",NA,NA,NA,NA,NA
"shab1252",1957,"sbf","Africa",NA,7.64407,35.223,"1"
"shah1253",291,"srz","Eurasia",NA,NA,NA,NA
"shah1254",949,"shm","Eurasia",NA,NA,NA,NA
"shal1242",721,"sha",NA,NA,NA,NA,NA
"sham1278",83,"sqa","Africa",NA,NA,NA,NA
"sham1280",4210,"ksb","Africa","Atlantic-Congo",-4.8,38.29,"0"
"shan1274",81,"jih","Eurasia",NA,NA,NA,NA
"shan1277",6256,"shn","Eurasia",NA,NA,NA,NA
"shan1282",266,"sho","Africa",NA,NA,NA,NA
"shan1283",669,"swo","South America","Pano-Tacanan",-8.00919,-73.3264,"0"
"shar1245",1817,"mcd","South America",NA,NA,NA,NA
"shar1249",28,"swq","Africa",NA,NA,NA,NA
"shas1239",1149,"sht","North America","Shastan",41.7587,-122.738,"0"
"shat1244",1429,"shj","Africa",NA,NA,NA,NA
"shau1238",25,NA,"Africa, Eurasia",NA,NA,NA,NA
"shaw1249",1578,"sjw","North America","Algic",40,-83,"1"
"shee1238",1590,"shx","Eurasia","Hmong-Mien",23.0399,114.814,"0"
"sheh1240",2589,"shv","Eurasia",NA,NA,NA,NA
"shek1243",486,"swv","Eurasia",NA,NA,NA,NA
"shek1244",847,"moy","Africa",NA,NA,NA,NA
"shek1245",1188,"she","Africa","Dizoid",7.05022,35.2826,"1"
"shel1236",1690,"sth","Eurasia",NA,NA,NA,NA
"shen1251",3,"scv","Africa",NA,NA,NA,NA
"sher1255",5064,"xsr","Eurasia",NA,NA,NA,NA
"sher1257",639,"sdp","Eurasia","Sino-Tibetan",27.0035,92.5799,"0"
"sher1258",2259,"bun","Africa","Atlantic-Congo",7.77585,-12.7405,"1"
"shes1236",238,"kip","Eurasia",NA,NA,NA,NA
"shih1239",298,"ssh","Eurasia",NA,NA,NA,NA
"shii1238",2121,"shr","Africa",NA,NA,NA,NA
"shil1265",6122,"shk","Africa","Nilotic",9.85472,31.7926,"0"
"shin1264",3991,"scl","Eurasia",NA,NA,NA,NA
"ship1254",10878,NA,"South America","Pano-Tacanan",-7.17105,-74.8219,"0"
"shix1238",720,"sxg","Eurasia","Sino-Tibetan",28.3895,100.4,"1"
"shol1240",2216,"sle","Eurasia","Dravidian",11.9458,77.2211,"0"
"shom1245",5194,"sii",NA,NA,NA,NA,NA
"shon1251",19887,"sna","Africa","Atlantic-Congo",-17.20849,29.75725,"0"
"shoo1247",40,"bcv","Africa",NA,NA,NA,NA
"shor1247",2399,"cjs",NA,"Turkic",52.3261,88.4344,"0"
"shos1248",2887,"shh","North America","Uto-Aztecan",41,-116,"0"
"shua1252",1146,"sdt","Eurasia",NA,NA,NA,NA
"shua1254",338,"shg","Eurasia",NA,NA,NA,NA
"shua1257",7472,"jiv",NA,"Chicham",-3.45136,-78.1892,"?"
"shug1248",6626,"sgh","Eurasia",NA,NA,NA,NA
"shum1235",89,"sts","Eurasia",NA,NA,NA,NA
"shum1243",159,"scu","Eurasia",NA,NA,NA,NA
"shus1248",3135,"shs","North America",NA,NA,NA,NA
"shwa1239",6,NA,"Africa",NA,NA,NA,NA
"shwe1236",2044,"pll",NA,"Austroasiatic",23.6729,97.7972,"0"
"sial1240",43,"slw","Papunesia",NA,NA,NA,NA
"siam1242",930,"sif","Africa",NA,10.998,-4.92143,"1"
"sian1254",260,"sya","Papunesia",NA,NA,NA,NA
"sian1255",150,"spg","Papunesia",NA,NA,NA,NA
"sian1257",3243,"snp","Papunesia",NA,NA,NA,NA
"siar1238",5559,"sjr","Papunesia","Austronesian",-4.62059,152.892,"1"
"siaw1243",183,"mmp","Papunesia","Amto-Musan",-4.05312,141.42,"0"
"sibe1248",108,"nco","Papunesia",NA,NA,NA,NA
"sibe1250",1826,"sty","Eurasia",NA,NA,NA,NA
"sich1238",13175,"iii",NA,"Sino-Tibetan",28.1947,102.121,"1"
"sici1248",7056,"scn","Eurasia","Indo-European",37.5735,14.0414,"1"
"sici1249",583,"sep","Africa","Atlantic-Congo",11.1789,-5.28932,"1"
"sicu1234",80,"scx","Eurasia",NA,NA,NA,NA
"sida1246",9668,"sid","Africa","Afro-Asiatic",6.74176,38.3729,"0"
"side1240",2,"xsd","Eurasia",NA,NA,NA,NA
"siee1239",974,"erg","Papunesia","Austronesian",-18.8181,169.166,"0"
"sier1250",3279,"zaa","North America","Otomanguean",17.4219,-96.6191,"0"
"sigh1238",230,"sxe","Africa",NA,NA,NA,NA
"sigl1242",276,NA,"North America",NA,NA,NA,NA
"sihu1235",21,"qws","South America",NA,NA,NA,NA
"sika1261",507,"sky","Papunesia","Austronesian",-8.378194,162.72952,"1"
"sika1262",1395,"ski","Papunesia",NA,NA,NA,NA
"sika1263",183,"tty","Papunesia",NA,NA,NA,NA
"sikk1242",4264,"sip","Eurasia",NA,NA,NA,NA
"siks1238",5611,"bla","North America","Algic",49.0669,-113.109,"0"
"siku1242",165,"skh","Papunesia","Austronesian",2.69113,95.9636,"1"
"sila1247",690,"slt","Eurasia",NA,NA,NA,NA
"sila1250",849,"mks","North America",NA,NA,NA,NA
"sile1253",3332,"szl",NA,NA,NA,NA,NA
"sile1255",108,"sbq","Papunesia","Nuclear Trans New Guinea",-4.98243,145.225,"1"
"sili1247",30,"mkc","Papunesia",NA,NA,NA,NA
"sili1249",1167,"wul","Papunesia",NA,NA,NA,NA
"silt1240",3976,"stv","Africa",NA,NA,NA,NA
"sima1258",146,"sie","Africa",NA,NA,NA,NA
"simb1254",1426,"sbw","Africa",NA,NA,NA,NA
"simb1255",3,"smb","Papunesia",NA,NA,NA,NA
"simb1256",610,"sbb","Papunesia","Austronesian",-8.26947,156.541,"1"
"sime1241",1205,"smr","Papunesia",NA,NA,NA,NA
"sime1242",329,"smz","Papunesia",NA,NA,NA,NA
"simt1238",330,"smt","Eurasia",NA,NA,NA,NA
"sina1266",809,NA,"Papunesia","Austronesian",-9.79791,147.861,"1"
"sina1271",1635,"sst","Papunesia",NA,NA,NA,NA
"sind1272",7173,"snd","Eurasia",NA,NA,NA,NA
"sing1237",100,"sls","Eurasia",NA,NA,NA,NA
"sing1264",1700,"sgp","Eurasia","Sino-Tibetan",27.296,95.606,"1"
"sing1266",17,"sgm",NA,NA,NA,NA,NA
"sinh1246",16076,"sin","Eurasia",NA,NA,NA,NA
"sini1242",231,"skq","Africa","Mande",13.7206,-0.78772,"1"
"sino1245",13587,NA,NA,NA,NA,NA,NA
"sins1241",68,"snz","Papunesia",NA,NA,NA,NA
"sint1235",4637,"rmo",NA,NA,NA,NA,NA
"siny1243",105,"sys","Africa",NA,NA,NA,NA
"sion1247",3585,"snn","South America","Tucanoan",0.31733,-76.0237,NA
"sioo1240",1732,"xsi",NA,"Austronesian",-5.96037,147.353,"0"
"siou1252",235,NA,"North America",NA,NA,NA,NA
"sipa1247",493,"qum","North America",NA,NA,NA,NA
"sira1266",1973,"swj","Africa",NA,NA,NA,NA
"sira1267",2352,"fos","Papunesia","Austronesian",22.9777,120.315,"0"
"sire1246",2165,"ysr","Eurasia",NA,NA,NA,NA
"siri1273",4400,"srq","South America","Tupian",-15.5298,-63.9688,"0"
"siri1274",695,"sri","South America","Tucanoan",0.436515,-70.184,"?"
"sirm1239",349,"srx","Eurasia",NA,NA,NA,NA
"siro1249",2340,"ssd","Papunesia","Nuclear Trans New Guinea",-5.52893,145.994,"0"
"siss1242",1975,"sld","Africa",NA,NA,NA,NA
"siss1243",364,"sso","Papunesia",NA,NA,NA,NA
"situ1238",21,NA,"Eurasia","Sino-Tibetan",31.590536,102.660664,"0"
"sius1254",729,"sis","North America",NA,42.5111,-124.379,"0"
"siva1239",611,"siy","Eurasia",NA,NA,NA,NA
"sivi1235",340,"lsv","South America",NA,NA,NA,NA
"siwa1245",3118,"siw","Papunesia","South Bougainville",-6.6429,155.452,"1"
"siwi1239",3719,"siz","Africa","Afro-Asiatic",29.200415,25.519627,"0"
"siwu1238",1417,"akp","Africa","Atlantic-Congo",7.23811,0.44362,"0"
"siyi1240",1357,"csy","Eurasia","Sino-Tibetan",23.8192,93.6884,"0"
"skep1238",117,"skw","South America",NA,NA,NA,NA
"skol1241",2277,"sms","Eurasia","Uralic",68.8326,29.7204,"0"
"skou1239",32,NA,NA,NA,NA,NA,NA
"slav1254",2252,"svm","Eurasia",NA,NA,NA,NA
"slov1268",8572,"slv","Eurasia","Indo-European",46.2543,14.7766,"0"
"slov1269",4664,"slk","Eurasia",NA,NA,NA,NA
"smal1236",1982,"sfm","Eurasia",NA,NA,NA,NA
"smar1235",134,"kxq","Papunesia",NA,NA,NA,NA
"sobe1238",648,"sob","Papunesia","Austronesian",-1.86998,138.75,"1"
"soca1235",138,"sox","Africa",NA,NA,NA,NA
"soch1239",1999,"cso","North America","Otomanguean",17.7985,-96.6079,"0"
"sode1235",125,"soc","Africa",NA,NA,NA,NA
"soga1242",2892,"xog","Africa","Atlantic-Congo",0.40456,33.3942,"0"
"sogd1245",2677,"sog","Eurasia",NA,NA,NA,NA
"soii1239",1314,"soj","Eurasia",NA,NA,NA,NA
"soko1263",380,"sok","Africa",NA,NA,NA,NA
"soli1239",343,"sby","Africa","Atlantic-Congo",-15.5213,28.7934,"0"
"solo1257",705,NA,"Papunesia",NA,NA,NA,NA
"solo1258",36,"aaw","Papunesia",NA,NA,NA,NA
"solo1262",72,"szs","Papunesia",NA,NA,NA,NA
"soma1255",45112,"som",NA,"Afro-Asiatic",4.778704,45.152856,"1"
"somm1240",18,"smc","Papunesia",NA,NA,NA,NA
"somr1240",1262,"smu","Eurasia",NA,NA,NA,NA
"somr1248",584,"sor","Africa",NA,NA,NA,NA
"somy1238",10,"kgt","Africa",NA,NA,NA,NA
"sona1244",96,"ysg","Eurasia",NA,NA,NA,NA
"sond1250",195,NA,"Africa",NA,NA,NA,NA
"song1299",861,"soo","Africa",NA,NA,NA,NA
"song1300",462,"sod","Africa",NA,NA,NA,NA
"song1303",2543,"sop","Africa",NA,NA,NA,NA
"song1305",1230,"soe","Africa",NA,NA,NA,NA
"soni1259",10294,"snk","Africa","Mande",13.1273,-11.7178,"1"
"sons1242",706,"sov","Papunesia","Austronesian",5.328596,132.221282,"0"
"sooo1254",2614,"sss","Eurasia","Austroasiatic",16.9081,105.001,"0"
"sooo1256",2113,"teu","Africa","Kuliak",2.58367,34.7595,NA
"sopp1247",485,"urw","Papunesia",NA,NA,NA,NA
"soqo1240",3017,"sqt","Africa",NA,NA,NA,NA
"sora1254",6317,"srb","Eurasia","Austroasiatic",19.1213,84.19,"0"
"sori1242",54,"sbh","Papunesia",NA,NA,NA,NA
"sork1239",230,"sqo","Eurasia",NA,NA,NA,NA
"sors1239",8,"ays","Papunesia",NA,NA,NA,NA
"sosk1235",457,"sdk","Papunesia",NA,NA,NA,NA
"sota1242",168,"krz","Papunesia",NA,NA,NA,NA
"sout1404",18116,"sfs","Africa",NA,NA,NA,NA
"sout1439",236,NA,"Australia",NA,NA,NA,NA
"sout1528",6852,"hbs","Eurasia","Indo-European",44.15,18.81,"0"
"sout1549",759,"nit","Eurasia","Dravidian",19.6908,78.5936,"?"
"sout1555",9,"hmy","Eurasia",NA,NA,NA,NA
"sout1556",91,"hma","Eurasia",NA,NA,NA,NA
"sout2640",2222,"sdh","Eurasia",NA,NA,NA,NA
"sout2642",4182,"bcc","Eurasia",NA,NA,NA,NA
"sout2645",3799,"fay","Eurasia",NA,NA,NA,NA
"sout2647",794,"luz","Eurasia",NA,NA,NA,NA
"sout2649",9098,"pbt","Eurasia","Indo-European",37.17,68.25,"0"
"sout2668",660,"hnd","Eurasia",NA,NA,NA,NA
"sout2672",1753,"psi","Eurasia",NA,NA,NA,NA
"sout2674",5913,"sma","Eurasia","Uralic",62.8801,13.7006,"1"
"sout2679",2148,"vro","Eurasia",NA,NA,NA,NA
"sout2681",622,NA,"Eurasia",NA,NA,NA,NA
"sout2689",112,"nik","Eurasia",NA,NA,NA,NA
"sout2694",7340,"alt","Eurasia",NA,NA,NA,NA
"sout2697",7954,"azb","Eurasia",NA,NA,NA,NA
"sout2699",1728,"uzs","Eurasia",NA,NA,NA,NA
"sout2711",189,NA,NA,NA,NA,NA,NA
"sout2715",50,"ghe","Eurasia","Sino-Tibetan",28.106,84.8511,"0"
"sout2722",2641,"ymc",NA,NA,NA,NA,NA
"sout2723",51,"nsd","Eurasia",NA,NA,NA,NA
"sout2728",3477,"qxs","Eurasia","Sino-Tibetan",31.5392,103.384,"1"
"sout2729",2192,"pmj","Eurasia","Sino-Tibetan",27.8408,100.622,"0"
"sout2730",3104,"bfs","Eurasia","Sino-Tibetan",25.519,100.289,"0"
"sout2732",712,"nre","Eurasia",NA,NA,NA,NA
"sout2734",504,"lrr","Eurasia",NA,NA,NA,NA
"sout2739",1459,"tjs","Eurasia",NA,NA,NA,NA
"sout2741",3421,"kmc","Eurasia","Tai-Kadai",25.8874,109.222,"1"
"sout2746",1237,"sou","Eurasia",NA,NA,NA,NA
"sout2750",6434,"yux","Eurasia",NA,NA,NA,NA
"sout2754",34,"hms","Eurasia",NA,NA,NA,NA
"sout2756",4,"hmg",NA,NA,NA,NA,NA
"sout2771",33,"xtv","Australia",NA,NA,NA,NA
"sout2774",2212,"ijs","Africa",NA,NA,NA,NA
"sout2778",2200,"kss","Africa",NA,NA,NA,NA
"sout2782",1923,"fal","Africa","Atlantic-Congo",9.51408,13.6164,"0"
"sout2784",228,"nbw","Africa",NA,NA,NA,NA
"sout2785",644,"gso","Africa",NA,NA,NA,NA
"sout2787",498,"lnl","Africa",NA,NA,NA,NA
"sout2789",1147,NA,"Africa",NA,NA,NA,NA
"sout2790",628,"biv","Africa",NA,NA,NA,NA
"sout2795",1097,"nnw","Africa",NA,NA,NA,NA
"sout2797",2125,"wib","Africa","Atlantic-Congo",10.877,-4.65678,"?"
"sout2807",15069,"sot","Africa","Atlantic-Congo",-28.78,27.89,"0"
"sout2808",16,NA,"Africa",NA,NA,NA,NA
"sout2826",869,"grj","Africa","Kru",4.47607,-7.56872,"0"
"sout2828",503,"snm","Africa",NA,NA,NA,NA
"sout2832",7602,"dik","Africa",NA,NA,NA,NA
"sout2833",2276,"dib","Africa",NA,NA,NA,NA
"sout2834",1124,"dks","Africa",NA,NA,NA,NA
"sout2840",3332,"bwq","Eurasia",NA,NA,NA,NA
"sout2844",1843,"sbd","Africa",NA,NA,NA,NA
"sout2845",20,NA,"Africa",NA,NA,NA,NA
"sout2856",1953,"erk","Papunesia","Austronesian",-17.7006,168.377,"1"
"sout2857",423,"sns","Papunesia","Austronesian",-16.5116,167.477,"0"
"sout2859",558,"tvk","Papunesia","Austronesian",-16.2975,168.211,"0"
"sout2866",177,"mqm","Papunesia",NA,NA,NA,NA
"sout2869",92,"nwi","Papunesia","Austronesian",-19.57953,169.35603,"1"
"sout2883",15,"vbb","Papunesia",NA,NA,NA,NA
"sout2895",629,"nxl","Papunesia","Austronesian",-3.23411,129.148,"?"
"sout2896",16,"lmf","Papunesia","Austronesian",-8.49783,123.531,"0"
"sout2905",626,"agy","Papunesia",NA,NA,NA,NA
"sout2908",1265,"ksc","Papunesia",NA,NA,NA,NA
"sout2912",275,"bln","Papunesia","Austronesian",13.6989,124.29,"?"
"sout2918",2060,"ssb","Papunesia","Austronesian",4.755836,119.483887,"0"
"sout2920",227,"bzc","Africa",NA,NA,NA,NA
"sout2940",1552,"kts","Papunesia",NA,NA,NA,NA
"sout2941",95,"aws","Papunesia",NA,NA,NA,NA
"sout2943",1477,"omw","Papunesia",NA,NA,NA,NA
"sout2949",2730,"kjd","Papunesia","Kiwaian",-8.64889,143.244,"0"
"sout2954",967,"ams","Eurasia","Japonic",28.1955,129.285,"0"
"sout2956",2576,"hax","North America","Haida",53.2616,-132.008,"1"
"sout2957",577,"tce","North America",NA,NA,NA,NA
"sout2958",1793,"caf","North America",NA,NA,NA,NA
"sout2959",2642,"xsl","North America","Athabaskan-Eyak-Tlingit",59.8794,-117.047,"0"
"sout2961",1125,"tix","North America",NA,NA,NA,NA
"sout2963",345,NA,"North America",NA,NA,NA,NA
"sout2965",1985,"slh","North America",NA,NA,NA,NA
"sout2967",548,NA,"North America",NA,NA,NA,NA
"sout2969",115,NA,"North America",NA,NA,NA,NA
"sout2971",22,"twr","North America",NA,NA,NA,NA
"sout2972",515,"tcu","North America",NA,NA,NA,NA
"sout2973",3127,"npl","North America",NA,NA,NA,NA
"sout2975",12,NA,NA,NA,NA,NA,NA
"sout2976",4805,"stp","North America","Uto-Aztecan",23.1584,-103.983,"?"
"sout2977",912,"tla","South America",NA,NA,NA,NA
"sout2978",2196,NA,"North America",NA,NA,NA,NA
"sout2982",754,"pom","North America",NA,NA,NA,NA
"sout2984",2401,"peq","North America",NA,NA,NA,NA
"sout2985",2253,"skd","North America","Miwok-Costanoan",38.2363,-120.507,"0"
"sout2986",144,NA,"North America",NA,NA,NA,NA
"sout2989",2527,"enx","South America","Lengua-Mascoy",-23.427556,-57.945626,"0"
"sout2990",2085,"qup","South America",NA,NA,NA,NA
"sout2991",7818,"quh","South America",NA,NA,NA,NA
"sout2992",17174,"qxo",NA,NA,NA,NA,NA
"sout2994",5653,NA,"South America","Nambiquaran",-14.3707,-59.5187,"1"
"sout2996",10416,"ayc","South America","Aymaran",-17.1417,-70.3442,"0"
"sout2999",145,"pmz","North America",NA,NA,NA,NA
"sout3000",958,"meh","Eurasia",NA,NA,NA,NA
"sout3001",473,"mit","North America",NA,NA,NA,NA
"sout3002",827,"mxy","North America",NA,NA,NA,NA
"sout3005",44,NA,"North America",NA,NA,NA,NA
"sout3010",68,"rgs","Eurasia",NA,NA,NA,NA
"sout3051",325,"giz","Africa",NA,NA,NA,NA
"sout3054",48,NA,"Africa",NA,NA,NA,NA
"sout3114",64,NA,"Africa",NA,NA,NA,NA
"sout3117",644,NA,"Africa",NA,NA,NA,NA
"sout3123",1997,"ajp","Eurasia",NA,NA,NA,NA
"sout3125",58,"bjq","Africa",NA,NA,NA,NA
"sout3127",701,"cpy","South America",NA,NA,NA,NA
"sout3129",26,"ysp","Eurasia",NA,NA,NA,NA
"sout3152",187,NA,"Africa",NA,NA,NA,NA
"sout3241",344,"itd","Papunesia",NA,NA,NA,NA
"sout3250",2193,"csp","Eurasia",NA,NA,NA,NA
"sout3262",45,NA,"Eurasia","Uralic",58.6626,85.8581,"0"
"sout3270",487,"nbl","Africa",NA,NA,NA,NA
"sowa1245",3,"sow","Papunesia",NA,NA,NA,NA
"soya1237",693,"vmp","North America",NA,NA,NA,NA
"span1263",1850,"ssp","Eurasia",NA,NA,NA,NA
"spit1240",723,"spt","Eurasia",NA,NA,NA,NA
"spok1245",587,"spo","North America",NA,NA,NA,NA
"squa1248",3474,"squ","North America",NA,NA,NA,NA
"sran1240",10149,"srn","South America",NA,NA,NA,NA
"sril1237",105,"sqs","Eurasia",NA,NA,NA,NA
"sril1245",1490,"sci","Eurasia","Austronesian",6.91603,79.864,"0"
"stan1288",776870,"spa",NA,NA,NA,NA,NA
"stan1289",23326,"cat",NA,"Indo-European",41.453,1.569,"1"
"stan1290",320186,"fra",NA,"Indo-European",48,2,"1"
"stan1293",46359,"eng","Eurasia","Indo-European",53,-1,"1"
"stan1295",118350,"deu",NA,NA,NA,NA,NA
"stan1306",13959,"zsm","Eurasia","Austronesian",3.08896,101.699,"?"
"stan1318",38409,"arb","Eurasia","Afro-Asiatic",27.9625,43.8525,"1"
"stin1234",492,NA,"Papunesia",NA,NA,NA,NA
"stod1241",557,"sbu","Eurasia",NA,NA,NA,NA
"ston1242",1166,"sto","North America",NA,NA,NA,NA
"stra1244",4269,"str","North America",NA,NA,NA,NA
"suab1238",728,"szp","Papunesia","Inanwatan",-2.07971,132.157,"0"
"suar1238",757,"seo","Papunesia",NA,NA,NA,NA
"suau1242",742,"swp","Papunesia",NA,NA,NA,NA
"suba1238",790,NA,"Africa","Atlantic-Congo",-0.95719,34.1033,"0"
"suba1252",374,"ssc","Africa",NA,NA,NA,NA
"subi1246",1450,"sbs","Africa",NA,NA,NA,NA
"subt1250",550,"sut",NA,NA,NA,NA,NA
"suda1236",9775,"apd","Africa",NA,NA,NA,NA
"suda1237",3374,"pga","Africa","Afro-Asiatic",5.654,28.774,"0"
"sude1239",1239,"tgo","Australia, Papunesia","Austronesian",-11.5229,153.488,"0"
"suen1241",2003,"sue","Papunesia","Nuclear Trans New Guinea",-7.76339,147.534,"0"
"suga1248",448,"sgi","Africa",NA,NA,NA,NA
"suii1243",3110,"swi","Eurasia",NA,NA,NA,NA
"suki1245",954,"sui","Papunesia",NA,NA,NA,NA
"suku1259",2352,"sub","Papua","Atlantic-Congo",-5.76495,17.7736,"0"
"suku1261",5136,"suk","Africa","Atlantic-Congo",-3.16082,32.8765,"1"
"suku1272",747,"syk","Africa","Afro-Asiatic",10.8933,13.6437,"1"
"sula1245",468,NA,"Papua",NA,NA,NA,NA
"sula1248",655,"szn","Papunesia",NA,NA,NA,NA
"sulk1246",2065,NA,"Papunesia",NA,-5.03471,151.891,"1"
"sulo1237",372,"srg","Papunesia",NA,NA,NA,NA
"sulu1241",2187,"suv","Eurasia",NA,NA,NA,NA
"suma1264",1029,"sqm","Africa",NA,NA,NA,NA
"suma1270",63,"six","Papunesia",NA,NA,NA,NA
"sumb1240",1193,"suw","Africa",NA,NA,NA,NA
"sumb1241",2736,"smw",NA,NA,NA,NA,NA
"sume1241",6091,"sux","Eurasia",NA,31.3,45.6667,"0"
"sumi1235",2928,"nsm","Eurasia","Sino-Tibetan",25.9996,94.4235,"1"
"sumt1234",26,"csv","Eurasia",NA,NA,NA,NA
"suna1241",7,"ssk","Eurasia",NA,NA,NA,NA
"sund1252",14294,"sun","Papunesia","Austronesian",-6.89708,107.106,"0"
"sunw1242",4135,"suz","Eurasia","Sino-Tibetan",27.5201,86.2476,"0"
"suoy1242",10,"syo","Eurasia",NA,NA,NA,NA
"supy1237",2104,"spp","Africa","Atlantic-Congo",11.632,-5.87709,"1"
"surb1238",34,"sbj",NA,NA,NA,NA,NA
"surg1248",7,NA,"Eurasia","Uralic",61.25,73.35,"0"
"suri1267",2852,"suq",NA,NA,NA,NA,NA
"suri1273",270,"sgd","Papunesia",NA,NA,NA,NA
"surj1235",543,"sjp","Eurasia",NA,NA,NA,NA
"surr1238",103,"tdl","Africa",NA,NA,NA,NA
"surs1246",2799,"sgz","Papunesia","Austronesian",-3.99078,152.768,"?"
"suru1258",53,"sde","Africa",NA,NA,NA,NA
"suru1261",808,"mdz","South America","Tupian",-5.9271,-48.588,"?"
"suru1262",3896,"sru","South America","Tupian",-11.0989,-61.2818,NA
"suru1263",1346,"swx","South America",NA,NA,NA,NA
"susi1238",697,NA,"Africa",NA,NA,NA,NA
"susq1241",62,"sqn","North America",NA,NA,NA,NA
"susu1250",2996,"sus","Africa","Mande",10.4046,-13.3628,"1"
"susu1251",1484,"ssu",NA,NA,NA,NA,NA
"suun1239",671,"sdj","Africa",NA,NA,NA,NA
"suwa1241",1230,"swu","Papunesia",NA,NA,NA,NA
"suya1243",2249,"suy","South America",NA,NA,NA,NA
"svan1243",3338,"sva","Eurasia",NA,NA,NA,NA
"swab1242",7236,"swg",NA,NA,NA,NA,NA
"swah1253",85577,"swh","Africa","Atlantic-Congo",-8.25605,37.624,"0"
"swam1239",3467,"csw","North America",NA,NA,NA,NA
"swat1243",11276,"ssw","Africa",NA,NA,NA,NA
"swed1236",1789,"swl","Africa, Eurasia",NA,NA,NA,NA
"swed1254",45142,"swe","Eurasia","Indo-European",59.800634,17.389526,"1"
"swis1235",27,"slf","Eurasia",NA,NA,NA,NA
"swis1240",310,"sgg","Eurasia",NA,NA,NA,NA
"swis1241",7,"ssr","Eurasia",NA,NA,NA,NA
"swis1247",8567,"gsw","Eurasia",NA,NA,NA,NA
"sydn1236",2188,"xdk","Australia",NA,NA,NA,NA
"syen1235",89,"shz","Africa",NA,NA,NA,NA
"sylh1242",494,"syl","Eurasia",NA,NA,NA,NA
"taab1238",1373,"tap","Africa",NA,NA,NA,NA
"taba1259",7074,"tab","Eurasia",NA,NA,NA,NA
"taba1263",766,NA,"Papunesia","North Halmahera",1.46563,127.633,"1"
"taba1264",1057,"zoq","North America",NA,NA,NA,NA
"taba1265",31,"nhc","North America",NA,NA,NA,NA
"taba1266",2859,"chf","North America",NA,NA,NA,NA
"taba1267",291,NA,"South America",NA,NA,NA,NA
"taba1268",731,"zat","North America",NA,NA,NA,NA
"tabl1243",1125,"tnm","South America",NA,NA,NA,NA
"tabo1241",2767,"knv","Papunesia",NA,-8.09387,143.305,"0"
"tabr1243",423,"tzx","Papunesia",NA,NA,NA,NA
"taca1255",16,NA,NA,NA,NA,NA,NA
"taca1256",4254,"tna","South America",NA,NA,NA,NA
"tach1242",212,"lts","Africa",NA,NA,NA,NA
"tach1249",1245,"shy","Africa",NA,NA,NA,NA
"tach1250",5534,"shi","Africa",NA,NA,NA,NA
"tada1238",1562,"dsq","Africa",NA,NA,NA,NA
"tady1237",352,"tdy","Papunesia",NA,NA,NA,NA
"taee1237",102,"rob","Papunesia",NA,NA,NA,NA
"tafi1243",516,"tcd","Africa","Atlantic-Congo",6.79522,0.39875,"1"
"taga1268",1828,"klg","Papunesia",NA,NA,NA,NA
"taga1270",23122,"tgl","Papunesia","Austronesian",14.06,121.747,"1"
"taga1272",1784,"bgs","Papunesia","Austronesian",6.9712,125.175,"1"
"taga1273",180,"mvv","Papunesia",NA,NA,NA,NA
"taga1278",1552,"oua","Africa",NA,NA,NA,NA
"taga1279",21,"tgz","Australia",NA,NA,NA,NA
"tagb1258",799,"tbw","Papunesia","Austronesian",9.54263,118.497,"1"
"tagd1238",369,"tda","Africa",NA,NA,NA,NA
"tagi1240",75,"tgx","North America",NA,NA,NA,NA
"tagi1241",704,"tgj","Eurasia","Sino-Tibetan",27.986064,94.221711,"?"
"tago1246",937,"tag","Africa","Rashad",12.0346,30.9306,"0"
"tagw1240",1558,"tgw","Africa","Atlantic-Congo",8.67053,-5.17372,"0"
"taha1241",10222,"thv","Africa","Afro-Asiatic",22.5908,8.73169,"0"
"tahi1242",7631,"tah","Papunesia","Austronesian",-17.6485,-149.45,"1"
"tahl1239",1299,"tht","North America",NA,NA,NA,NA
"taia1239",1889,"gpn","Papunesia",NA,-4.05047,144.506,"0"
"taid1247",3409,"blt","Eurasia",NA,NA,NA,NA
"taid1248",984,"tyj","Eurasia",NA,NA,NA,NA
"taid1249",4644,"tyr","Eurasia",NA,NA,NA,NA
"taid1250",3199,"twh","Eurasia",NA,NA,NA,NA
"taih1246",629,"tiz","Eurasia",NA,NA,NA,NA
"taii1241",810,"taw","Papunesia",NA,NA,NA,NA
"taik1255",74,"aos","Papunesia",NA,NA,NA,NA
"taik1256",836,NA,NA,NA,NA,NA,NA
"tail1246",583,"tlq","Eurasia",NA,NA,NA,NA
"tail1248",413,"tjl","Eurasia",NA,NA,NA,NA
"taim1250",727,"tmp","Eurasia",NA,NA,NA,NA
"tain1252",3775,"tdd","Eurasia",NA,NA,NA,NA
"tain1253",413,"ago","Papunesia","Angan",-7.40306,145.682,"0"
"tain1254",2184,"tnq","North America","Arawakan",18.2836,-66.8042,"?"
"taip1250",197,"tpo","Eurasia",NA,NA,NA,NA
"tair1256",104,"uar","Papunesia",NA,NA,NA,NA
"tait1248",3,"tmm","Eurasia",NA,NA,NA,NA
"tait1250",1766,"dav","Africa",NA,NA,NA,NA
"taiw1241",1198,"tss","Papunesia",NA,NA,NA,NA
"taiy1242",888,"cuu","Eurasia",NA,NA,NA,NA
"taiz1242",3389,"acq",NA,NA,NA,NA,NA
"taje1237",116,"pee","Papunesia",NA,NA,NA,NA
"taji1245",8763,"tgk","Eurasia",NA,NA,NA,NA
"taji1246",240,"tdj","Papunesia","Austronesian",-0.31553,120.01,"0"
"taji1248",1059,"abh","Eurasia",NA,NA,NA,NA
"take1255",303,"tks","Eurasia",NA,NA,NA,NA
"take1257",2933,"tkm",NA,NA,42.423,-123.452,"0"
"taki1248",1786,"tbc","Papunesia","Austronesian",-4.69057,145.975,"0"
"taku1257",486,"nho","Papunesia","Austronesian",-4.773094,157.032085,"1"
"takw1238",261,"tke","Africa",NA,NA,NA,NA
"tala1285",676,"tld","Papunesia",NA,NA,NA,NA
"tali1257",184,"tdf","Eurasia",NA,NA,NA,NA
"tali1258",1254,"tlj","Africa",NA,NA,NA,NA
"tali1259",131,"tlr","Papunesia","Austronesian",-9.76764,160.231,"1"
"tali1262",369,"tlv","Papunesia",NA,NA,NA,NA
"tall1250",332,"tal","Africa",NA,NA,NA,NA
"taln1239",207,NA,"Africa",NA,NA,NA,NA
"talo1250",57,NA,"Africa",NA,NA,NA,NA
"talo1251",20,"tln","Papunesia",NA,NA,NA,NA
"talu1238",509,"yta","Eurasia",NA,NA,NA,NA
"taly1247",5619,"tly","Eurasia",NA,NA,NA,NA
"tama1328",47,"tcl","Eurasia",NA,NA,NA,NA
"tama1331",525,"tma","Africa","Tamaic",14.332,21.9951,"1"
"tama1335",84,"tmn","Papunesia",NA,NA,NA,NA
"tama1336",57,"tcg","Papunesia",NA,NA,NA,NA
"tama1338",663,"tmz","South America",NA,NA,NA,NA
"tama1365",1980,"taq","Africa","Afro-Asiatic",14.2038,-2.41269,"0"
"tamb1253",17,NA,"Papunesia",NA,NA,NA,NA
"tamb1254",89,"kzt","Papunesia","Austronesian",5.68284,116.373,"1"
"tamb1257",899,"xxt","Papunesia",NA,NA,NA,NA
"tamb1267",59,"tdk","Africa",NA,NA,NA,NA
"tami1289",24863,"tam","Eurasia","Dravidian",10.520219,78.825989,"0"
"tami1290",328,"tmy","Papunesia","Austronesian",-6.70017,147.732,"0"
"tamn1235",6,"tml","Papunesia",NA,NA,NA,NA
"tamp1251",37,"tpu","Eurasia",NA,NA,NA,NA
"tamp1252",641,"tpm","Africa",NA,NA,NA,NA
"tamp1254",15,"low","Papunesia",NA,NA,NA,NA
"tana1281",226,"tpv","Papunesia",NA,NA,NA,NA
"tana1285",101,NA,"Africa",NA,NA,NA,NA
"tana1288",479,"tcm","Papunesia",NA,NA,NA,NA
"tana1289",2712,"tfn","North America",NA,NA,NA,NA
"tana1290",491,"tcb","North America",NA,NA,NA,NA
"tand1256",1403,"tdx","Africa",NA,NA,NA,NA
"tand1258",6,"tgn","Papunesia",NA,NA,NA,NA
"tane1237",22,"tnx","Papunesia","Austronesian",-11.68,166.97,"0"
"tang1330",153,"tnv","Eurasia",NA,NA,NA,NA
"tang1334",10809,"txg","Eurasia","Sino-Tibetan",38.894904,102.246464,"0"
"tang1336",4864,"nmf","Eurasia","Sino-Tibetan",25.0489,94.3567,"1"
"tang1347",154,"tgp","Papunesia","Austronesian",-15.5643,166.958,"0"
"tang1348",1195,"tgg","Papunesia","Austronesian",-4.08824,153.611,"0"
"tang1355",1082,"tgu","Papunesia",NA,NA,NA,NA
"tang1356",179,NA,"Papunesia",NA,NA,NA,NA
"tang1372",679,"ytl","Eurasia",NA,NA,NA,NA
"tani1257",2581,"tnc","South America","Tucanoan",-0.59023,-70.3853,NA
"tanj1247",224,"uji","Africa",NA,NA,NA,NA
"tano1246",743,"txy","Africa",NA,NA,NA,NA
"tanz1238",912,"tza","Africa",NA,NA,NA,NA
"tanz1241",1189,"xnj","Africa","Atlantic-Congo",-11.779,35.459,"0"
"taos1236",184,NA,"North America",NA,NA,NA,NA
"tapa1260",481,"qcs","North America",NA,NA,NA,NA
"tape1236",51,"tbb","South America",NA,NA,NA,NA
"tape1242",494,"afp","Papunesia",NA,NA,NA,NA
"tapi1253",571,"tpj","South America",NA,NA,NA,NA
"tapi1254",2615,"taf","South America",NA,NA,NA,NA
"tara1313",189,"tro","Eurasia","Sino-Tibetan",24.4003,94.1703,"0"
"tare1239",9,"tgr","Eurasia",NA,NA,NA,NA
"tari1256",5620,"tae","South America","Arawakan",0.440205,-68.9042,"1"
"tari1263",25569,"rif","Africa","Afro-Asiatic",34.916974,-3.430616,"0"
"tarj1235",211,"txj","Africa",NA,NA,NA,NA
"taro1263",1004,NA,"Africa",NA,NA,NA,NA
"taro1264",4712,"trv","Papunesia","Austronesian",23.9032,121.358,"0"
"tarp1240",243,"tpf","Papunesia",NA,NA,NA,NA
"tart1237",419,"txr","Eurasia",NA,NA,NA,NA
"taru1236",344,"tdm","South America",NA,NA,NA,NA
"tasa1240",288,NA,"Africa",NA,NA,NA,NA
"tase1235",1621,"nst","Eurasia",NA,NA,NA,NA
"tata1255",19287,"tat","Eurasia","Turkic",55,50,"0"
"tata1257",1292,"txx","Papunesia","Austronesian",5.49808,115.553,"1"
"tata1258",1374,"cta","North America","Otomanguean",16.2963,-97.5311,"0"
"tatu1247",2167,"tav","South America",NA,NA,NA,NA
"taua1242",370,"ttd","Papunesia",NA,NA,NA,NA
"taul1251",901,"tuh","Papunesia","Taulil-Butam",-4.44425,152.095,"0"
"taul1252",143,NA,"South America",NA,NA,NA,NA
"taun1248",462,"tco","Eurasia",NA,NA,NA,NA
"taup1242",842,"tpa","Papunesia",NA,NA,NA,NA
"taus1251",4126,NA,"Papunesia","Austronesian",5.12236,118.88,"1"
"taus1252",286,"tad","Papunesia",NA,NA,NA,NA
"taus1253",1331,"trr","South America",NA,-3.22497,-75.5603,"0"
"tauy1241",835,"tya","Papunesia","Nuclear Trans New Guinea",-5.74255,145.366,"0"
"tave1240",45,"tvs","Africa",NA,NA,NA,NA
"tavo1242",225,"tvn","Eurasia",NA,NA,NA,NA
"tavr1235",2718,"rmu","Africa",NA,NA,NA,NA
"tawa1270",159,"twl","Africa",NA,NA,NA,NA
"tawa1275",4993,"tbo","Papunesia","Austronesian",-10.3115,150.644,"1"
"tawa1278",85,"xtw","South America",NA,NA,NA,NA
"tawa1286",2327,"ttq","Africa","Afro-Asiatic",13.9878,4.47692,"0"
"tawa1289",9,"twm","Eurasia",NA,NA,NA,NA
"tawo1243",176,"twy","Papunesia",NA,NA,NA,NA
"taya1257",8744,"thz","Africa","Afro-Asiatic",16.9232,7.6743,"1"
"tayb1240",1533,"tas","Eurasia",NA,NA,NA,NA
"tayk1238",16,"tnu","Eurasia",NA,NA,NA,NA
"tayo1238",382,"cks","Papunesia",NA,NA,NA,NA
"tayt1241",32,"tyt","Eurasia",NA,NA,NA,NA
"tayy1238",1090,"tyz","Eurasia",NA,NA,NA,NA
"tazn1238",2773,"grr","Africa",NA,NA,NA,NA
"tbol1240",4117,"tbl","Papunesia","Austronesian",6.20377,124.538,"0"
"tchi1245",355,"tck","Africa",NA,NA,NA,NA
"tchu1241",9,"bqa","Africa",NA,NA,NA,NA
"tean1237",414,"tkw","Australia, Papunesia","Austronesian",-11.6752,166.868,"0"
"tebu1239",440,"dtu","Africa",NA,NA,NA,NA
"tebu1240",216,"tsy","Africa",NA,NA,NA,NA
"teda1241",2876,NA,"Africa","Saharan",18.0426,14.7717,"0"
"tedi1235",1865,"ctd","Eurasia","Sino-Tibetan",23.6079,93.519,"0"
"teee1242",82,"tkq","Africa",NA,NA,NA,NA
"teen1242",2390,"lor","Africa",NA,NA,NA,NA
"tefa1238",10,"tfo","Papunesia",NA,NA,NA,NA
"tega1236",471,"ras","Africa","Rashad",11.9523,31.1112,"0"
"tehi1237",1793,"kps","Papunesia",NA,NA,NA,NA
"tehu1242",7739,"teh","South America","Chonan",-47.5796,-68.3235,"0"
"teiw1235",736,"twe","Papunesia","Timor-Alor-Pantar",-8.37662,124.174,NA
"teke1274",1764,"ifm",NA,NA,NA,NA,NA
"teke1275",1587,"teg","Africa","Atlantic-Congo",-1.61688,14.8664,"0"
"teke1276",666,"tyx","Africa",NA,NA,NA,NA
"teke1277",309,"lli","Africa",NA,NA,NA,NA
"teke1278",1391,"ebo","Africa",NA,NA,NA,NA
"teke1279",30,"nzu","Africa",NA,NA,NA,NA
"teke1280",1751,"kkw","Africa",NA,NA,NA,NA
"teke1281",16,"tyi","Africa",NA,NA,NA,NA
"tekt1235",1874,"ttc","North America","Mayan",15.4599,-92.1136,"1"
"tele1256",7238,"tlf","Papunesia","Nuclear Trans New Guinea",-5.07444,141.731,"0"
"telu1262",14667,"tel","Eurasia","Dravidian",16.4529,78.7024,"0"
"tema1239",15,"nhv","North America","Uto-Aztecan",19.3282,-99.7968,"1"
"tema1243",716,"tjo","Africa",NA,NA,NA,NA
"temb1270",2108,"tbt","Africa",NA,NA,NA,NA
"temb1272",144,"tmv","Africa","Atlantic-Congo",2.0246,20.36849,"0"
"temb1276",5936,"tqb","South America",NA,NA,NA,NA
"temi1246",677,"tea","Eurasia","Austroasiatic",4.974,101.438,"?"
"temi1247",920,"soz","Africa",NA,NA,NA,NA
"temm1241",1955,"kdh","Africa",NA,NA,NA,NA
"temo1243",1976,"tmo","Eurasia",NA,NA,NA,NA
"temo1245",741,"ott","North America","Otomanguean",19.6001,-99.6541,"1"
"temu1239",829,"tmw","Eurasia",NA,NA,NA,NA
"tena1240",705,"quw","South America",NA,NA,NA,NA
"tena1241",54,"otn","North America",NA,NA,NA,NA
"tene1248",1276,NA,"Africa","Dogon",14.0675,-3.37158,"1"
"teng1267",2172,"vkt",NA,NA,NA,NA,NA
"teng1272",1843,"tes","Eurasia, Papunesia","Austronesian",-7.89069,113.037,"1"
"tenh1241",2059,"pah","South America",NA,NA,NA,NA
"teni1238",1612,"tqn",NA,NA,NA,NA,NA
"teni1244",567,"tns","Papunesia",NA,NA,NA,NA
"tenn1245",476,"tct","Eurasia",NA,NA,NA,NA
"tenn1246",412,"tex","Africa","Surmic",4.91107,32.6307,"0"
"teop1238",1020,"tio","Papunesia","Austronesian",-5.67474,154.971,"1"
"teor1240",266,"tev","Papunesia",NA,NA,NA,NA
"tepe1278",1243,"tep","North America","Uto-Aztecan",19.2343,-101.729,"1"
"tepe1279",398,"cnt","North America",NA,NA,NA,NA
"tepe1280",1694,"cux","North America",NA,NA,NA,NA
"tepi1241",42,NA,"North America",NA,NA,NA,NA
"tepo1239",1970,"ted","Africa",NA,NA,NA,NA
"tera1251",719,"ttr","Africa","Afro-Asiatic",11.0376,11.80953,"1"
"tere1272",335,"tef","Eurasia",NA,NA,NA,NA
"tere1276",93,"trb","Papunesia",NA,NA,NA,NA
"tere1278",2218,"buo","Papunesia","South Bougainville",-6.70051,155.745,"0"
"tere1279",5405,"ter","South America",NA,NA,NA,NA
"tere1281",355,NA,"South America","Arawakan",-20.6614,-56.0329,"0"
"teri1244",914,"tec","Africa",NA,NA,NA,NA
"teri1250",3041,"tfr","North America","Chibchan",9.067,-82.9631,"0"
"term1237",3254,"twu","Papunesia","Austronesian",-10.7326,123.169,"1"
"tern1247",1067,NA,"Papunesia","North Halmahera",0.80562,127.333,"0"
"tern1248",507,"tmg","Papunesia",NA,NA,NA,NA
"ters1235",2970,"sjt","Eurasia",NA,NA,NA,NA
"tesa1236",379,"tkg","Africa",NA,NA,NA,NA
"tese1238",70,"keg","Africa",NA,NA,NA,NA
"teso1249",2873,"teo","Africa",NA,NA,NA,NA
"tete1250",9320,NA,"Africa",NA,NA,NA,NA
"tete1251",3297,NA,"North America","Uto-Aztecan",18.8854,-98.893,"?"
"tete1252",378,"teb",NA,NA,NA,NA,NA
"tets1235",1166,"tez","Africa",NA,NA,NA,NA
"tetu1245",5343,"tet","Papunesia","Austronesian",-9.11217,125.528,"1"
"tetu1246",925,"tdt","Papunesia","Austronesian",-8.58405,125.583,"0"
"teun1241",181,"tve","Papunesia","Austronesian",-6.97086,129.143718,"?"
"teus1236",13,NA,"South America",NA,NA,NA,NA
"teut1235",845,"cut","North America",NA,NA,NA,NA
"tewa1260",2974,"tew","North America",NA,NA,NA,NA
"tewe1238",100,"twx","Africa",NA,NA,NA,NA
"texc1235",15,"otx","North America",NA,NA,NA,NA
"texi1237",1072,"poq","North America",NA,NA,NA,NA
"texm1235",780,"zpz","North America",NA,NA,NA,NA
"tezo1238",1993,"mxb",NA,"Otomanguean",17.6155,-97.9002,"1"
"thaa1239",20,"thy","Africa",NA,NA,NA,NA
"thad1238",3150,"tcz","Eurasia","Sino-Tibetan",24.096,93.722,"1"
"thai1240",640,"tsq","Eurasia",NA,NA,NA,NA
"thai1259",1425,"soa","Eurasia",NA,NA,NA,NA
"thai1261",65468,NA,"Africa, Eurasia","Tai-Kadai",14.192,100.671,"0"
"thak1245",2056,"ths","Eurasia","Sino-Tibetan",28.7014,83.6466,"0"
"than1255",850,"nki","Eurasia",NA,NA,NA,NA
"than1259",2121,"thf","Eurasia","Sino-Tibetan",28.7554,85.7657,"0"
"thao1240",3875,"ssf","Papunesia","Austronesian",23.8333,120.93,"0"
"thar1283",663,"thk","Africa","Atlantic-Congo",-0.13221,38.073,"0"
"thay1248",101,"typ","Australia",NA,NA,NA,NA
"thay1249",3416,"thd","Australia","Pama-Nyungan",-14.8159,142.034,"0"
"thii1234",106,"iin","Australia",NA,NA,NA,NA
"thom1243",4909,"thp","North America",NA,NA,NA,NA
"thoo1240",137,"tou","Eurasia",NA,NA,NA,NA
"thra1250",1548,"txh","Eurasia",NA,NA,NA,NA
"thul1246",1154,"tdh","Eurasia","Sino-Tibetan",27.5389,87.6063,"0"
"thur1254",1144,"tbh","Australia","Pama-Nyungan",-34.634,150.721,"?"
"thur1255",160,"thu","Africa",NA,NA,NA,NA
"tiag1235",1440,"ahi","Africa",NA,NA,NA,NA
"tian1237",1349,"tbj","Papunesia",NA,NA,NA,NA
"tibe1272",172998,"bod",NA,"Sino-Tibetan",28.3681,90.1872,"0"
"tibe1274",717,"ngy","Africa","Atlantic-Congo",5.30535,11.3103,"0"
"tibe1277",917,"lsn","Eurasia",NA,NA,NA,NA
"tich1238",15,"tcn","Eurasia",NA,NA,NA,NA
"ticu1245",10769,"tca","South America","Ticuna-Yuri",-3.66289,-69.8723,"1"
"tidi1241",25,"tia","Africa",NA,NA,NA,NA
"tido1248",1630,"tvo","Papunesia","North Halmahera",0.02461,127.746,"0"
"tief1242",2197,"tiq","Africa","Atlantic-Congo",10.7184,-4.52619,"1"
"tiem1235",75,"boo","Africa",NA,NA,NA,NA
"tien1242",580,"tii","Africa","Atlantic-Congo",-2.84694,16.4765,"0"
"tiey1235",1197,"boz","Africa",NA,NA,NA,NA
"tifa1245",4508,"tif","Papunesia",NA,NA,NA,NA
"tiga1245",429,"tgc","Papunesia","Austronesian",-2.70951,150.893,"1"
"tige1238",166,NA,"Africa",NA,NA,NA,NA
"tigo1236",1129,"nza","Africa","Atlantic-Congo",6.983995,10.70849,"1"
"tigr1270",8726,"tig",NA,NA,NA,NA,NA
"tigr1271",13249,"tir","Africa",NA,NA,NA,NA
"tiii1241",135,"txq","Papunesia",NA,NA,NA,NA
"tika1246",3825,"tik","Africa","Atlantic-Congo",5.87004,11.6104,"1"
"tiko1237",1614,"tkp","Papunesia","Austronesian",-12.2766,168.822,"1"
"tila1239",1334,"otl","North America",NA,NA,NA,NA
"till1254",255,"til","North America",NA,NA,NA,NA
"tilq1235",331,"zts","Eurasia",NA,NA,NA,NA
"tilu1238",167,"tij",NA,"Sino-Tibetan",27.2203,86.4694,"?"
"tima1241",2004,"tms","Africa","Katla-Tima",11.7176,29.1632,NA
"timb1251",2876,"tim","Papunesia",NA,NA,NA,NA
"timb1253",37,NA,NA,NA,NA,NA,NA
"timb1263",76,NA,"Africa",NA,NA,NA,NA
"timn1235",3200,"tem","Africa","Atlantic-Congo",8.90294,-12.3331,"1"
"timo1258",97,"tvy","Papunesia",NA,NA,NA,NA
"timu1245",1787,"tjm","North America",NA,NA,NA,NA
"timu1262",2232,"tih","Papunesia","Austronesian",5.1796,115.826,"1"
"tina1246",282,"lbf","Eurasia",NA,NA,NA,NA
"tina1248",1517,"xsb","Papunesia","Austronesian",15.5797,120.095,"0"
"tind1238",4006,"tin",NA,NA,NA,NA,NA
"ting1238",31,"tgv","South America",NA,NA,NA,NA
"tini1245",442,"tit","South America",NA,NA,NA,NA
"tinp1237",1394,"tpz","Papunesia",NA,NA,NA,NA
"tipp1239",150,"tpe","Eurasia",NA,NA,NA,NA
"tira1253",198,"tra","Eurasia",NA,NA,NA,NA
"tira1254",1967,"tic","Africa","Heibanic",11.0963,30.8092,NA
"tira1258",314,"tde","Africa",NA,NA,NA,NA
"tiri1258",447,"cir","Papunesia","Austronesian",-21.8147,165.792,"1"
"tiru1241",1342,"tiy","Papunesia","Austronesian",6.77321,124.127,"1"
"tita1241",1563,"ttv","Papunesia","Austronesian",-2.18168,146.888,"0"
"tivv1240",3055,"tiv","Africa","Atlantic-Congo",6.88039,9.26287,"0"
"tiwa1253",2595,"lax","Eurasia",NA,NA,NA,NA
"tiwi1244",6871,"tiw","Australia",NA,-11.6308,130.949,"0"
"tjur1240",41,"tju","Australia",NA,NA,NA,NA
"tlac1235",1194,"tpt","North America",NA,NA,NA,NA
"tlac1237",77,"tpl","North America",NA,NA,NA,NA
"tlac1239",325,"ctl","North America",NA,NA,NA,NA
"tlac1240",121,"zpk","North America",NA,NA,NA,NA
"tlah1239",2585,"mxp","North America",NA,NA,NA,NA
"tlin1245",18145,"tli","North America",NA,NA,NA,NA
"toab1237",4095,"mlu","Papunesia","Austronesian",-8.39233,160.619,"0"
"toar1246",3236,"tqo","Papunesia","Eleman",-8.07231,146.206,"0"
"toba1266",4129,"tti","Papunesia",NA,NA,NA,NA
"toba1268",422,"tmf","South America","Lengua-Mascoy",-21.5474,-58.0158,"0"
"toba1269",5992,"tob","Africa",NA,NA,NA,NA
"toba1280",154,"tng","Africa",NA,NA,NA,NA
"toba1282",448,"tgh","South America",NA,NA,NA,NA
"tobe1252",1789,"tlb","Papunesia","North Halmahera",1.0946,128.154,"1"
"tobi1239",83,"tgb","Papunesia",NA,NA,NA,NA
"tobo1251",69,"tbv","Papua",NA,NA,NA,NA
"toca1235",2267,"asu","South America",NA,NA,NA,NA
"toch1257",26,"taz","Africa",NA,NA,NA,NA
"toda1252",3702,"tcx","Eurasia","Dravidian",11.4184,77.0168,"0"
"todr1244",42,"tdr","Eurasia",NA,NA,NA,NA
"tofi1235",142,"tfi","Africa",NA,NA,NA,NA
"togb1241",95,"tor","Africa",NA,NA,NA,NA
"togo1252",105,"tgy","Africa",NA,NA,NA,NA
"toho1245",4214,"ood","North America","Uto-Aztecan",31.7973,-111.995,"1"
"toho1246",589,NA,"North America",NA,NA,NA,NA
"tojo1241",2790,"toj","North America","Mayan",16.2572,-91.7825,"1"
"toka1244",386,"zuh","Papunesia",NA,NA,NA,NA
"toke1240",3654,"tkl","Papunesia","Austronesian",-9.227642,-171.780833,"1"
"tokh1242",1695,"xto","Eurasia",NA,NA,NA,NA
"tokh1243",6924,"txb","Eurasia",NA,NA,NA,NA
"tokp1240",24848,"tpi","Eurasia","Indo-European",-9.41971,147.303,"?"
"toku1246",867,"tkn","Eurasia",NA,NA,NA,NA
"tola1247",1285,"lbw",NA,NA,NA,NA,NA
"toll1241",4442,"jic","North America","Jicaquean",14.6686,-87.0372,"0"
"tolo1255",1599,"tlm",NA,"Austronesian",-15.1569,166.772,"1"
"tolo1259",1269,"tol","North America",NA,NA,NA,NA
"toma1245",1511,"tod","Africa","Mande",8.20383,-9.23439,"1"
"tomb1243",2207,"tom","Papunesia",NA,NA,NA,NA
"tomb1244",1327,"txa",NA,"Austronesian",6.2892,117.322,"0"
"tomb1245",47,"ttp","Papunesia",NA,NA,NA,NA
"tomi1243",211,"txm","Papunesia",NA,NA,NA,NA
"tomm1242",1725,"dto","Africa","Dogon",14.756,-3.28,"1"
"tomo1243",1451,"dtm","Africa",NA,NA,NA,NA
"tomo1244",146,"tqp","Papunesia",NA,NA,NA,NA
"tond1249",890,"tst","Africa","Songhay",15.262989,-2.816163,"1"
"tond1251",2073,"tdn","Papunesia",NA,NA,NA,NA
"tong1308",1452,"tnz","Eurasia","Austroasiatic",6.88137,100.102,"0"
"tong1318",5995,"toi","Africa","Atlantic-Congo",-17.422325,27.103495,"0"
"tong1320",247,"tny","Africa",NA,NA,NA,NA
"tong1321",819,"tog","Africa",NA,NA,NA,NA
"tong1325",6673,"ton","Papunesia","Austronesian",-21.17,-175.25,"1"
"tong1329",368,NA,"North America","Uto-Aztecan",34.1,-118.11,"?"
"tonj1246",37,"tjn",NA,NA,NA,NA,NA
"tonk1249",1650,"tqw","North America",NA,30.25,-96.75,"1"
"tons1239",327,"tnw","Papunesia",NA,NA,NA,NA
"tons1240",2541,"txs","Papunesia",NA,NA,NA,NA
"tont1239",2836,"tnt","Papunesia",NA,NA,NA,NA
"tooo1238",13,"toz","Africa",NA,NA,NA,NA
"toor1238",894,"ttj","Africa","Atlantic-Congo",0.57291,30.6389,"0"
"topo1242",886,"toq","Africa",NA,NA,NA,NA
"topo1243",109,"toy","Papunesia",NA,NA,NA,NA
"tora1259",240,"ttu","Papunesia","Austronesian",-6.19922,155.496,"?"
"tora1261",3113,"sda","Papunesia",NA,NA,NA,NA
"tora1263",55,NA,"South America",NA,NA,NA,NA
"tora1267",65,"trj","Africa",NA,NA,NA,NA
"torn1244",3028,"fit","Eurasia",NA,NA,NA,NA
"toro1249",100,"tdv","Africa",NA,NA,NA,NA
"toro1251",2645,"tqr",NA,NA,NA,NA,NA
"toro1252",1999,"dts","Africa",NA,NA,NA,NA
"toro1253",1039,"dtt","Africa",NA,NA,NA,NA
"toro1255",258,"tno","South America",NA,NA,NA,NA
"torr1259",940,"tei","Papunesia",NA,NA,NA,NA
"torr1261",1411,"tcs","Australia","Indo-European",-11.066,142.692,"1"
"torw1241",1334,"trw","Eurasia",NA,NA,NA,NA
"tosk1239",10151,"als","Eurasia","Indo-European",41,20,"1"
"tote1238",690,"ttl","Africa","Atlantic-Congo",-16.9575,24.3751,"0"
"toto1302",1308,"txo","Eurasia","Sino-Tibetan",26.67,88.975,"0"
"toto1304",313,"txe","Papunesia",NA,NA,NA,NA
"toto1305",2039,"mto","North America",NA,NA,NA,NA
"toto1306",986,"ttk","South America",NA,NA,NA,NA
"toto1308",40,"zph","North America",NA,NA,NA,NA
"touo1238",180,"tqu","Papunesia",NA,-8.58405,157.296,"1"
"tour1242",1964,"neb","Africa",NA,NA,NA,NA
"tour1243",108,"don","Papunesia",NA,NA,NA,NA
"towe1240",32,"ttn","Papunesia",NA,NA,NA,NA
"town1238",149,NA,"Africa",NA,NA,NA,NA
"tran1282",1420,"xtg","Eurasia",NA,NA,NA,NA
"trav1236",2234,"rmg","Eurasia",NA,NA,NA,NA
"trav1237",145,"rmd","Eurasia",NA,NA,NA,NA
"treg1243",19,"trm","Eurasia",NA,NA,NA,NA
"trem1235",157,"tme","South America",NA,NA,NA,NA
"trie1243",158,"stg","Eurasia",NA,NA,NA,NA
"trim1239",5,"tip","Papunesia",NA,NA,NA,NA
"trin1271",1008,"trx","Papunesia",NA,NA,NA,NA
"trin1273",137,"tgq","Papunesia",NA,NA,NA,NA
"trin1274",4104,"trn","South America","Arawakan",-15.3331,-65.4096,"1"
"trin1276",3179,NA,"South America",NA,NA,NA,NA
"trin1277",299,"lst","South America",NA,NA,NA,NA
"trio1238",3165,"tri","South America","Cariban",2.53616,-55.7599,"0"
"trum1247",2024,"tpy","South America",NA,-11.8119,-53.5717,"?"
"tsaa1242",1015,"tsa","Africa",NA,NA,NA,NA
"tsak1248",4083,"tsd","Eurasia",NA,NA,NA,NA
"tsak1249",4326,"tkr","Eurasia",NA,NA,NA,NA
"tsak1250",51,"kvz","Papunesia",NA,NA,NA,NA
"tsam1247",1056,"tsb","Africa","Afro-Asiatic",5.3097,36.9139,"1"
"tsat1238",741,"huq","Eurasia","Austronesian",18.3192,109.336,"0"
"tset1236",39,"txc","North America",NA,NA,NA,NA
"tsha1245",3888,"tsj","Eurasia","Sino-Tibetan",27.3694,91.7741,"0"
"tsik1238",69,"kdl","Africa",NA,NA,NA,NA
"tsim1257",2023,"xmw","Africa",NA,NA,NA,NA
"tsis1238",749,"tsw","Africa","Atlantic-Congo",10.2882,5.11073,"1"
"tsix1234",12,NA,"Africa","Khoe-Kwadi",-19.180953,23.998153,"1"
"tsoa1238",2058,"hio","Africa",NA,NA,NA,NA
"tsog1243",1130,"tsv","Africa","Atlantic-Congo",-1.55469,11.1359,"1"
"tson1249",7845,"tso",NA,"Atlantic-Congo",-23.5754,31.8105,"0"
"tsoo1241",48,"ldp","Africa",NA,NA,NA,NA
"tsot1241",380,"lto","Africa",NA,NA,NA,NA
"tsot1242",931,"fly","Africa",NA,NA,NA,NA
"tsou1248",2703,"tsu","Papunesia","Austronesian",23.216,120.787,"1"
"tsum1240",202,"ttz","Eurasia",NA,NA,NA,NA
"tsun1242",31,"tsl","Eurasia",NA,NA,NA,NA
"tsuv1239",218,"tvd","Africa",NA,NA,NA,NA
"tsuv1243",66,"tsh","Africa",NA,NA,NA,NA
"tswa1253",305738,"tsn","Africa","Atlantic-Congo",-24.368,24.7587,"0"
"tswa1255",1166,"tsc","Africa","Atlantic-Congo",-22.9891,32.4287,"0"
"tswe1238",382,NA,"Africa",NA,NA,NA,NA
"tual1242",394,"nrt","North America",NA,NA,NA,NA
"tuam1242",1781,"pmt","Papunesia",NA,NA,NA,NA
"tuba1278",682,"tub","North America","Uto-Aztecan",35.327,-117.163,"0"
"tuba1279",132,"tbu","North America",NA,NA,NA,NA
"tuca1252",6325,"tuo","South America","Tucanoan",0.579755,-69.5763,NA
"tuge1241",402,"tuy","Africa","Nilotic",0.66573,35.8499,"1"
"tugu1245",157,"tzn","Papunesia","Austronesian",-7.72555,126.7,"1"
"tugu1246",222,"tuj","Papunesia",NA,NA,NA,NA
"tuka1248",722,"khc","Papunesia","Austronesian",-5.30994,123.578,"1"
"tuka1249",304,"bhq","Papunesia",NA,NA,NA,NA
"tuki1240",1949,"bag","Africa","Atlantic-Congo",4.64348,11.5353,"0"
"tula1252",304,"tul","Africa","Atlantic-Congo",9.84629,11.52551,"0"
"tule1244",207,"tlu","Papunesia",NA,NA,NA,NA
"tuli1249",264,"tey","Africa",NA,NA,NA,NA
"tulu1258",4596,"tcy","Eurasia","Dravidian",12.8114,75.2651,"0"
"tuma1248",467,"krt","Africa",NA,NA,NA,NA
"tuma1250",252,"iou","Papunesia",NA,NA,NA,NA
"tuma1260",257,"tmc","Africa",NA,NA,NA,NA
"tumb1250",4772,"tum","Africa",NA,NA,NA,NA
"tuml1238",253,"tmq","Papunesia","Austronesian",-3.14955,142.346,"?"
"tums1237",52,"xtq","Eurasia",NA,NA,NA,NA
"tumt1243",191,"tbr",NA,NA,NA,NA,NA
"tumu1242",1634,"sil","Africa","Atlantic-Congo",10.63451,-1.79707,"1"
"tumz1238",3986,"mzb",NA,NA,NA,NA,NA
"tund1254",89,"enh","Eurasia",NA,NA,NA,NA
"tune1241",810,"baz","Africa",NA,NA,NA,NA
"tune1261",4673,"tvu","Africa","Atlantic-Congo",4.75,10.67,"0"
"tung1290",935,"lcm","Papunesia","Austronesian",-2.52188,150.198,"1"
"tung1293",53,"trt",NA,NA,NA,NA,NA
"tuni1249",92,"tse","Africa",NA,NA,NA,NA
"tuni1251",339,"tug","Africa",NA,NA,NA,NA
"tuni1252",1380,"tun","North America",NA,30.9888,-92.5403,"1"
"tuni1259",23588,"aeb","Africa",NA,NA,NA,NA
"tunj1244",372,"tjg","Papunesia",NA,NA,NA,NA
"tunn1238",294,"tqq","Africa","Afro-Asiatic",1.06167,43.6847,"1"
"tunu1234",1869,NA,"North America",NA,NA,NA,NA
"tunz1235",2,"dza","Africa",NA,NA,NA,NA
"tupa1250",2741,"tpr","South America",NA,NA,NA,NA
"tupi1273",15760,"tpn","South America","Tupian",-22.807778,-42.106389,"0"
"tupi1274",1044,"tpw","South America",NA,NA,NA,NA
"tupi1275",102,NA,"South America",NA,NA,NA,NA
"tupi1276",20,NA,NA,NA,NA,NA,NA
"tupi1282",544,NA,"South America",NA,NA,NA,NA
"tupu1244",2773,"tui","Africa",NA,NA,NA,NA
"tura1265",1,"trh","Papunesia",NA,NA,NA,NA
"turi1246",22,"trd","Eurasia",NA,NA,NA,NA
"turi1247",4,"twt","South America",NA,NA,NA,NA
"turk1288",1254,"tsm","Eurasia",NA,NA,NA,NA
"turk1303",3456,"klj","Eurasia","Turkic",34.4224,50.3222,"0"
"turk1304",13106,"tuk","Eurasia","Turkic",37.0872,59.1757,"0"
"turk1306",633,"tuz","Africa",NA,NA,NA,NA
"turk1308",4333,"tuv","Africa","Nilotic",4.30688,35.7101,NA
"turk1310",30,"tch","North America",NA,NA,NA,NA
"turo1239",4379,"tru","Eurasia",NA,NA,NA,NA
"turu1250",1,"tqm","Papunesia",NA,NA,NA,NA
"tusc1257",2767,"tus","North America","Iroquoian",43.1303,-79.4214,"1"
"tute1247",666,"tta","North America",NA,NA,NA,NA
"tuto1241",278,"ttg","Papunesia",NA,NA,NA,NA
"tuts1235",124,"tvt","Eurasia",NA,NA,NA,NA
"tutu1241",514,"tmi","Papunesia","Austronesian",-15.580667,167.268889,"1"
"tutu1242",322,NA,"North America",NA,NA,NA,NA
"tutu1243",13,"mtu","North America",NA,NA,NA,NA
"tuuu1240",324,NA,"Eurasia",NA,NA,NA,NA
"tuva1244",2777,"tvl","Papunesia","Austronesian",-8.520813,179.198088,"1"
"tuvi1240",10067,"tyv","Eurasia","Turkic",51.7,94.36667,"0"
"tuwa1242",77,"tww","Papua",NA,NA,NA,NA
"tuwa1243",2580,NA,"Papunesia","Austronesian",16.6646,121.113,"1"
"tuwu1238",773,"bov","Africa","Atlantic-Congo",7.31095,0.38008,"1"
"tuxa1239",16,"tud","South America",NA,NA,NA,NA
"tuxi1238",32,"tux","South America",NA,NA,NA,NA
"tuyu1244",2125,"tue","South America",NA,NA,NA,NA
"twan1247",2463,"twa","North America","Salishan",47.7419,-121.765,"1"
"twee1234",647,"xjb","Australia",NA,NA,NA,NA
"twen1241",16,"twd",NA,NA,NA,NA,NA
"twen1242",100,"twn","Africa",NA,NA,NA,NA
"tyap1238",1311,"kcg","Africa",NA,NA,NA,NA
"tzel1254",7221,"tzh","North America",NA,NA,NA,NA
"tzot1259",7335,"tzo","North America",NA,NA,NA,NA
"tzot1264",136,"tzz","North America",NA,NA,NA,NA
"tzut1248",4725,"tzj","North America",NA,NA,NA,NA
"uabm1237",2162,"aoz","Papunesia",NA,NA,NA,NA
"uamu1236",559,"uam","South America",NA,NA,NA,NA
"uare1241",693,"ksj","Papunesia",NA,NA,NA,NA
"uban1243",257,"uba","Africa",NA,NA,NA,NA
"ubii1238",73,"ubi","Africa",NA,NA,NA,NA
"ubir1237",142,"ubr","Papunesia","Austronesian",-9.59044,149.396,"0"
"ubyk1235",2239,"uby","Eurasia","Abkhaz-Adyge",43.67,39.67,"1"
"ucay1237",672,"cpb","South America",NA,NA,NA,NA
"udaa1238",41,"uda","Africa",NA,NA,NA,NA
"udih1248",5486,"ude","Eurasia","Tungusic",46.6309,135.678,"1"
"udii1243",7330,"udi","Eurasia","Nakh-Daghestanian",40.9,47.7236,"0"
"udmu1245",16750,"udm","Eurasia",NA,NA,NA,NA
"uduk1239",1201,"udu","Africa","Koman",9.16012,34.2293,"0"
"ugan1238",1248,"ugn","Africa",NA,NA,NA,NA
"ugar1238",4614,"uga","Eurasia","Afro-Asiatic",35.6,35.78,"0"
"ughe1237",403,"uge","Papunesia","Austronesian",-8.45725,157.341,"0"
"ugon1239",543,"ugo","Eurasia","Sino-Tibetan",14.2408,100.098,"0"
"uigh1240",28866,"uig",NA,NA,NA,NA,NA
"uisa1238",418,NA,"Africa, Australia, Eurasia, North America, Papunesia",NA,NA,NA,NA
"ukaa1243",811,"kcf","Africa","Atlantic-Congo",7.59722,6.03933,NA
"ukhw1241",6,"ukh","Africa",NA,NA,NA,NA
"ukit1237",119,"umi","Papunesia",NA,NA,NA,NA
"ukra1253",8995,"ukr","Eurasia","Indo-European",49.796,29.945,"0"
"ukue1238",1189,"uku","Africa",NA,NA,NA,NA
"ukwu1241",174,"ukw","Africa",NA,NA,NA,NA
"ulch1241",1248,"ulc","Eurasia","Tungusic",51.8521,140.29,"0"
"ulit1238",2202,"uli","Papunesia","Austronesian",9.961388,139.603611,"0"
"ulla1237",94,"ull","Eurasia",NA,NA,NA,NA
"uluk1257",143,"ulb","Africa",NA,NA,NA,NA
"ulum1237",80,"ulm","Papunesia",NA,NA,NA,NA
"ulwa1239",501,"ulw","North America","Misumalpan",12.932292,-83.581467,"1"
"umaa1242",932,"ppk","Papunesia","Austronesian",-1.70416,119.968,"?"
"umal1238",53,"ulu","Papunesia",NA,NA,NA,NA
"uman1240",1114,"gdn","Papunesia","Dagan",-9.89671,149.658,"0"
"umat1237",1333,"uma","North America",NA,NA,NA,NA
"umbi1243",728,"umd","Australia",NA,NA,NA,NA
"umbr1253",3652,"xum","Eurasia",NA,NA,NA,NA
"umbu1235",150,"umr","Australia",NA,-12.9325,131.825,"0"
"umbu1256",1967,"umg",NA,NA,NA,NA,NA
"umbu1257",6688,"umb","Africa","Atlantic-Congo",-12.4763,14.4148,"0"
"umbu1258",6719,"ubu","Papunesia","Nuclear Trans New Guinea",-5.9513,143.97,"1"
"umed1238",388,"upi","Papunesia",NA,NA,NA,NA
"umes1235",1761,"sju","Eurasia","Uralic",64.6383,18.646,"0"
"umir1236",1396,"due","Papunesia",NA,NA,NA,NA
"umot1240",1642,"umo","South America","Bororoan",-15.5929,-57.4192,"?"
"umpi1239",985,"ump","Australia",NA,NA,NA,NA
"unaa1239",880,"mtg","Papunesia","Nuclear Trans New Guinea",-4.69676,140.1,"0"
"unam1242",2328,"unm","North America",NA,NA,NA,NA
"unea1237",84,"bbn","Papua","Austronesian",-4.89383,149.141,"?"
"unem1238",352,"une","Africa",NA,NA,NA,NA
"ungg1243",3,"xgu","Australia",NA,NA,NA,NA
"unse1236",293,"uln","Papunesia",NA,NA,NA,NA
"unua1237",691,"onu","Papunesia","Austronesian",-16.2638,167.599,"0"
"unub1234",11,"unu","Papunesia",NA,NA,NA,NA
"uppe1235",33,"tov","Eurasia",NA,NA,NA,NA
"uppe1274",64,NA,"North America",NA,NA,NA,NA
"uppe1275",1062,"tku","North America","Totonacan",20.236,-97.81,"1"
"uppe1395",7464,"hsb","Eurasia",NA,NA,NA,NA
"uppe1400",6602,"sxu","Eurasia",NA,NA,NA,NA
"uppe1406",2817,"tth","Eurasia",NA,NA,NA,NA
"uppe1424",296,"kgh","Papunesia",NA,NA,NA,NA
"uppe1427",189,"dmg","Papunesia","Austronesian",5.31911,116.901,"?"
"uppe1437",1768,"tau","North America",NA,NA,NA,NA
"uppe1438",540,"kuu","North America",NA,NA,NA,NA
"uppe1439",781,"cjh","North America","Salishan",46.7981,-123.169,"1"
"uppe1455",3651,"pov","Africa",NA,NA,NA,NA
"urak1238",1588,"urk","Eurasia","Austronesian",7.5258,99.0768,"1"
"ural1272",4730,NA,"Eurasia",NA,NA,NA,NA
"ural1274",792,"url","Eurasia",NA,NA,NA,NA
"urap1239",1156,"urm","Papunesia",NA,NA,NA,NA
"urap1240",192,"uro","Papunesia",NA,NA,NA,NA
"urar1245",2069,"xur",NA,NA,NA,NA,NA
"urar1246",2448,"ura","South America",NA,-4.44006,-75.4211,"0"
"urat1244",1852,"urt","Papunesia",NA,NA,NA,NA
"urav1235",379,"uur","Papunesia","Austronesian",-18.6747,169.084,"1"
"urdu1245",1463252,"urd",NA,NA,NA,NA,NA
"urho1239",1742,"urh","Africa",NA,NA,NA,NA
"urii1240",788,"uvh","Papunesia",NA,NA,NA,NA
"urim1251",26,"urx","Papunesia",NA,NA,NA,NA
"urim1252",1170,"uri","Papunesia","Nuclear Torricelli",-3.58018,142.653,"1"
"urip1239",728,"upv","Papunesia","Austronesian",-16.00951,167.34643,"1"
"urni1239",240,"urc","Australia","Giimbiyu",-13.4766,133.023,"0"
"urub1243",456,"uks","South America",NA,NA,NA,NA
"urub1250",3422,"urb","South America",NA,NA,NA,NA
"urue1240",387,"urz","South America",NA,NA,NA,NA
"urug1238",11,"ugy","South America",NA,NA,NA,NA
"urum1249",2879,"uum","Eurasia",NA,NA,NA,NA
"uruu1244",2236,"ure","South America","Uru-Chipaya",-16.72547,-68.97119,"0"
"usag1244",609,"usk","Africa",NA,NA,NA,NA
"usan1239",1779,"wnu",NA,"Nuclear Trans New Guinea",-4.84265,145.362,"0"
"usar1243",3741,"usa","Papunesia",NA,NA,NA,NA
"usho1238",37,"ush","Eurasia",NA,NA,NA,NA
"usil1237",911,"cuc","North America",NA,NA,NA,NA
"usku1243",122,"ulf","Papunesia",NA,NA,NA,NA
"uspa1245",2794,"usp","North America",NA,NA,NA,NA
"usui1238",1036,"usi","Eurasia",NA,NA,NA,NA
"utar1238",11,"omo","Papunesia",NA,NA,NA,NA
"utee1244",731,NA,"North America",NA,NA,NA,NA
"utes1238",5437,"ute","North America","Uto-Aztecan",40.0965,-110.305,"1"
"utno1237",863,"wsg","Eurasia",NA,NA,NA,NA
"utoa1244",1104,NA,"North America",NA,NA,NA,NA
"uuuu1243",419,"uuu","Eurasia","Austroasiatic",22.6767,101.772,"0"
"uvbi1238",271,"evh","Africa",NA,NA,NA,NA
"uzbe1247",65,NA,"Eurasia",NA,NA,NA,NA
"uzbe1248",1448,"auz","Eurasia",NA,NA,NA,NA
"uzek1238",330,"eze","Africa",NA,NA,NA,NA
"vaag1238",873,"vaa","Eurasia",NA,NA,NA,NA
"vaal1235",110,"kqu","Africa",NA,NA,NA,NA
"vafs1240",655,"vaf","Eurasia",NA,NA,NA,NA
"vagh1246",528,"vgr","Eurasia",NA,NA,NA,NA
"vagh1248",28,"dkg","Africa",NA,NA,NA,NA
"vagl1239",2384,"vag","Africa",NA,NA,NA,NA
"vaii1241",3379,"vai","Eurasia",NA,NA,NA,NA
"vaip1239",1453,"vap","Eurasia",NA,NA,NA,NA
"vale1250",48,"vae","Africa",NA,NA,NA,NA
"vale1251",287,"vsv",NA,NA,NA,NA,NA
"vall1251",1653,NA,"North America",NA,NA,NA,NA
"vall1252",433,NA,"North America",NA,NA,NA,NA
"valm1241",362,"van","Papunesia",NA,NA,NA,NA
"vama1243",316,"mkt","Papunesia",NA,NA,NA,NA
"vame1236",119,"mlr","Africa",NA,NA,NA,NA
"vani1248",102,"vam","Papunesia",NA,NA,NA,NA
"vano1237",61,"vnk","Papunesia","Austronesian",-11.6107,166.7984,"0"
"vanu1242",73,"vau","Africa",NA,NA,NA,NA
"varh1239",975,"vah","Eurasia",NA,NA,NA,NA
"vari1239",94,NA,"Papunesia",NA,NA,NA,NA
"varl1238",325,"vav","Eurasia",NA,NA,NA,NA
"vasa1239",141,"vas","Eurasia",NA,NA,NA,NA
"vase1234",1112,"vaj","Africa",NA,NA,NA,NA
"vedd1240",7211,"ved","Eurasia",NA,NA,NA,NA
"vemg1240",318,"vem","Africa",NA,NA,NA,NA
"vend1245",10173,NA,"Africa",NA,NA,NA,NA
"vene1237",1160,"vsl","South America",NA,NA,NA,NA
"vene1257",2971,"xve","Eurasia",NA,NA,NA,NA
"vene1258",4454,"vec","Eurasia",NA,NA,NA,NA
"veng1238",1032,"bav","Africa",NA,NA,NA,NA
"vent1242",1956,"veo","North America",NA,NA,NA,NA
"veps1250",8623,"vep","Eurasia","Uralic",60.3353,34.7865,"0"
"vera1241",428,"vra","Papunesia","Austronesian",-13.892528,167.428701,"1"
"vidu1238",187,"vid","Africa",NA,NA,NA,NA
"viem1243",394,"vig","Africa","Atlantic-Congo",10.8429,-3.84128,"1"
"viet1252",76447,"vie","Eurasia","Austroasiatic",20.681188,105.774071,"1"
"vile1241",1883,"vil","South America",NA,NA,NA,NA
"vili1238",3046,"vif","Africa",NA,NA,NA,NA
"vill1242",9,"dyg","Papunesia",NA,NA,NA,NA
"vinc1243",2797,"svc","North America",NA,NA,NA,NA
"vinm1237",316,"vnm","Papunesia","Austronesian",-16.2253,167.427,"0"
"vinz1238",676,NA,"Africa",NA,NA,NA,NA
"virg1240",779319,"vic",NA,NA,NA,NA,NA
"vish1243",323,"vis","Eurasia",NA,NA,NA,NA
"viti1241",25,"vit","Africa",NA,NA,NA,NA
"viva1235",3,NA,"Eurasia",NA,NA,NA,NA
"vlaa1235",6166,"vgt","Eurasia",NA,NA,NA,NA
"vlaa1240",4548,"vls","Eurasia",NA,NA,NA,NA
"vlax1238",18592,"rmy","Eurasia",NA,NA,NA,NA
"volt1241",73,NA,"Africa",NA,NA,NA,NA
"voro1240",123,"vor","Africa",NA,NA,NA,NA
"voti1245",5962,"vot","Eurasia","Uralic",59.3802,28.6235,"0"
"vumb1238",184,"vum","Africa",NA,NA,NA,NA
"vunj1238",1283,"vun","Africa","Atlantic-Congo",-3.42531,37.5847,"?"
"vure1239",1658,"msn","Papunesia","Austronesian",-13.905677,167.451412,"0"
"vute1244",1644,"vut","Africa",NA,NA,NA,NA
"vwan1235",174,"wbi","Africa","Atlantic-Congo",-9.00683,34.0757,"1"
"waam1244",1213,"wwa","Africa",NA,NA,NA,NA
"waat1238",796,"ssn","Africa",NA,NA,NA,NA
"wabb1237",34,"wab","Papunesia",NA,NA,NA,NA
"wabo1240",24,"wbb","Papunesia",NA,NA,NA,NA
"wabo1241",1,"kmx","Papunesia",NA,NA,NA,NA
"waci1239",42,"wci","Africa",NA,NA,NA,NA
"wadd1237",1848,"wbq",NA,NA,NA,NA,NA
"wadi1248",204,"kxp","Eurasia",NA,NA,NA,NA
"wadj1254",786,"wdj","Australia",NA,-12.8596,130.737,"0"
"wadj1255",402,"wdu","Australia",NA,NA,NA,NA
"waem1237",195,"wag",NA,NA,NA,NA,NA
"waer1237",345,"wrx","Papunesia",NA,NA,NA,NA
"waff1241",4016,"waj","Papunesia",NA,NA,NA,NA
"waga1260",375,"wga","Australia","Pama-Nyungan",-20.329,137.623,"0"
"waga1268",14,"wgb","Papunesia",NA,NA,NA,NA
"wagd1238",2137,"wbr","Eurasia",NA,NA,NA,NA
"wage1238",819,"waq","Australia",NA,-13.8627,131.893,"0"
"wagi1249",242,"fad","Papunesia",NA,NA,NA,NA
"waha1238",326,"whk","Papunesia",NA,NA,NA,NA
"wahg1249",9,NA,NA,NA,NA,NA,NA
"waig1243",3560,"wbk","Eurasia",NA,NA,NA,NA
"waig1244",1148,"wgo","Papunesia","Austronesian",-0.17957,130.917,"1"
"wail1244",802,"wlk","North America",NA,NA,NA,NA
"waim1251",1235,"rro","Papunesia","Austronesian",-8.67145,146.544,"0"
"waim1252",508,"wmh","Papunesia","Austronesian",-8.53416,126.317,"0"
"waim1253",1224,"atr","South America","Cariban",-0.61832,-60.4259,"0"
"waim1255",1858,"bao","South America",NA,NA,NA,NA
"waiw1244",2769,"waw","South America","Cariban",1.50881,-59.1417,"0"
"waja1257",1040,"wbv","Australia","Pama-Nyungan",-28.1761,117.153,NA
"waja1259",416,"wja","Africa","Atlantic-Congo",9.91175,11.7206,"0"
"waka1274",1192,"wkw","Australia",NA,NA,NA,NA
"waka1275",43,"wav","Africa",NA,NA,NA,NA
"waka1282",404,"wwb","Australia",NA,NA,NA,NA
"wakd1237",217,"wkd","Eurasia, Papunesia",NA,NA,NA,NA
"wakh1245",6638,"wbl","Eurasia",NA,NA,NA,NA
"wala1263",4,"nlw","Australia",NA,NA,NA,NA
"wala1266",436,"lgl","Papunesia","Austronesian",-8.81936,160.741,"1"
"wala1269",338,"wlw","Papunesia",NA,NA,NA,NA
"wala1270",338,NA,"North America",NA,NA,NA,NA
"wali1262",177,"wll","Africa",NA,NA,NA,NA
"wali1263",782,"wlx","Africa",NA,NA,NA,NA
"wall1238",121,"waa","North America",NA,NA,NA,NA
"wall1255",4449,"wln","Eurasia",NA,NA,NA,NA
"wall1257",2455,"wls","Papunesia","Austronesian",-13.2903,-176.207,"1"
"walm1241",3410,"wmt","Australia","Pama-Nyungan",-19.7229,126.113,"0"
"wals1238",5218,"wae",NA,NA,NA,NA,NA
"walu1241",1018,"ola","Eurasia",NA,NA,NA,NA
"wamb1257",2547,"wme","Eurasia","Sino-Tibetan",27.14808,86.47646,"0"
"wamb1258",3396,"wmb","Australia","Mirndi",-17.496,135.683,"0"
"wamb1259",590,"wms","Papunesia","Nuclear Trans New Guinea",-5.44334,140.48,"0"
"wame1240",3485,NA,"Africa",NA,NA,NA,NA
"wami1239",4,"wmi","Australia",NA,NA,NA,NA
"wamp1247",734,"lbq","Papunesia",NA,NA,NA,NA
"wamp1249",2545,"wam","North America",NA,NA,NA,NA
"wamp1250",5758,"qyp",NA,NA,NA,NA,NA
"wanc1238",1213,"nnp",NA,NA,NA,NA,NA
"wand1263",229,"wnd","Australia",NA,NA,NA,NA
"wand1264",641,NA,"Africa",NA,NA,NA,NA
"wand1266",571,"wdd","Africa",NA,NA,NA,NA
"wand1267",1984,"wad","Papunesia","Austronesian",-2.25622,133.996,"1"
"wand1278",3911,"mfi","Africa","Afro-Asiatic",11.3169,13.8996,"0"
"wane1241",221,"wne","Eurasia",NA,NA,NA,NA
"wang1289",192,"wnm","Australia",NA,NA,NA,NA
"wang1290",1504,"wgg","Australia",NA,NA,NA,NA
"wang1291",2480,"wyb","Australia","Pama-Nyungan",-30.6481,146.18,"1"
"wang1294",667,"lwg","Africa",NA,NA,NA,NA
"wang1299",43,"wng","Eurasia",NA,NA,NA,NA
"wanm1242",908,"wbt","Australia","Pama-Nyungan",-22.7078,122.325,"0"
"wann1241",548,"jub","Africa",NA,NA,NA,NA
"wann1242",651,"wan","Africa","Mande",7.88773,-5.82092,"1"
"wano1243",1149,"wno","Papunesia",NA,NA,NA,NA
"want1252",3120,"wnc","Papunesia",NA,NA,NA,NA
"wanu1241",765,"wnk","Papunesia",NA,NA,NA,NA
"wany1247",57,"wny","Australia",NA,NA,NA,NA
"waor1240",12417,"auc",NA,NA,-1.12312,-76.683,"0"
"wapa1235",365,"juk","Africa",NA,NA,NA,NA
"waph1238",188,"juw","Africa",NA,NA,NA,NA
"wapi1253",2578,"wap","South America","Arawakan",2.58744,-59.8021,"0"
"wapp1239",994,"wao","North America","Yuki-Wappo",38.25,-122.5,"0"
"wara1290",1581,"wrz","Australia",NA,NA,NA,NA
"wara1292",905,"wbf","Africa","Atlantic-Congo",10.7283,-5.37515,"1"
"wara1294",1198,"tci","Papunesia","Yam",-8.64917,141.52,"1"
"wara1299",14,"srv","Eurasia",NA,NA,NA,NA
"wara1300",1881,"war","Papunesia","Austronesian",11.4911,125.012,"1"
"wara1302",861,"bpe","Papunesia",NA,NA,NA,NA
"wara1303",5141,"wba","South America",NA,7.50851,-59.3528,"0"
"ward1246",1145,"wrr","Australia","Yangmanic",-15.4155,132.604,"0"
"ware1253",539,"wsa",NA,"Austronesian",-1.65941,137.566,"0"
"wari1262",129,"wri","Australia",NA,NA,NA,NA
"wari1266",1561,"wrs","Papunesia",NA,NA,NA,NA
"wari1268",2664,"pav","South America","Chapacuran",-10.69948,-64.56152,"0"
"warj1242",634,"aml","Eurasia","Austroasiatic",25.1154,91.6266,"1"
"warj1253",102,"wji","Africa",NA,NA,NA,NA
"warl1254",16176,"wbp","Australia","Pama-Nyungan",-20.1008,131.05,"0"
"warl1255",629,"wrl","Australia","Pama-Nyungan",-18.949,133.862,"0"
"warl1256",1102,NA,"Australia","Pama-Nyungan",-22.2909,138.738,"0"
"waro1242",1860,"wrp","Papunesia","Austronesian",-2.31142,136.633,"1"
"warr1255",1608,"wgy","Australia","Pama-Nyungan",-18.5468,146.179,"0"
"warr1257",857,"gjm","Australia",NA,NA,NA,NA
"warr1258",825,"wwr","Australia","Nyulnyulan",-17.0965,123.971,"0"
"waru1264",2495,"wrg","Australia","Pama-Nyungan",-18.2496,144.37,"0"
"waru1265",1157,"wrm","Australia","Pama-Nyungan",-20.6479,134.375,"0"
"waru1267",63,"wrv","Papunesia",NA,NA,NA,NA
"wasa1244",63,"wss","Africa",NA,NA,NA,NA
"wasc1239",2142,"wac","North America",NA,NA,NA,NA
"wase1252",71,"gsp","Papunesia",NA,NA,NA,NA
"wash1253",1747,"was","North America",NA,38.8184,-119.64,"0"
"wask1241",2432,"wsk","Papunesia","Nuclear Trans New Guinea",-4.57978,145.979,"?"
"wata1251",38,"wtk","Papunesia",NA,NA,NA,NA
"wata1253",293,"wax","Papunesia",NA,NA,NA,NA
"wath1238",3845,"wth","Australia","Pama-Nyungan",-37.68777565,144.1013148,"0"
"watu1247",2,"wah","Papunesia",NA,NA,NA,NA
"waur1244",2863,"wau","South America","Arawakan",-13.296,-53.6971,"0"
"wawa1246",565,"www","Africa","Atlantic-Congo",6.68974,11.7802,"1"
"wawo1239",362,"wow","Papunesia",NA,NA,NA,NA
"waxi1236",2948,"wxa","Eurasia",NA,NA,NA,NA
"waya1264",1723,"ctt","Eurasia",NA,NA,NA,NA
"waya1268",15,NA,"Papunesia","Austronesian",-17.294682,177.123396,"1"
"waya1269",3216,"way","South America","Cariban",2.77537,-54.4429,"0"
"waya1270",4482,"oym","South America",NA,NA,NA,NA
"wayo1238",962,"wyr","Africa",NA,NA,NA,NA
"wayu1241",2381,"vay","Eurasia","Sino-Tibetan",27.3047,86.1227,"0"
"wayu1243",10063,"guc","South America","Arawakan",11.395566,-72.199791,"1"
"weda1241",616,NA,"Papunesia","Austronesian",-10.1246,150.172,"1"
"wehh1238",65,"weh","Africa",NA,NA,NA,NA
"weje1237",1982,"wew","Papunesia",NA,NA,NA,NA
"wela1235",52,"wlh","Papunesia",NA,NA,NA,NA
"wels1246",933,"rmw",NA,NA,NA,NA,NA
"wels1247",23516,"cym",NA,"Indo-European",52,-4,"1"
"weme1239",610,"wem","Africa",NA,NA,NA,NA
"wena1241",164,NA,"North America",NA,NA,NA,NA
"weno1238",2761,"wob","Africa",NA,NA,NA,NA
"weri1253",2884,"wer","Papunesia","Goilalan",-7.71834,146.914,"0"
"wers1238",175,"kvw","Papunesia",NA,NA,NA,NA
"weso1238",562,"gxx","Africa",NA,NA,NA,NA
"west1507",22,"hmw","Eurasia",NA,NA,NA,NA
"west1510",943,"ojw","North America",NA,NA,NA,NA
"west1511",13,"tqt","North America",NA,NA,NA,NA
"west1760",26,NA,"Eurasia",NA,NA,NA,NA
"west2354",6088,"fry","Eurasia","Indo-European",53.143,5.86091,"1"
"west2356",14294,"wep","Eurasia",NA,NA,NA,NA
"west2361",1663,"yih","Eurasia",NA,NA,NA,NA
"west2368",8614,"bgn","Eurasia",NA,NA,NA,NA
"west2369",38469,"pes","Eurasia","Indo-European",32.9,53.3,"1"
"west2370",22,NA,"Eurasia",NA,NA,NA,NA
"west2386",1206,"pnb","Eurasia","Indo-European",30.0948,75.3474,"0"
"west2392",11159,"mrj","Eurasia","Uralic",56.22,46.569,"0"
"west2396",3251,"lcp","Eurasia","Austroasiatic",19.8678,99.2057,"0"
"west2397",2462,"brv","Eurasia","Austroasiatic",16.4906,104.754,"?"
"west2398",1275,"kuf","Eurasia",NA,NA,NA,NA
"west2402",2110,"ybe","Eurasia",NA,NA,NA,NA
"west2405",494,NA,"Eurasia",NA,NA,NA,NA
"west2408",3214,"mut","Eurasia",NA,NA,NA,NA
"west2409",335,"kyu","Eurasia",NA,NA,NA,NA
"west2414",529,NA,"Eurasia",NA,NA,NA,NA
"west2415",3701,"tdg",NA,"Sino-Tibetan",28.0239,85.0563,"0"
"west2417",1408,"wmg","Eurasia","Sino-Tibetan",29.444,101.418,"0"
"west2418",207,"mrd","Eurasia","Sino-Tibetan",28.2462,83.511,"0"
"west2420",3954,"kjl","Eurasia",NA,NA,NA,NA
"west2422",1488,"raf","Eurasia",NA,NA,NA,NA
"west2430",5123,"mmr","Eurasia","Hmong-Mien",28.33,109.67,"0"
"west2434",4356,NA,NA,NA,NA,NA,NA
"west2441",2507,"are","Australia","Pama-Nyungan",-24.05052,133.24621,"1"
"west2443",120,NA,"Australia",NA,NA,NA,NA
"west2450",84,"lia","Africa",NA,NA,NA,NA
"west2454",2267,"fuh","Africa",NA,NA,NA,NA
"west2456",1422,"xwl",NA,NA,NA,NA,NA
"west2458",941,"bbp","Africa",NA,NA,NA,NA
"west2465",307,"ssl","Africa",NA,NA,NA,NA
"west2466",932,"kza","Africa","Atlantic-Congo",10.6298,-4.76482,"1"
"west2488",97,NA,"Africa",NA,NA,NA,NA
"west2492",178,NA,"Africa",NA,NA,NA,NA
"west2500",1155,"mlq","Africa",NA,NA,NA,NA
"west2513",1459,"nnd","Papunesia",NA,NA,NA,NA
"west2516",1185,"uve","Papunesia","Austronesian",-20.4145,166.589,"1"
"west2519",2150,"wyy","Papua",NA,NA,NA,NA
"west2535",159,"mss","Papunesia",NA,NA,NA,NA
"west2538",1138,"txn","Papunesia","Austronesian",-6.62046,134.168,"1"
"west2548",1269,"drn","Papunesia","Austronesian",-7.12065,128.585,"0"
"west2555",3486,"mbb","Papunesia","Austronesian",7.6682,124.825,"1"
"west2557",2602,"suc","Papunesia","Austronesian",7.79964,122.341,"0"
"west2560",608,"bdr","Papunesia","Austronesian",6.00631,116.124,"1"
"west2563",4902,"pne","Papunesia",NA,NA,NA,NA
"west2564",111,"zbw","Papunesia","Austronesian",3.9815,114.528,"?"
"west2594",3200,"dnw","Papunesia","Nuclear Trans New Guinea",-3.77127,138.217,"0"
"west2599",8532,"kew","Papunesia","Nuclear Trans New Guinea",-6.32097,143.73,"0"
"west2600",183,"mqs","Papunesia","North Halmahera",0.45332,127.63,"1"
"west2615",7620,"apw","North America","Athabaskan-Eyak-Tlingit",33.8574,-110.123,"0"
"west2618",4337,"ikt","North America","Eskimo-Aleut",64.3486,-96.148,"0"
"west2621",45,NA,"North America",NA,NA,NA,NA
"west2622",1059,NA,"North America",NA,NA,NA,NA
"west2624",578,"nhw","North America","Uto-Aztecan",21.3711,-98.7711,"?"
"west2630",1467,"abe","North America",NA,NA,NA,NA
"west2631",5395,"pua","North America",NA,NA,NA,NA
"west2632",2045,"kjq","North America","Keresan",34.9733,-107.517,"0"
"west2635",1965,"knj","North America","Mayan",15.5932,-91.8421,"1"
"west2640",1834,"gnw","South America",NA,NA,NA,NA
"west2643",1416,"jmx","North America",NA,NA,NA,NA
"west2644",3564,"ctp","North America","Otomanguean",16.2495,-97.3244,"0"
"west2650",1992,"cja","Eurasia","Austronesian",12.4771,104.026,"0"
"west2651",341,"tnb","South America",NA,NA,NA,NA
"west2721",7200,"gaz","Africa",NA,NA,NA,NA
"west2763",2345,"amw","Eurasia","Afro-Asiatic",33.8162,36.484,"1"
"west2778",180,"azn","North America","Uto-Aztecan",22.6,-104.9,"1"
"weta1242",40,"wwo","Papunesia",NA,NA,NA,NA
"wewe1238",73,"wec","Africa",NA,NA,NA,NA
"weyt1237",530,"woy","Africa",NA,NA,NA,NA
"whit1266",513,"lwh","Eurasia",NA,NA,NA,NA
"whit1267",1155,"giw","Eurasia",NA,NA,NA,NA
"whit1269",947,"tnp","Papunesia","Austronesian",-19.5019,169.381,"0"
"wich1260",567,"wic","North America",NA,NA,NA,NA
"wich1262",1136,"mtp","South America",NA,NA,NA,NA
"wich1263",3742,"wlv","South America",NA,NA,NA,NA
"wich1264",4414,"mzh",NA,NA,NA,NA,NA
"wika1238",26,"wik","Australia",NA,NA,NA,NA
"wikm1246",32,"wih","Australia",NA,NA,NA,NA
"wikm1247",7394,"wim","Australia","Pama-Nyungan",-13.98051,141.81611,"1"
"wikn1245",668,"wig","Australia",NA,NA,NA,NA
"wila1240",275,"wil","Australia","Worrorran",-14.9105,126.6,"0"
"wini1244",30,NA,"North America",NA,NA,NA,NA
"wint1259",2410,"wit","North America","Wintuan",39.7176,-122.445,"0"
"winy1241",48,"kst","Africa",NA,NA,NA,NA
"wipi1242",2541,"gdr","Papunesia",NA,NA,NA,NA
"wira1262",3206,"wrh","Australia","Pama-Nyungan",-34.0742,145.994,NA
"wira1264",39,"wir","South America",NA,NA,NA,NA
"wira1265",902,"wgu","Australia","Pama-Nyungan",-32,134,"0"
"wiru1244",2826,"wiu","Papunesia",NA,-6.35863,144.214,"0"
"wiyo1248",1924,"wiy","North America",NA,NA,NA,NA
"wocc1242",359,"xwc",NA,NA,NA,NA,NA
"woge1237",1173,NA,"Papunesia",NA,NA,NA,NA
"woii1237",518,"wbw","Papunesia","Austronesian",-1.62746,135.484,"0"
"woiw1237",769,"wyi","Australia","Pama-Nyungan",-37.64264501,145.5879962,"0"
"woje1238",1856,"jod","Africa",NA,NA,NA,NA
"wola1242",3056,"wal","Africa","Ta-Ne-Omotic",6.32668,37.7537,"1"
"wola1253",479,"wle","Africa","Afro-Asiatic",8.23,38.14,"1"
"wole1240",1386,"woe","Papunesia","Austronesian",7.37957,143.916,"0"
"woli1241",1023,"wlo","Papunesia","Austronesian",-5.33,122.67,"0"
"womn1235",8,"wom","Africa",NA,NA,NA,NA
"womo1238",8,"wmx","Papunesia",NA,NA,NA,NA
"womp1235",507,"wmo","Papunesia",NA,NA,NA,NA
"wong1247",279,"won","Africa",NA,NA,NA,NA
"wood1236",1419,"cwd","North America","Algic",57,-99,"0"
"wori1245",412,"kda","Australia",NA,NA,NA,NA
"woro1256",318,"jud","Africa",NA,NA,NA,NA
"worr1237",2690,"wro","Australia","Worrorran",-15.612781,124.881218,"?"
"wota1240",144,"wsv","Eurasia",NA,NA,NA,NA
"wotj1234",13,NA,"Australia",NA,NA,NA,NA
"wotu1240",674,"wtw","Papunesia","Austronesian",-2.59593,120.9,"0"
"woun1238",3127,"noa","South America","Chocoan",8.5,-78,"1"
"wuch1236",14211,"wuu","Eurasia","Sino-Tibetan",29.8621,119.682,"0"
"wudi1238",2041,"ywq","Eurasia","Sino-Tibetan",25.48,102.48,"0"
"wudu1238",56,"wud","Africa",NA,NA,NA,NA
"wulg1239",462,"qgu",NA,NA,NA,NA,NA
"wuli1242",6,"wlu",NA,NA,NA,NA,NA
"wuln1239",613,"wux","Australia",NA,NA,NA,NA
"wumb1241",530,"bqm","Africa",NA,NA,NA,NA
"wumb1242",575,"wum","Africa",NA,NA,NA,NA
"wume1235",148,"ywu","Eurasia",NA,NA,NA,NA
"wuna1248",354,"bwn","Eurasia",NA,NA,NA,NA
"wuna1249",926,"wub","Australia","Worrorran",-14.8347,125.72,"0"
"wurr1238",7,"wur","Australia",NA,NA,NA,NA
"wusa1235",1301,"yig",NA,"Sino-Tibetan",25.7707,102.367,"0"
"wush1238",474,"bse","Africa",NA,NA,NA,NA
"wutu1241",1322,"wuh","Eurasia","Sino-Tibetan",35.269,101.957,"0"
"wutu1244",499,"wut","Papunesia",NA,NA,NA,NA
"wuvu1239",2260,"wuv","Papunesia","Austronesian",-1.73938,142.851,"0"
"wuzl1236",3199,"udl","Africa",NA,NA,NA,NA
"wyan1247",4962,"wya","North America, South America","Iroquoian",44.33,-77.5,"0"
"wymy1235",2266,"wym","Eurasia",NA,NA,NA,NA
"xaas1235",2085,"kao","Africa",NA,NA,NA,NA
"xakr1238",323,"xkr","South America",NA,NA,NA,NA
"xamm1241",3480,"xam","Africa",NA,NA,NA,NA
"xamt1239",3337,"xan","Africa","Afro-Asiatic",12.4479,38.8352,"1"
"xana1235",125,"ztg","North America",NA,NA,NA,NA
"xara1243",64,"axx","Papunesia",NA,NA,NA,NA
"xara1244",782,"ane","Papunesia","Austronesian",-21.7034,165.996,"1"
"xava1240",6966,"xav","South America","Nuclear-Macro-Je",-14.3017,-52.4367,"?"
"xegw1238",282,"xeg","Africa",NA,NA,NA,NA
"xere1240",1333,"xer","South America",NA,NA,NA,NA
"xesi1238",41,NA,"Africa",NA,NA,NA,NA
"xeta1241",1696,"xet","South America",NA,NA,NA,NA
"xhos1239",261953,"xho","Africa","Atlantic-Congo",-31.0389,28.0769,"0"
"xian1251",5093,"hsn","Eurasia",NA,NA,NA,NA
"xibe1242",2442,"sjo","Eurasia",NA,NA,NA,NA
"xico1235",1291,"too","North America",NA,NA,NA,NA
"xinc1237",405,"xin","North America",NA,NA,NA,NA
"xinc1246",27,NA,"North America","Xincan",14.069981,-90.416651,"1"
"xing1248",1210,"asn","South America",NA,NA,NA,NA
"xipa1240",985,"xiy","South America",NA,NA,NA,NA
"xiri1242",707,"xii","Africa",NA,NA,NA,NA
"xiri1243",205,"xir","South America",NA,NA,NA,NA
"xish1235",1084,"ywt","Eurasia","Sino-Tibetan",24.8709,100.711,"0"
"xokl1240",3964,"xok","South America","Nuclear-Macro-Je",-26.9217,-49.5886,"1"
"xooo1239",14,NA,"Africa",NA,NA,NA,NA
"xuku1239",197,"xoo","South America",NA,NA,NA,NA
"xwel1235",70,"xwe","Africa",NA,NA,NA,NA
"yaaa1242",72,"tyy","Africa",NA,NA,NA,NA
"yaak1241",1436,"muu","Africa","Afro-Asiatic",0.46863,37.1008,"1"
"yaba1248",1687,"yar","Africa",NA,NA,NA,NA
"yaba1249",2,"ybn","South America",NA,NA,NA,NA
"yabe1254",3359,"jae","Papunesia","Austronesian",-6.67052,147.81,"0"
"yabo1240",11,"ybo","Papunesia",NA,NA,NA,NA
"yace1238",63,"ekr","Africa",NA,NA,NA,NA
"yaey1239",1667,"rys","Eurasia","Japonic",24.3401,123.801,"0"
"yafi1240",4,"wfg","Papunesia",NA,NA,NA,NA
"yaga1256",14,NA,"Australia",NA,NA,NA,NA
"yaga1260",1727,"ygr","Papunesia",NA,NA,NA,NA
"yagn1238",10840,"yai",NA,NA,NA,NA,NA
"yago1240",3,"ygm","Papunesia",NA,NA,NA,NA
"yagu1244",9914,"yad","South America","Peba-Yagua",-3.42913,-72.2186,"0"
"yagw1240",693,"ygw","Papunesia",NA,NA,NA,NA
"yaha1247",101,"rhp","Papunesia",NA,NA,NA,NA
"yaha1248",124,"ner","Papunesia",NA,NA,NA,NA
"yahu1241",242,"ynu","South America",NA,NA,NA,NA
"yaka1269",169208,"yaf",NA,"Atlantic-Congo",-5.984,16.775,"0"
"yaka1272",8748,"axk","Africa","Atlantic-Congo",3.6515,17.2713,"1"
"yaka1274",716,"iyx","Africa",NA,NA,NA,NA
"yaka1275",24,"ykk","Papunesia",NA,NA,NA,NA
"yaka1277",1908,"yka","Papunesia","Austronesian",6.531023,122.021729,"1"
"yaki1237",1842,"yak","North America","Sahaptian",46.2655,-120.756,"0"
"yakk1236",2119,"ybh","Eurasia","Sino-Tibetan",27.3714,87.9306,"0"
"yako1252",1034,"yky","Africa","Atlantic-Congo",4.1651,22.1702,"1"
"yaku1245",17436,"sah","Eurasia","Turkic",61.6974,133.98,"0"
"yala1262",275,"ylr","Australia","Pama-Nyungan",-21.731,139.511,"0"
"yala1263",458,"yba","Africa",NA,NA,NA,NA
"yala1266",62,"jal","Papunesia","Austronesian",-3.3619,129.315,"?"
"yala1267",998,"zpu","North America",NA,NA,NA,NA
"yale1246",462,"nce","Papunesia",NA,-3.79762,141.566,"0"
"yalu1240",1451,"yal","Africa",NA,NA,NA,NA
"yama1264",7569,"yag","South America",NA,-55.2748,-68.2648,"0"
"yamb1251",724,"yam","Africa",NA,NA,NA,NA
"yamb1252",78,"yat","Africa",NA,NA,NA,NA
"yamd1240",860,"jmd","Papunesia",NA,NA,NA,NA
"yame1242",1088,"yme","South America",NA,NA,NA,NA
"yami1254",3405,"tao","Papunesia","Austronesian",22.055,121.544,"0"
"yami1256",2956,"yaa","South America","Pano-Tacanan",-9.8846,-71.5964,"0"
"yamo1246",37,"ymg","Africa",NA,NA,NA,NA
"yamp1242",632,"ybi","Eurasia","Sino-Tibetan",27.6322,87.0441,"?"
"yana1271",1085,"ynn","North America",NA,39.2769,-121.608,"1"
"yana1272",30,"qur","South America",NA,NA,NA,NA
"yand1251",262,"yda","Australia",NA,NA,NA,NA
"yand1253",530,"ynd","Australia","Pama-Nyungan",-28.4744,140.583,"0"
"yand1257",615,"dym","Africa",NA,NA,NA,NA
"yand1261",6,"xyb","Australia",NA,NA,NA,NA
"yane1238",6355,"ame","South America","Arawakan",-10.5454,-75.315,"0"
"yang1286",1254,"zyg","Eurasia",NA,NA,NA,NA
"yang1288",94,"jng","Australia",NA,NA,NA,NA
"yang1289",237,"yng","Africa",NA,NA,NA,NA
"yang1290",19,"bsx","Africa",NA,NA,NA,NA
"yang1293",976,"yav","Africa",NA,NA,NA,NA
"yang1305",19,"tjj","Australia",NA,NA,NA,NA
"yang1309",10,"ysm","Eurasia",NA,NA,NA,NA
"yank1247",1555,"kdd","Australia","Pama-Nyungan",-26.4064,133.577,"1"
"yann1237",2288,NA,"Africa, Australia, Eurasia, North America",NA,NA,NA,NA
"yano1261",11708,"guu","South America","Yanomamic",1.67967,-64.8781,"1"
"yano1262",4967,"wca","South America","Yanomamic",2.48999,-62.8522,NA
"yans1239",2236,"yns","Africa",NA,NA,NA,NA
"yany1243",5264,"jao","Australia","Pama-Nyungan",-15.7621,136.055,"0"
"yaoo1241",14164,"yao","Eurasia","Atlantic-Congo",-13.6119,35.2387,"0"
"yaou1238",1173,"yre","Africa","Mande",6.95282,-5.57851,"1"
"yape1248",3463,"yap","Papunesia","Austronesian",9.55811,138.125,"1"
"yapu1240",818,"yev","Papunesia","Nuclear Torricelli",-3.47256,142.436,"0"
"yaqa1246",1596,"jaq","Papunesia",NA,NA,NA,NA
"yaqu1251",6036,"yaq","North America","Uto-Aztecan",29.9446,-110.681,"1"
"yara1250",48,"yrw","Papunesia",NA,NA,NA,NA
"yare1248",3742,"yrb","Papunesia","Yareban",-9.50651,148.605,"1"
"yare1249",114,"zae","North America",NA,NA,NA,NA
"yaro1235",317,"yro","South America",NA,NA,NA,NA
"yasa1242",2163,"yko","Africa","Atlantic-Congo",2.06043,10.678,"0"
"yate1242",390,"zty","North America",NA,NA,NA,NA
"yatz1235",3040,"zav","North America","Otomanguean",17.1869,-96.284,"1"
"yaul1241",1321,"yla","Papunesia","Keram",-4.39912,143.993,"0"
"yaum1237",2081,"yuw","Papunesia","Nuclear Trans New Guinea",-6.08274,146.841,"0"
"yaur1239",199,"jau","Papunesia",NA,NA,NA,NA
"yaut1235",407,"zpb","North America",NA,NA,NA,NA
"yauy1235",3257,"qux",NA,NA,NA,NA,NA
"yava1252",348,NA,"North America",NA,NA,NA,NA
"yavi1244",859,"yvt","South America","Arawakan",2.924844,-67.438886,"0"
"yawa1258",274,"yww","Australia",NA,NA,NA,NA
"yawa1260",977,"ywn","South America","Pano-Tacanan",-8.87563,-71.8199,"0"
"yawa1261",1188,"yaw","South America","Arawakan",-12.5104,-53.4236,"?"
"yawe1241",1431,"yby","Papunesia",NA,NA,NA,NA
"yawi1238",82,NA,"Africa, Eurasia, Papunesia, South America",NA,NA,NA,NA
"yawu1244",2082,"ywr","Australia","Nyulnyulan",-18.004,122.693,"0"
"yayg1236",271,"xya","Australia","Pama-Nyungan",-29.686722970453,153.18784362556,"0"
"yazg1240",1520,"yah","Eurasia",NA,NA,NA,NA
"yecu1235",2305,"tlc","North America","Totonacan",20.1765,-96.8741,"1"
"yeii1239",264,"jei","Papunesia",NA,NA,NA,NA
"yekh1238",594,"ets","Africa",NA,NA,NA,NA
"yeko1240",235,"ykr","Papunesia",NA,NA,NA,NA
"yela1238",911,NA,"Africa",NA,NA,NA,NA
"yele1255",3759,"yle","Papunesia",NA,-11.3796,154.127,"0"
"yelm1242",95,"jel","Papunesia",NA,NA,NA,NA
"yelo1243",40,"ylg","Papunesia",NA,NA,NA,NA
"yemb1246",2194,"ybb",NA,NA,NA,NA,NA
"yems1235",2357,"jnj","Africa","Ta-Ne-Omotic",7.79821,37.4412,"1"
"yend1241",67,"ynq","Africa",NA,NA,NA,NA
"yeni1236",390,"yec","Eurasia",NA,NA,NA,NA
"yeni1252",7,NA,NA,NA,NA,NA,NA
"yeni1253",19,"yei","Africa",NA,NA,NA,NA
"yere1243",9,"gop","Papunesia",NA,NA,NA,NA
"yero1238",339,"yrn","Eurasia",NA,NA,NA,NA
"yeru1240",1996,"yeu","Eurasia",NA,NA,NA,NA
"yesk1239",311,"yes","Africa",NA,NA,NA,NA
"yess1239",2949,"yss","Papunesia","Sepik",-4.15721,142.574,"0"
"yetf1238",45,"yet","Papunesia",NA,NA,NA,NA
"yeva1238",272,"yej","Eurasia",NA,NA,NA,NA
"yeyi1239",5246,"yey","Africa","Atlantic-Congo",-18.9178,23.6088,"0"
"yidg1240",377,"ydg","Eurasia",NA,NA,NA,NA
"yidi1250",1982,"yii","Australia","Pama-Nyungan",-17.1332,145.876,"0"
"yila1234",222,"ycr","Papunesia",NA,NA,NA,NA
"yill1241",52,"yll",NA,NA,NA,NA,NA
"yima1243",783,"yee","Papunesia","Lower Sepik-Ramu",-4.71731,143.572,"0"
"yimc1240",833,"yim","Eurasia",NA,NA,NA,NA
"yinc1238",394,"yin","Eurasia","Austroasiatic",20.0833,97.9166,"0"
"yind1247",1118,"yij","Australia","Pama-Nyungan",-21.5379,117.001,"0"
"yind1248",89,"yil","Australia","Pama-Nyungan",-19.24252,137.5894,"?"
"yine1238",7000,"pib","South America","Arawakan",-11.1086,-73.3087,"0"
"ying1247",228,"yia","Australia","Pama-Nyungan",-25.4446,115.58,"1"
"yinh1234",121,"ywg","Australia",NA,NA,NA,NA
"yint1235",477,"kvy","Eurasia",NA,NA,NA,NA
"yira1239",50,"ljw","Australia",NA,NA,NA,NA
"yiry1245",1990,"yiy","Australia",NA,NA,NA,NA
"yiwo1237",1056,"gek","Africa",NA,NA,NA,NA
"yoco1235",747,"gud",NA,NA,NA,NA,NA
"yoga1237",1855,NA,"Papunesia","Austronesian",16.7015,121.718,"1"
"yoid1240",45,"ydk",NA,NA,NA,NA,NA
"yoke1238",18,"yki","Papunesia",NA,NA,NA,NA
"yoku1256",2634,"yok","North America","Yokutsan",36.3167,-119.721,"0"
"yoln1234",819,"ygs","Australia",NA,NA,NA,NA
"yolo1241",453,"xty","North America",NA,NA,NA,NA
"yomb1244",2914,"yom","Africa",NA,NA,NA,NA
"yomm1242",628,"pil","Africa",NA,NA,NA,NA
"yona1241",1593,"yoi","Eurasia","Japonic",24.45,122.991,"0"
"yonc1234",823,"sxk","North America",NA,NA,NA,NA
"yong1270",3303,"nru","Eurasia","Sino-Tibetan",27.8,100.9,"0"
"yong1275",27799,"zyn",NA,NA,NA,NA,NA
"yong1276",5599,"zyb","Eurasia","Tai-Kadai",23.1,108.15,"0"
"yong1277",2054,"yno","Eurasia",NA,NA,NA,NA
"yong1280",2330,"yon","Papunesia","Nuclear Trans New Guinea",-6.42956,141.213,"?"
"yopn1238",2301,"yut",NA,NA,NA,NA,NA
"yora1241",1917,"mts",NA,"Pano-Tacanan",-11.3704,-72.0409,"0"
"yoro1243",106,"yox",NA,NA,NA,NA,NA
"yort1237",1050,"xyy","Australia","Pama-Nyungan",-35.9,145.01,NA
"yoru1245",29905,"yor","Africa",NA,NA,NA,NA
"yoso1239",563,"mpm","North America",NA,NA,NA,NA
"yott1234",84,"yot","Africa",NA,NA,NA,NA
"youj1238",1480,"zyj","Eurasia",NA,NA,NA,NA
"youl1235",1019,"jiu","Eurasia","Sino-Tibetan",22.0473,101.057,"0"
"youn1235",363,"buh","Eurasia","Hmong-Mien",25.7638,110.474,"0"
"yoyy1238",2466,"yoy","Eurasia",NA,NA,NA,NA
"yuag1237",252,"nua","Papunesia",NA,NA,NA,NA
"yuca1236",2962,"msd",NA,NA,NA,NA,NA
"yuca1254",20064,"yua","North America","Mayan",18.7757,-88.9567,"1"
"yuch1247",2876,NA,"North America",NA,35.75,-86.75,"0"
"yucu1253",4535,"ycn","South America","Arawakan",-0.76075,-71.0033,"1"
"yuec1235",125848,"yue",NA,"Sino-Tibetan",23,113,"1"
"yuga1244",238,"yub","Australia",NA,NA,NA,NA
"yugh1239",2060,"yug","Eurasia",NA,NA,NA,NA
"yugh1240",719,"yuu",NA,NA,NA,NA,NA
"yugo1238",681,"ysl","Eurasia",NA,NA,NA,NA
"yuhu1238",2425,"yab","South America",NA,NA,NA,NA
"yuka1240",555,"omk","Eurasia",NA,NA,NA,NA
"yuki1243",3434,"yuk","North America","Yuki-Wappo",39.8389,-123.296,"0"
"yukp1241",2988,NA,"South America","Cariban",9.67534,-73.0557,"?"
"yuku1243",158,"ybl","Africa",NA,NA,NA,NA
"yulp1239",30,NA,"Australia","Pama-Nyungan",-18.923519,122.370316,"0"
"yulu1243",739,"yul","Africa","Central Sudanic",8.04124,23.6166,"0"
"yuqu1240",1129,"yuq","South America","Tupian",-16.7875,-64.9438,"0"
"yura1255",4274,"yuz","South America",NA,-16.7479,-65.1224,NA
"yuro1248",4412,NA,"North America","Algic",41.3262,-123.824,"1"
"yuru1243",59,NA,"South America",NA,NA,NA,NA
"yuru1263",1277,"yui","South America",NA,NA,NA,NA
"yuru1264",461,"ljx","Papua",NA,NA,NA,NA
"yusu1238",28,NA,"Eurasia",NA,NA,NA,NA
"yuul1239",5,NA,NA,NA,NA,NA,NA
"yuwa1244",2199,"yau","South America",NA,NA,NA,NA
"zaba1237",185,"kji","Papunesia","Austronesian",-7.74311,158.753,"1"
"zaca1241",303,"nhi","North America","Uto-Aztecan",20.0581,-97.8974,"1"
"zaca1242",580,"ctz","North America","Otomanguean",16.08,-97.3069,"0"
"zagh1240",3330,"zag","Africa","Saharan",17.4842,23.4626,"1"
"zaiw1241",5613,"atb","Eurasia","Sino-Tibetan",24.1726,98.3643,"0"
"zakh1243",2387,"zkr","Eurasia, Papunesia","Sino-Tibetan",28.129,97.022,"0"
"zamb1239",1138,"zsl",NA,NA,NA,NA,NA
"zana1238",302,"zak","Africa",NA,NA,NA,NA
"zand1248",18842,"zne","Africa","Atlantic-Congo",4.62047,26.7157,"0"
"zang1248",163,"zau","Eurasia",NA,NA,NA,NA
"zang1249",512,"zna","Eurasia",NA,NA,NA,NA
"zang1255",73,"zah","Africa",NA,NA,NA,NA
"zani1235",139,"zpw","North America","Otomanguean",16.6804,-97.2876,"1"
"zapa1253",2925,"zro","South America","Zaparoan",-1.99871,-76.364,"?"
"zara1247",2021,NA,"Africa",NA,NA,NA,NA
"zara1252",93,"zbu","Africa",NA,NA,NA,NA
"zari1242",110,"zaz","Africa",NA,NA,NA,NA
"zarm1239",8915,"dje","Africa","Songhay",12.8554,2.41173,"1"
"zarp1238",6474,"zrp",NA,NA,NA,NA,NA
"zauz1238",1611,"zal","Eurasia",NA,NA,NA,NA
"zaye1235",1382,"kxk","Eurasia","Sino-Tibetan",20.16,96.908,"0"
"zays1235",1193,"zay","Africa","Ta-Ne-Omotic",5.83747,37.3409,"1"
"zayy1238",1899,"zwa","Africa",NA,NA,NA,NA
"zaza1245",8,"jaj","Papunesia",NA,NA,NA,NA
"zeem1242",70,"zem","Africa",NA,NA,NA,NA
"zeeu1238",1670,"zea","Eurasia",NA,NA,NA,NA
"zemb1238",3399,NA,"Africa",NA,NA,NA,NA
"zeme1240",617,"nzm","Eurasia","Sino-Tibetan",25.3499,93.6463,"0"
"zena1248",2057,"zen","Africa",NA,NA,NA,NA
"zenz1235",671,"czn","North America","Otomanguean",16.52799,-97.45546,"1"
"zhab1238",1905,"zhb","Eurasia","Sino-Tibetan",30.7416,100.983,"0"
"zhan1239",480,"xzh","Eurasia",NA,NA,NA,NA
"zhir1238",142,"zhi","Africa",NA,NA,NA,NA
"zhoa1238",224,"zhw","Africa",NA,NA,NA,NA
"ziaa1250",1485,"zia","Papunesia",NA,NA,NA,NA
"ziaa1251",532,NA,"North America",NA,NA,NA,NA
"zial1235",683,"zil","Africa",NA,NA,NA,NA
"zigu1242",1794,NA,"Africa",NA,NA,NA,NA
"zigu1244",3885,"ziw","Africa","Atlantic-Congo",-5.61864,38.41138,"?"
"zima1244",26,"zik","Papunesia",NA,NA,NA,NA
"zimb1247",13573,"zib",NA,NA,NA,NA,NA
"zimb1251",441,"zmb","Africa",NA,NA,NA,NA
"zinz1238",724,"zin","Africa","Atlantic-Congo",-2.64132,32.1755,"?"
"zire1240",5,NA,"Papunesia",NA,NA,NA,NA
"zire1244",335,"zrn","Africa",NA,NA,NA,NA
"ziri1239",12,NA,"Africa",NA,NA,NA,NA
"zoee1240",679,"pto","South America",NA,NA,NA,NA
"zoog1238",1590,"zpq","North America","Otomanguean",17.2016,-96.3433,"1"
"zoro1242",1905,"gbz","Eurasia",NA,NA,NA,NA
"zoro1244",161,NA,"South America",NA,NA,NA,NA
"zotu1235",298,"czt","Eurasia",NA,NA,NA,NA
"zouu1235",1208,"zom","Eurasia",NA,NA,NA,NA
"zulg1242",2069,"gnd","Africa","Afro-Asiatic",10.827,14.0578,"0"
"zull1239",809,"zlu","Africa",NA,NA,NA,NA
"zulu1248",40814,"zul","Africa","Atlantic-Congo",-28.9,30.2,"0"
"zuma1239",107,NA,"Africa, Eurasia",NA,NA,NA,NA
"zumb1240",172,"jmb","Africa",NA,NA,NA,NA
"zuni1245",5184,NA,"North America",NA,35.0056,-108.782,"1"
"zuoj1238",3171,"zzj","Eurasia",NA,NA,NA,NA
"zyph1238",437,"zyp","Eurasia",NA,NA,NA,NA
NA,321160,NA,"Eurasia",NA,NA,NA,NA
