lang,rate_15010000,rate_15150000,rate_15480000,rate_15900000,rate_15990000,rate_16020000,rate_16480000,rate_16550000,rate_16610000,rate_17580000,rate_18550000,rate_19620000,rate_19800000,rate_20160000,rate_20410000,rate_21060000,rate_21250000,rate_21350000,rate_22260000,rate_23670000,rate_24310000,rate_24440000,rate_24500000,rate_24870000,rate_26210000,rate_26500000,rate_27240000,rate_27470000,rate_27510000,rate_27920000,rate_28950000,rate_29050000,rate_29870000,rate_31240000,rate_31920000,rate_33880000,rate_34060000,rate_34240000,rate_34380000,rate_34440000,rate_34530000,rate_34740000,rate_35140000,rate_35880000,rate_36310000,rate_37170000,rate_37350000,rate_37730000,rate_38090000,rate_38160000,rate_38430000,rate_38450000,rate_38680000,rate_39490000,rate_39530000,rate_39730000,rate_39850000,rate_40510000,rate_41080000,rate_41530000,rate_41920000,rate_42530000,rate_42660000,rate_43170000,rate_43200000,rate_43300000,rate_43580000,rate_44090000,rate_45700000,rate_46080000,rate_46680000,rate_46840000,rate_46950000,rate_47510000,rate_47690000,rate_48090000,rate_48580000,rate_49810000,rate_50450000,rate_50640000,rate_50770000,rate_51180000,rate_51300000,rate_51970000,rate_52330000,rate_52390000,rate_54440000,rate_54530000,rate_54570000,rate_54940000,rate_55000000,rate_55010000,rate_55260000,rate_56710000,rate_56730000,rate_57430000,rate_57480000,rate_57760000,rate_58570000,rate_58870000,rate_58890000,rate_58940000,rate_59060000,rate_59320000,rate_59930000,rate_60390000,rate_60840000,rate_61210000,rate_61340000,rate_61680000,rate_61790000,rate_62200000,rate_62350000,rate_63150000,rate_63270000,rate_63550000,rate_63910000,rate_63940000,rate_64540000,rate_65020000,rate_65790000,rate_66220000,rate_66290000,rate_66730000,rate_67240000,rate_67310000,rate_67600000,rate_67720000,rate_68210000,rate_68470000,rate_69020000,rate_69030000,rate_69110000,rate_69330000,rate_69440000,rate_69670000,rate_70200000,rate_71100000,rate_71360000,rate_71410000,rate_71630000,rate_71740000,rate_71820000,rate_71880000,rate_73160000,rate_73640000,rate_73770000,rate_73830000,rate_73960000,rate_74460000,rate_74580000,rate_75290000,rate_75490000,rate_75990000,rate_78400000,rate_79110000,rate_80330000,rate_80340000,rate_80850000,rate_81260000,rate_81690000,rate_81800000,rate_82480000,rate_82730000,rate_82810000,rate_83420000,rate_84240000,rate_84940000,rate_85650000,rate_85770000,rate_86040000,rate_86090000,rate_86390000,rate_86450000,rate_86940000,rate_87300000,rate_87880000,rate_88250000,rate_88480000,rate_88600000,rate_88810000,rate_89520000,rate_90370000,rate_90930000,rate_91130000,rate_91820000,rate_91990000,rate_92260000,rate_92880000,rate_92950000,rate_93090000,rate_93150000,rate_93590000,rate_95800000,rate_95830000,rate_96010000,rate_97240000,rate_97730000,rate_99660000,rate_99790000
Hittite,4.127638,1.622507,1.028846,1.504262,1.016912,1.413883,1.094922,0.952938,0.962897,1.021033,1.297327,1.444268,1.240465,1.265655,0.887647,0.848346,0.533361,0.938675,1.536532,1.501691,1.314238,0.806693,1.001868,0.664995,1.501659,0.422848,0.349202,0.364232,0.712408,1.165867,0.925269,0.963991,0.750896,1.276845,0.841883,0.785434,0.907706,0.801918,1.200594,0.740318,0.747112,1.440606,1.011378,0.793647,1.334120,0.627757,0.900249,1.317962,2.350641,1.777291,1.294774,0.830254,1.114525,0.786896,0.600783,0.714240,0.594873,0.958193,0.912117,1.035979,0.651670,0.940231,0.807077,1.590331,1.024218,0.591910,0.496470,0.599958,0.569091,1.158735,0.846222,1.113786,0.774964,0.968791,0.911506,0.974725,0.704854,1.669173,1.706492,1.046732,0.887484,1.144678,0.875218,0.964697,0.942182,1.172107,1.631538,1.014483,1.223074,1.152830,0.955542,0.958575,0.644040,0.768880,1.363093,0.494525,0.607289,0.619690,1.043216,0.758222,1.398112,0.929158,2.162339,0.873338,2.334121,1.018860,0.524194,1.618484,0.992289,1.523106,1.886820,0.361025,0.426880,1.242797,0.846783,0.819324,0.464859,0.382333,2.341353,1.058500,1.063697,0.514550,0.425780,1.096067,0.973741,0.557545,1.052445,1.581790,0.456452,0.350776,0.775281,0.400680,0.707330,0.673033,0.709808,0.544789,0.551814,1.345024,0.752237,1.214409,1.117765,0.853769,0.811156,0.816390,0.746185,0.558312,0.744043,1.309544,0.989311,1.236882,1.387193,1.570541,0.635343,0.528024,0.737598,0.464470,1.482626,1.449829,0.596587,1.388957,1.202090,0.707024,0.908670,0.481504,0.227104,1.192872,1.765905,0.860299,2.571523,1.767309,1.499873,0.891909,0.397937,0.654865,0.836792,0.372541,0.477768,1.204191,0.945975,0.368121,1.286404,1.270035,0.628465,0.838277,1.414314,0.591325,1.276153,0.784334,0.949294,1.024324,0.671664,1.016447,0.504416,1.571953,0.998772,1.531683,1.198206,0.851120,2.483380,1.719367
Luvian,0.919445,2.075360,1.771012,0.956388,1.823401,1.835276,0.944102,0.954674,1.180975,1.276531,4.926658,1.252833,1.120856,1.036770,1.213649,2.918753,1.262909,1.554550,1.062721,2.459143,0.928129,1.354045,1.390068,1.568567,1.948946,1.188251,1.400740,0.632104,0.875667,1.110855,2.230715,2.049010,1.546822,1.101153,1.779974,1.019996,1.089206,1.385229,1.032505,0.454037,0.563202,0.972390,0.753530,0.809672,1.156860,1.124637,1.154932,0.837059,1.411917,1.594519,1.560503,1.192522,1.768471,1.614203,2.103480,1.786953,1.449276,1.020619,1.911429,0.668045,1.113024,1.196339,1.168141,1.032316,1.029069,1.736264,1.243862,2.291024,0.776950,2.052163,0.712877,0.847180,0.798472,2.098454,2.075760,0.840619,1.928989,1.253942,3.279248,0.841444,1.875721,1.835814,2.412980,0.608488,1.222764,0.865247,1.969494,1.343680,1.329877,1.190149,0.849285,1.423720,0.691182,2.544926,2.569867,0.881271,1.130144,0.855368,1.324911,1.146712,1.138164,1.839423,1.244234,1.657335,1.310198,1.833505,0.711866,0.848562,0.496825,1.335956,1.446632,1.387140,1.138376,1.088864,1.014435,1.777814,1.135083,1.140447,0.777105,0.690503,1.274476,0.788271,1.534571,1.791127,1.419655,2.262538,1.091230,0.414941,0.726814,1.026992,1.021644,0.602974,1.519612,1.676979,1.560655,0.819323,2.929604,1.107761,2.713162,2.721255,1.151929,1.155563,1.153757,1.156677,1.185738,0.981533,1.074248,0.974854,1.148208,1.977729,1.780061,1.369767,1.230286,1.341916,2.439390,4.750887,1.579236,1.545708,1.489059,0.509102,1.969708,1.499503,2.121958,0.883581,1.585274,0.988431,0.839669,1.335121,1.271096,1.729560,1.665688,1.076526,0.950564,1.282622,1.592596,0.362107,2.160183,2.039839,0.547865,0.683326,0.831750,2.062441,0.572123,1.732866,0.719467,0.712347,1.384042,2.300618,0.890754,1.739911,1.651997,1.228308,0.838132,1.031194,1.023718,2.160698,0.838317,0.678078,1.966536,2.664102
TocharianA,0.793401,0.680784,1.195981,1.545505,1.060558,0.583904,1.821534,1.948025,1.115387,0.925095,0.886200,1.482619,1.172072,1.543996,0.767197,1.377183,0.633504,0.670426,1.137162,1.238434,0.985766,0.653303,1.023817,1.101329,1.502387,1.230146,3.554153,7.507214,4.929540,1.371640,0.335377,1.277312,1.163741,1.167971,1.058986,1.039538,1.156551,1.456065,0.482355,0.593169,0.709774,0.995433,0.948080,2.404398,0.630123,1.115622,1.090704,1.711577,1.040231,2.093643,1.188551,0.661494,2.021126,0.835365,0.851280,1.395325,1.305528,0.695868,1.199156,1.010979,4.350562,1.094881,0.721989,2.498119,1.373878,2.593667,4.993068,1.569734,0.764102,2.249547,1.027206,2.179036,1.307499,1.565698,0.918352,1.906264,1.612488,1.501754,1.276559,1.275240,1.018334,0.976906,0.437545,1.046948,0.657034,1.062197,1.610904,1.845339,2.297535,0.710926,0.724581,0.709961,1.349957,0.754339,0.760697,2.200994,0.516036,1.373103,0.880352,2.860459,1.380934,1.356186,1.537043,0.556183,1.247974,2.170475,1.590545,0.519952,1.189834,2.156592,2.171680,1.150988,1.410694,0.734729,0.642063,1.633590,0.962947,0.558504,0.896602,1.327157,1.066495,1.099053,1.110835,0.450126,0.976746,1.005003,0.771721,0.963764,1.402792,0.897421,1.571416,1.538971,0.635708,2.002115,0.450348,1.120604,0.650313,1.113753,0.761341,0.745582,1.545473,1.075862,2.490646,1.734042,1.305199,0.874471,2.239053,1.552682,1.039969,1.438887,0.808008,1.957143,1.441952,0.958315,1.455016,3.227473,0.885376,0.865923,1.589696,0.890159,1.657265,3.211164,2.879690,1.231272,1.268543,0.637414,0.724298,1.389056,1.504234,2.098179,0.925468,1.491282,1.465365,0.616405,2.927987,0.510484,2.208175,0.603275,1.149410,2.733974,0.469763,1.202313,1.436387,1.675104,0.869140,0.636776,1.429752,0.876010,0.686627,1.086177,1.343090,1.866625,1.142440,0.683818,0.686018,0.958555,0.643049,0.810129,0.949542,1.071740
TocharianB,0.671049,0.628449,0.720565,0.606294,0.309233,0.676117,0.780547,0.448029,0.585734,0.361739,1.436345,1.586204,1.117582,0.515353,1.173680,1.754836,0.604857,0.674916,0.560310,0.387712,0.483621,0.402063,0.888744,0.781769,1.189412,0.447859,0.957749,0.566797,0.962852,0.433094,0.791274,0.612149,0.504639,0.655120,0.626828,0.560448,1.162088,0.445583,0.415041,0.243761,0.420185,0.489629,0.638467,0.803487,0.724827,0.482665,0.466904,0.522679,1.429500,1.406119,1.902270,1.837455,0.745377,0.585970,0.593932,0.249893,0.590994,0.438318,0.540089,0.403073,0.747776,0.807474,0.698266,0.642583,0.607431,0.522436,0.762457,0.293683,1.745795,0.988924,0.585810,1.006474,0.546360,1.015711,0.816875,2.058616,0.528127,1.684036,0.547624,0.349045,0.464407,0.542682,0.376006,0.670857,0.605855,0.578588,0.713604,0.723792,0.616772,0.246835,0.266788,0.485962,0.465515,0.684136,0.422438,1.208596,1.177979,1.463458,0.955472,0.949739,0.527693,1.095234,0.765773,0.468223,1.232880,1.107524,0.854356,0.442812,0.817135,0.834459,0.311819,0.604821,0.929843,0.763318,0.841781,0.469261,0.596833,0.632344,0.667423,0.563816,0.250700,0.551772,0.850688,1.252480,0.723428,0.847180,0.387260,0.596283,0.465895,0.936347,0.753016,0.739473,2.167348,0.587610,0.527448,0.643379,0.275115,0.452489,1.086440,0.586254,1.069126,0.541020,0.465690,0.480360,1.289401,0.685655,0.744450,1.055061,0.406565,1.132926,0.828540,1.387552,0.841093,0.879484,0.245585,0.899410,0.757135,0.731753,2.272710,2.753304,0.589373,0.950642,0.833870,0.884654,0.885264,1.000978,0.706557,0.950173,0.597079,1.306449,0.614001,0.469474,0.722284,0.737494,0.687841,0.407120,0.915581,0.776022,0.975064,0.863780,0.843619,0.759068,0.708859,0.876193,0.719768,0.537461,0.838994,1.148035,0.593252,0.407534,0.276947,0.368333,0.261610,0.361213,0.292706,1.034130,0.870893,0.241956,1.343106,0.725380
MycenaeanGreek,3.702906,0.481652,1.604083,0.552423,2.339923,1.053058,1.261735,1.014797,0.812256,1.242894,1.542370,1.412589,0.928474,2.265557,1.075872,1.346306,0.381976,1.360686,0.715496,1.614524,1.700258,1.294174,0.353497,1.751590,1.100458,0.409036,0.538243,0.657004,0.598517,0.811298,0.374946,0.375124,0.535518,0.465005,1.312130,1.286303,1.040512,1.794803,0.437681,1.984749,0.504220,1.283473,0.711451,1.801825,1.250347,0.572619,0.554670,1.168380,0.761500,0.670748,0.753562,1.240542,1.005854,0.677985,0.626423,0.481011,0.730961,0.367587,0.844057,0.428711,1.122169,1.396375,1.098005,0.800877,0.372407,1.957338,0.662022,1.119170,1.002410,1.790272,0.682112,0.472415,0.971717,0.397573,2.155815,0.940094,0.881530,1.112641,0.544247,0.571712,0.537300,2.490090,1.516097,0.574101,1.279794,0.279315,0.608936,0.472804,0.459113,0.294484,1.235816,1.235816,1.557602,1.008976,1.008976,0.684834,0.500866,0.462200,0.638461,0.425374,0.425374,0.552801,1.066320,0.590871,1.811511,1.293263,0.470173,0.837528,1.092549,0.830895,0.648644,1.234166,0.270423,0.631536,1.950685,0.990583,1.499149,1.252923,1.428211,0.657585,0.998050,1.008838,0.359670,0.685062,0.687203,0.587674,0.812775,0.442791,1.677559,0.539508,1.292572,1.292572,2.092401,1.500191,1.405159,0.735193,0.453553,1.391014,0.699047,2.198794,0.787024,0.811719,0.471845,0.468930,0.722108,0.871205,0.561701,1.701963,1.306384,0.335117,1.172087,1.164707,2.525021,0.793828,0.626704,1.585216,0.498628,0.287383,0.522280,0.912011,1.629163,0.525759,0.449065,0.624766,1.426502,0.274413,0.882678,1.678508,0.705804,1.156083,0.642094,1.305609,2.085279,0.864480,0.935955,0.965833,0.899260,1.263107,1.230713,0.845069,0.637866,1.440544,0.483345,1.207571,0.873911,2.542190,0.773260,0.490831,0.753053,0.463605,0.352942,0.888370,0.758679,0.367795,0.843459,0.340557,2.487955,1.043005,0.803450,0.749319
AncientGreek,0.746799,2.526703,1.038424,1.080506,1.261867,0.814703,0.472429,0.915675,2.506401,0.912309,1.139158,0.961840,0.955193,0.911389,1.245909,1.008651,1.148820,1.104960,2.638621,1.070395,1.118202,0.510020,1.003994,2.035808,0.844956,0.610566,2.844257,0.408308,1.866454,0.778874,0.685068,0.605186,1.102537,0.607408,1.053641,0.300000,0.311518,0.762124,1.172989,0.993559,1.276570,2.630551,0.577591,0.822026,0.477444,0.859520,0.366474,2.417180,0.493659,1.030289,0.537206,0.927587,0.613151,0.268282,0.253595,1.847009,0.650110,0.999700,1.234305,0.262992,1.480217,1.165634,0.834344,1.081911,0.934161,0.375027,0.853930,0.871410,0.483407,0.427716,0.925403,0.244031,1.077631,0.807787,1.690525,1.515201,0.962524,1.217481,0.729048,0.767462,0.430907,1.815938,0.387081,0.398041,0.741429,0.998199,2.289503,1.008250,1.008250,0.781156,0.664267,0.664267,0.820952,0.761151,0.761151,0.344123,1.086327,0.952468,0.810507,0.357395,0.489063,0.505084,1.197351,0.624999,0.508063,0.294939,1.319825,0.932693,1.700767,0.322494,0.966605,0.952343,1.152063,1.393454,1.486897,0.777287,0.672152,0.269975,0.994379,0.376077,0.751774,0.913086,0.412566,0.387375,0.750243,0.456896,0.731983,0.776568,0.314160,0.535181,1.734958,0.835589,0.841192,0.806009,0.452456,0.510388,0.795585,0.187238,1.511461,0.696454,0.854007,0.824494,1.203646,0.496364,0.605695,1.609672,0.861156,1.106052,0.557861,2.546931,2.089522,0.445755,0.463175,1.398882,2.052578,0.905397,0.840962,0.840962,0.975379,1.147008,0.393362,0.510522,0.345460,2.198757,1.090877,1.709792,0.622377,1.014231,0.294684,1.832560,0.745679,0.476475,0.812349,0.749990,1.014305,0.516359,1.885833,1.179283,1.489055,0.474018,0.570524,0.778783,0.706862,1.208105,1.881151,0.981877,0.967916,0.595532,0.986339,0.913848,0.751670,0.974683,0.580629,0.385471,0.458069,1.827518,0.473336,0.740829,0.383768,0.399704
NTGreek,1.052814,1.491736,1.461953,1.866029,1.171904,0.727473,0.749436,1.396485,1.237960,0.974131,0.689198,0.289484,0.437624,0.353823,1.336916,1.051909,0.690534,0.496706,0.735979,0.941510,1.829088,3.354223,1.397863,0.855947,0.710709,1.604802,0.742815,1.415290,0.388802,0.794154,0.689048,1.885037,0.759287,2.119528,0.944547,1.566378,0.307685,0.862357,0.408474,0.899175,0.968230,0.463564,1.126622,1.103712,0.846905,0.723206,1.549259,1.539562,0.816716,1.453321,1.425298,1.410211,0.948106,1.171265,1.331394,2.437333,1.000102,2.245426,0.742208,0.965892,2.656426,0.708129,2.869506,1.977232,0.596817,1.217927,0.653073,1.055308,0.390163,0.951744,0.354213,0.482614,0.408061,1.987742,0.410161,0.909631,0.998024,1.373040,0.897461,1.230663,0.698930,0.694674,2.141236,0.589571,2.766595,0.899200,0.725602,0.299483,1.061969,0.512059,0.842563,1.477737,1.320835,1.038185,1.162666,2.214332,1.357159,0.742009,0.868906,0.953745,1.841410,1.097813,0.350125,0.358394,0.667735,0.157864,0.584929,0.602508,0.918956,0.766805,0.603524,0.851440,0.659333,0.293941,1.793053,1.727303,0.587638,0.467667,1.059821,0.949485,0.614406,0.559974,0.554954,0.515293,0.572956,0.563255,0.228107,0.476750,0.566965,2.406549,1.019101,1.221662,0.795952,1.213696,0.548895,0.898694,0.482140,0.478542,0.699170,0.980340,0.847780,0.625394,1.245935,0.565184,1.340601,1.317673,1.212584,0.731362,0.334937,0.962313,0.785962,0.233275,1.922809,3.204365,0.942164,0.554670,0.285481,0.286597,1.425457,1.085980,0.514421,0.646289,1.701130,1.350503,0.607088,1.261533,0.850579,1.481959,1.872675,1.187462,0.616914,0.487249,0.453958,0.912504,0.370648,0.386219,0.240838,0.426300,0.416584,0.466038,0.808332,0.532913,0.391226,0.818427,0.874798,0.781278,1.510106,0.522262,0.719597,0.615595,1.140237,0.340256,0.963715,1.835150,1.423705,2.836673,4.087636,1.152241,1.282773,0.258139
Greek,0.337919,0.365309,0.426888,0.443259,0.968085,0.599029,0.552218,0.574981,0.665701,0.586862,0.235352,0.524726,0.730483,0.743606,0.658941,0.888899,0.549134,0.791027,0.590888,0.594891,0.587005,0.623474,0.498133,0.337143,0.469920,0.425809,0.305643,0.337681,0.323012,0.376084,0.788242,0.692554,0.384776,0.312302,0.356692,0.574835,0.584360,0.630600,0.775429,1.040081,0.858472,0.819338,0.267285,0.673021,0.554889,0.426607,0.281362,0.282511,0.577279,0.607895,0.602307,0.718015,0.405826,0.533675,0.738494,0.863951,0.728604,0.689804,0.221925,0.485419,0.402027,0.486254,0.266765,0.687619,0.242931,0.486347,0.456694,1.146037,0.347265,1.012900,0.306777,0.598532,0.397603,0.640443,0.742697,0.374769,0.536137,0.493932,0.386347,0.403319,0.300911,0.521295,0.590541,0.593732,0.257196,0.511829,0.579759,0.267420,0.727547,0.392003,0.434762,0.318730,0.580179,0.255261,0.234584,0.677821,0.460423,0.934105,0.238313,0.286477,0.341737,1.068632,0.678616,0.596345,0.303035,0.795900,0.545531,0.557432,0.839713,0.612044,0.637538,0.368524,0.490917,0.207998,0.196477,0.289461,0.577925,0.560513,0.675314,0.469833,0.679423,0.494521,0.315667,0.153338,0.288674,0.686237,0.665323,0.973848,0.382308,0.978415,0.508697,0.513092,0.375448,0.497071,0.429657,0.873899,0.780229,0.320945,0.502122,0.229812,0.361253,0.717685,0.922323,0.617027,0.670579,0.442455,0.614302,0.496516,0.386494,0.662434,0.399743,0.382357,0.497349,0.762846,0.945105,0.357664,0.553544,0.802429,0.359436,0.397595,0.238835,0.306440,0.327507,0.566428,0.709883,0.451611,0.358885,0.713398,1.331531,0.563794,0.748883,0.441195,0.532611,0.817356,0.269166,0.408440,0.297815,1.209529,0.412279,0.274947,0.340576,0.289802,0.429610,0.998871,0.565057,0.524895,0.412742,0.702551,0.606027,0.375736,0.727508,0.813851,0.447272,0.401365,0.314448,0.500461,0.484877,0.574282,0.557034,0.554026
GreekCappodocian,1.441033,1.349981,0.912707,1.707437,1.517950,1.514792,1.044548,0.755293,0.743769,0.882481,1.098942,1.493261,1.163899,1.782151,1.344306,0.905811,1.355178,1.833342,1.459570,0.970992,1.265810,1.267213,1.247364,1.218160,1.214905,2.436234,1.631264,2.210299,2.357389,1.391584,1.874750,1.808849,2.391197,2.068581,1.777689,1.938997,2.343381,2.101571,1.902705,1.296847,2.078208,1.933880,1.554827,2.034125,2.658560,1.835154,2.879494,2.110520,1.259056,1.383394,1.522751,1.594508,1.988900,1.973007,2.103713,1.648602,1.588815,0.730916,1.434718,3.549615,2.296805,1.037014,1.134064,1.216145,1.264742,1.200817,0.804396,1.097106,1.584301,2.097145,2.529527,1.249304,2.334968,1.990893,1.763156,2.613362,2.931365,1.676735,1.836984,1.776647,1.697063,2.258981,2.966582,1.176878,2.637666,2.616179,1.583509,1.959179,1.971173,1.816652,1.818004,1.910022,2.642836,3.769024,3.502902,1.148240,1.218041,1.515515,1.139187,1.808192,1.841147,1.201534,1.691506,0.800686,2.336928,2.879139,1.651121,2.141916,1.171740,2.142618,1.232675,0.687356,1.409139,0.992454,0.962598,0.961787,1.581366,1.574601,1.742407,2.704618,1.054133,1.830050,2.002931,1.081382,2.325982,2.409338,1.472789,2.695897,1.230072,2.017348,2.239283,2.196507,2.110440,1.444487,1.421345,1.550835,1.399207,1.502263,1.847356,2.116758,2.567018,3.428579,3.781755,2.897933,2.708371,1.469733,1.985152,2.006751,2.959178,1.414377,1.512100,1.743087,2.840330,1.485892,1.693177,3.478668,1.486274,1.485992,2.837840,2.228245,2.603201,2.386465,2.409120,1.724978,1.813492,1.809496,1.357543,1.572375,2.316048,1.697214,1.607411,2.038291,2.403299,1.273653,1.106485,1.232130,2.707084,1.959647,1.705023,1.357478,1.082691,1.773703,1.459279,1.909377,1.824422,1.330755,1.407774,1.458944,1.356407,1.439021,1.470529,1.442854,2.112843,2.334517,2.292432,1.860479,0.938587,2.189633,0.843998,0.874602
GreekPontic,0.534979,0.576548,0.491258,0.630055,0.798390,0.820347,0.812994,0.499434,0.574115,0.520195,0.731065,0.764489,0.610601,0.703057,0.657991,0.399886,0.423084,0.728797,0.770668,0.482296,0.536175,0.846837,0.874716,0.544847,0.522846,1.563839,0.968798,0.908509,1.164083,0.672804,0.524900,0.771471,1.570675,1.249655,0.859554,0.771755,1.400612,1.207862,0.952656,0.963804,0.885803,1.172953,1.242965,0.884842,1.114798,1.181943,1.232286,0.525159,0.474030,0.708708,0.498178,0.498679,0.997545,0.635518,0.390190,0.413816,1.145920,0.513126,1.254222,2.260933,0.954298,0.455127,0.687955,0.569216,0.612660,0.575966,0.320379,0.398832,0.920834,0.683486,1.144920,0.702738,0.878575,1.009908,0.574318,1.511061,1.974301,1.238251,1.190188,1.463843,0.570102,0.908985,1.104642,0.679480,1.347978,0.843991,0.610033,1.179870,0.806518,0.887586,0.870659,1.082026,1.258427,1.568337,1.730740,0.858596,0.657961,0.948745,0.738008,0.761362,0.775238,0.939176,0.866813,0.435852,0.798571,1.023049,1.342311,0.970284,0.511573,1.332117,0.570851,0.488842,0.504328,0.594394,0.592977,0.425082,0.698433,0.695446,0.588136,0.603403,0.805734,0.986649,1.011319,0.616972,0.531091,1.180176,0.710006,0.844394,0.869178,1.460984,0.988026,0.969152,0.958830,0.573799,0.926651,0.477262,0.829531,0.657950,0.514740,0.737714,1.251514,1.185020,1.907970,1.462065,0.418789,0.905917,0.873564,1.095256,1.312254,0.841575,0.975032,0.649569,1.140664,0.777411,0.723703,1.294005,0.383403,0.619337,1.826153,0.748751,1.909879,0.705627,1.240272,0.645242,1.035153,0.665568,0.923912,0.789076,1.370532,0.885554,0.651808,0.673085,0.681307,0.522289,0.500334,0.380441,1.087804,0.902990,0.606482,0.727687,0.885161,0.975232,0.643125,0.837333,0.822973,0.773844,0.748966,1.020559,0.773085,0.820171,0.692221,0.354928,0.574314,0.859671,1.411165,0.682899,0.564385,0.959380,0.300339,0.396557
GreekCypriot,1.858291,1.660091,1.908170,1.220075,2.251655,2.270112,1.356527,1.412446,1.442228,1.514399,0.643287,1.604393,1.253205,1.564168,1.209239,2.828681,1.402785,1.146075,1.268309,1.308975,2.049886,2.285646,2.340996,0.889581,1.063127,0.727201,0.957554,0.866678,1.043225,1.415951,2.243420,1.186939,1.230705,1.241204,0.858301,1.506717,1.342375,1.373547,2.969734,2.348946,1.680554,1.889587,0.776717,1.971824,1.880297,1.671836,1.085558,0.587356,1.641920,1.136173,0.782966,1.137707,1.313969,1.775479,1.696195,3.125714,1.499513,1.840106,1.019002,2.196364,2.051113,1.011717,0.604647,1.877436,1.928128,1.483466,0.729933,2.713571,1.860362,2.288771,1.066757,1.285562,1.580792,2.166355,3.087233,1.766558,1.622289,1.285695,1.318947,1.414091,1.149921,1.422504,1.559168,1.219531,1.261659,1.203226,1.491954,1.292749,1.305667,1.269615,1.242127,0.841966,1.882143,1.831818,1.936784,1.666108,1.694997,2.294608,1.185221,1.320789,1.327714,1.644008,1.328120,1.830750,1.186025,2.715034,1.046420,2.197066,2.112573,1.303631,1.395712,0.997825,1.272461,0.780233,0.783136,0.748245,1.164631,1.129542,1.421672,2.112350,1.173966,1.196600,1.613473,0.800395,1.213117,1.853693,2.552432,1.916483,1.015544,2.380922,1.175830,1.223725,1.950779,1.209606,1.195761,1.614222,1.618509,1.786942,1.427949,1.408873,1.676935,2.043212,1.797601,1.903836,1.653725,1.631715,1.747228,0.880943,2.195134,1.202317,0.862650,1.036710,2.350441,1.548031,2.142267,1.421367,1.288754,2.489733,1.434848,0.723993,1.348423,2.100667,1.353260,1.916132,1.687971,1.465751,1.304407,1.565703,1.765443,1.648748,2.029836,2.071725,1.501716,2.182446,1.225445,1.499267,1.213892,2.679003,0.970255,1.052935,0.948324,0.977123,1.263223,1.492868,1.725242,1.244452,1.555609,1.624154,1.687685,1.787140,1.400194,1.194102,1.306887,1.340463,1.307390,1.723259,1.536662,1.325776,0.641115,0.890694
GreekItaliot,1.938628,1.381034,1.445471,1.569594,1.659841,2.903397,1.612673,1.048480,1.057351,1.926347,0.667346,0.885254,0.886324,0.981703,1.741945,1.583385,1.644903,1.281520,0.587326,0.962012,1.369199,1.309636,1.274833,0.503114,0.989422,0.827203,0.702230,0.420903,0.631937,0.737358,1.988460,1.227906,1.085938,1.029550,1.106578,1.445781,1.232704,1.387454,0.964643,1.207528,1.264176,0.881404,0.720392,1.316071,1.218422,0.705006,1.223665,1.117505,1.757715,1.689234,2.651857,2.776820,1.159818,1.740040,1.822900,0.834309,0.505432,0.802519,1.248095,1.147392,1.415454,0.631665,0.542158,0.677170,0.677352,0.675350,1.434249,2.034194,0.930121,3.306349,0.939792,1.095911,0.889583,0.556146,1.040797,1.290992,1.302070,0.739349,1.174880,1.264575,1.045673,2.035738,1.819345,1.025757,1.226814,1.262350,1.080315,1.843927,0.902833,0.891969,0.872133,0.872742,0.963550,1.071637,0.748754,0.710167,0.714822,1.237765,0.936223,1.178892,1.167021,1.192687,1.527648,1.730089,0.601928,0.864279,0.937030,1.022695,1.028956,0.953410,1.326062,1.796829,0.958955,0.783526,1.052999,0.992435,0.906697,0.928332,1.572814,1.131552,0.852383,0.997724,1.006668,1.047543,0.974188,0.959645,1.176312,1.201958,1.270864,0.896074,0.946874,0.914767,1.041097,0.753436,0.737990,0.987231,0.874336,1.980235,1.077027,0.982084,1.702942,1.174104,1.155634,1.213205,1.096808,1.310107,1.085648,1.117657,0.935647,0.845478,0.849655,1.168804,0.823159,0.562529,1.607372,1.320040,0.438283,0.446485,1.234377,0.733382,0.402893,0.781182,1.637071,1.199256,1.237939,1.023228,1.119004,1.863502,1.313062,1.320471,1.952985,2.380020,2.186951,2.099940,1.435246,1.351163,0.949764,1.118230,0.903965,0.918165,0.769406,1.236343,1.227333,1.213162,0.838136,1.691997,0.921551,1.000256,1.008992,1.017321,0.973464,1.589520,1.917153,1.027041,1.062336,1.049605,1.384996,1.799720,1.127884,1.037742
ClassicalArmenian,0.483909,0.964264,0.995425,0.421079,1.721241,1.869895,1.525783,1.303757,0.362566,0.672378,0.424510,0.576860,0.817612,2.181926,0.870422,0.908896,1.056857,0.865695,0.531004,0.839865,1.698036,0.709559,0.673324,0.877083,0.758582,1.435426,0.849193,0.832302,0.934299,0.880454,0.912718,0.439149,0.424404,1.118953,0.477625,0.694963,0.576164,0.617152,0.945789,0.737183,0.443804,0.630285,0.771632,0.462904,0.693727,0.765015,0.655480,1.694731,0.360031,1.479199,1.001549,0.484870,1.219554,0.894579,0.746341,2.325823,0.908539,1.721882,0.888374,0.259312,1.157776,0.346340,1.225059,0.966743,0.482576,0.654300,0.848664,0.387784,0.984419,0.914357,0.252605,0.770055,1.035380,2.001410,0.836170,0.732424,0.388608,1.088750,0.737200,1.081410,0.343439,0.881691,1.846105,0.613051,1.193734,1.223981,0.945158,2.215158,2.178953,0.824835,1.334939,1.334939,1.985779,1.149322,0.808553,0.897428,0.410381,0.784131,0.637670,0.583675,1.142260,3.188558,0.574778,0.750629,0.219931,0.965493,0.834720,0.868249,1.671243,0.797491,0.872617,1.864781,0.619351,0.733861,0.667950,0.980438,1.745068,0.881981,1.312330,0.324916,1.406032,0.327382,1.196794,0.973280,0.656323,0.257187,1.136803,0.409384,0.523262,0.808381,1.118011,0.696541,0.761539,0.639223,0.902270,2.304432,0.731020,0.409304,1.625534,1.837485,0.288616,0.258359,0.328654,2.277592,0.428672,0.983018,1.407805,0.696813,0.647696,0.970171,0.347503,1.094784,0.787061,1.318589,0.608068,1.127663,0.831997,0.831997,1.101921,1.312191,1.436240,0.667313,0.632935,0.645698,0.446864,1.420588,0.980601,0.784752,0.577873,0.411647,0.826257,1.173599,0.980139,0.705501,0.784092,1.018471,0.469344,0.694768,0.506593,0.851801,1.688911,0.853067,0.770213,0.241285,2.394124,1.854922,0.607110,0.830913,0.284858,0.716979,3.120117,0.817039,0.566707,0.441123,0.849850,1.404058,1.002142,0.261849,1.029098,1.587877
ArmenianEastern,0.617098,1.264256,0.406740,0.659346,0.350587,0.646695,0.994441,0.648792,0.589108,0.862936,0.195879,0.463003,0.263643,0.943908,1.709758,1.405610,0.753544,0.696092,0.402399,0.832105,0.573252,0.566370,0.440639,1.101901,0.391663,0.293636,0.306199,0.467604,0.469613,0.803486,0.702991,0.789201,1.077839,1.034741,0.914555,0.495866,0.508491,0.756487,0.652371,0.425539,0.717957,0.824124,0.551421,0.603556,1.011606,0.212031,0.692262,0.319534,0.914382,0.591089,0.325451,0.656786,0.433357,0.863523,0.840237,0.571088,0.396776,1.059751,1.238851,0.414524,0.971055,0.652624,0.602863,0.398106,0.303317,0.456245,0.404401,0.341678,1.063818,0.670229,0.373290,0.707209,0.463882,0.790009,0.338537,0.820878,1.216778,0.403116,0.705530,0.448182,0.613279,0.726066,0.239292,0.699653,1.568838,0.540206,0.538615,0.461102,0.374852,1.256286,0.911212,1.641464,0.631312,1.000790,0.621922,1.022199,0.683867,1.225050,1.625381,0.445281,0.469406,0.407020,0.351798,0.429131,0.557239,0.471817,0.480013,0.661799,0.711307,0.684532,0.602901,0.546882,0.348714,0.586337,0.731329,0.609112,0.766270,1.140198,0.869732,0.863000,0.512944,0.732669,0.557755,0.659987,0.517040,0.660516,0.770484,0.495095,0.650637,0.233172,0.338953,0.334615,0.740013,0.969495,0.915250,0.649898,0.358016,0.925734,0.404562,0.674294,0.552308,0.500689,0.920605,1.422711,0.789568,0.316558,0.538365,0.519243,0.361618,0.371828,0.334632,0.366278,0.672597,0.533556,0.382868,0.347776,0.362754,0.368007,0.908416,1.107945,0.311001,0.447410,0.529324,0.319343,0.375313,1.041782,0.841995,0.734963,0.584375,0.619489,0.560205,1.034605,0.276522,0.404870,0.348884,0.287526,0.337701,0.597537,1.114546,0.802204,0.561008,0.630011,0.301859,0.841146,0.779986,0.572116,0.770161,0.687272,0.587203,0.654887,0.396216,0.367670,0.696579,0.377232,0.366231,0.522441,0.378157,0.308688,1.243954,0.893213
ArmenianWestern,1.093357,1.789632,0.453156,1.312327,0.607383,0.638522,1.496888,1.288575,0.574504,0.998070,0.703586,1.007400,0.639340,1.345983,3.371024,1.528435,1.408527,1.448624,1.000147,1.554957,0.772851,0.735369,0.715781,2.060203,0.901212,0.573267,0.870682,0.975935,0.525637,1.325391,1.264209,0.885396,1.093887,1.619633,2.237308,1.073150,0.674969,1.027940,1.522610,1.113015,1.027369,1.391094,1.282346,1.302393,1.401384,0.471449,0.705179,0.670096,1.422203,1.158333,0.940061,0.952279,0.752815,1.100650,1.070970,1.273054,0.634412,0.827037,1.732687,0.642438,1.860417,1.186305,0.696054,0.962011,0.992194,1.022476,0.731570,0.537058,1.816551,1.387136,1.159643,1.088576,1.023107,1.427324,1.376108,2.349941,1.424653,0.578059,0.990268,2.247357,1.495324,0.761141,0.919797,1.399402,2.413311,1.272251,0.828991,0.748456,0.781992,1.930274,2.521968,2.626321,0.877617,0.904708,1.279389,1.175784,1.335987,1.649215,3.148432,1.240539,1.307750,0.690427,0.958536,0.750020,0.867398,0.810199,0.747306,1.031121,1.086897,1.595894,0.833764,0.917876,1.558125,1.467880,1.335800,0.731229,1.210873,2.484139,1.350693,1.278293,1.446326,0.945814,0.951696,0.930975,0.549221,0.933969,1.505724,1.045683,1.179568,0.396238,0.979443,1.175502,2.585604,1.671261,1.540425,1.006263,0.669106,2.132938,0.743312,1.441873,0.624936,0.655571,1.339086,2.797475,1.451380,0.593954,0.686281,0.932991,0.604530,0.579035,0.850414,0.521818,0.993135,1.100546,0.701815,0.786941,0.521100,0.528646,1.636117,1.430087,0.769340,0.834736,1.523028,0.513372,0.482307,1.730311,1.604128,0.882875,0.720862,0.764371,0.815196,1.596702,0.764505,0.644881,1.105816,0.479801,0.793461,1.082510,1.423213,2.005980,0.860270,1.019429,0.557652,1.723915,0.795698,1.893412,1.102972,0.710583,1.246790,1.167515,0.482062,0.737852,1.248960,0.714372,0.712640,1.134158,0.775969,0.834719,1.720600,1.830918
AlbanianGheg,1.027753,0.842364,0.552554,0.714921,0.514900,0.789606,1.399079,0.539047,0.787738,1.349672,0.770841,1.266093,0.437053,0.591009,0.820039,0.818210,1.076217,0.925436,1.185307,1.444193,0.396151,0.581277,0.557816,1.027851,0.555936,0.385917,0.625495,0.916111,1.172867,0.595927,0.943324,1.197970,0.933990,1.478756,0.976596,1.168242,0.917890,1.199445,0.507558,0.461813,1.774848,0.565000,0.719436,0.841887,1.036597,0.400844,0.273176,0.530962,1.250161,0.808274,0.761600,0.772074,0.699147,1.045603,0.671267,0.770995,0.575978,1.106138,1.561406,1.998300,0.411381,0.282275,0.954431,0.695223,0.668491,0.568498,0.539784,0.711853,0.668488,0.676973,0.341749,0.809444,2.156501,0.624947,0.469292,0.627773,0.431621,0.523524,1.112430,0.683109,0.492914,0.793454,0.614175,0.748593,0.360711,0.796088,0.607400,0.680532,0.891281,0.813689,0.822047,0.807097,0.806501,1.083788,2.270673,0.232985,0.683845,3.571904,0.486804,0.593785,0.570581,0.831503,0.619556,0.297954,0.497290,0.531925,0.338736,0.942128,1.038223,0.933932,1.082402,0.909928,0.523395,0.676660,0.843213,1.184825,1.713149,1.714100,0.607296,0.526554,0.282195,0.933565,0.737683,1.158766,1.954052,2.455710,0.767315,1.158839,0.520986,1.037549,1.958116,1.081028,1.394054,1.791763,0.628602,0.550176,0.712427,0.867411,1.148753,0.619094,1.080400,0.383502,1.080084,0.615812,0.563884,0.712674,0.850146,1.419207,0.628078,1.444114,0.473170,1.440508,0.757999,0.537047,0.861636,1.048375,0.390030,0.571035,1.371355,0.283276,0.717139,0.894547,0.437442,0.695924,0.822023,0.412622,0.543257,0.896897,1.124604,0.834565,1.527599,1.091019,0.272803,0.910563,0.562257,0.697483,0.520685,0.675881,1.179576,0.609055,0.595887,0.613129,0.847066,0.564477,0.368953,0.821025,1.278865,0.914581,1.133626,0.753303,0.800750,0.526432,0.749986,0.419869,0.853561,0.999216,1.064422,1.261845,1.501980,0.424277
AlbanianStandard,0.845571,0.939917,0.442081,1.113455,0.843702,1.142356,1.700932,0.848664,1.294079,1.443509,0.552873,1.266012,0.476796,0.752615,0.684808,1.689994,1.019911,0.589954,1.443242,1.518175,0.242227,0.843764,0.416357,1.097686,0.857530,0.661947,0.489024,1.621324,1.719098,0.574941,0.874751,1.328972,1.338161,0.978474,1.041866,0.915043,1.811773,0.916649,0.652691,0.593866,0.882270,0.899834,1.253161,0.731777,1.006896,0.332461,0.401101,0.738714,1.373572,0.849231,0.499277,0.506143,1.886434,0.975463,0.828110,0.569572,0.780461,1.264921,2.271353,1.229781,0.364853,0.696194,0.711867,0.330346,0.609317,0.769736,0.401844,1.207914,0.671397,0.759695,0.574659,1.307559,1.003113,0.828489,0.918765,0.894539,0.726803,0.391891,0.981143,0.487664,0.506855,0.715302,0.812118,0.719553,0.722207,0.472581,0.648627,1.206437,1.097556,0.853539,0.883390,0.867324,0.639326,4.233233,3.700704,0.977287,1.114476,2.593758,0.676594,0.819866,0.787827,0.295859,0.798757,0.533094,0.741408,0.478288,1.168885,1.372090,1.156175,0.616895,0.880156,0.931309,0.282411,1.427239,0.645517,0.736194,1.805387,1.579360,0.376077,0.933694,1.085106,0.507104,0.935688,0.579503,2.720521,2.167256,0.835156,0.579437,0.836566,1.034497,1.919842,1.804578,1.150904,1.753035,0.861255,0.706594,0.951075,0.608284,0.688171,0.572244,0.844725,0.754786,0.489787,0.921646,1.236225,0.735375,1.127571,1.328633,1.144807,0.782430,0.663756,1.458156,0.625503,0.949020,1.300448,1.148813,1.045640,0.524938,1.349635,0.539832,0.639176,0.418950,1.128682,1.199058,0.595692,0.572845,1.023223,0.657665,1.153418,0.579470,1.269345,1.100042,0.593634,0.646537,0.827469,0.671271,0.252075,0.837048,0.990384,0.605156,0.698891,0.873302,0.441037,0.928896,0.342151,0.490370,1.278049,0.757063,0.828885,0.683234,1.325478,0.690010,1.023715,0.861729,0.850379,1.257036,0.521783,0.858075,1.296306,0.404288
AlbanianArberesh,0.943932,1.406887,1.929066,2.017087,2.133772,1.513622,0.858226,1.051813,0.579360,1.500294,0.623269,1.340290,1.176820,0.797592,1.361490,0.689624,1.270726,2.316610,1.264821,1.202735,1.195934,1.148372,1.296029,1.253937,0.639047,0.626941,0.657262,0.912785,0.941629,1.338387,0.851972,1.381288,1.528831,2.303358,1.988169,2.806627,2.675799,0.488893,0.941565,0.929685,0.968293,1.385550,1.337771,1.478943,1.610161,1.290597,0.889702,1.142473,0.755029,1.147711,1.171536,1.150516,1.899074,0.650310,0.646549,0.849247,1.062794,1.986598,0.998152,0.866897,1.964168,1.260235,1.062660,0.551832,0.548642,0.755310,0.990762,1.179503,1.833674,2.136353,1.250648,1.238648,1.534964,0.913602,2.677301,1.078440,0.804999,0.880996,1.309054,1.361169,1.435392,3.227205,3.214474,1.691832,0.849630,0.630970,1.287103,1.259551,1.233681,1.873426,1.767518,1.767518,1.033110,0.819688,0.802518,1.801475,1.740567,1.639098,0.533063,1.338089,1.125123,1.260022,1.022189,1.204017,1.498398,1.425495,0.932224,1.656109,1.751133,1.752912,1.097926,1.191329,3.176837,1.044257,1.148546,1.100080,1.767275,1.718162,0.717483,0.928512,1.590048,0.920261,0.827688,2.216288,0.986413,0.812817,1.375595,1.112150,3.007948,4.274336,2.284974,2.323049,2.454166,0.993438,2.050900,1.920611,2.599491,1.327727,1.327862,1.307324,0.928827,1.626515,1.547870,1.233858,1.728065,1.476205,1.812877,1.819685,1.003642,0.968403,1.472247,1.597022,1.534246,0.943695,0.533606,1.604564,1.053951,1.061661,1.853682,1.244160,1.356635,1.356493,0.511064,1.842033,1.835213,1.916770,0.802349,2.046675,1.527023,1.141680,0.925792,0.908255,0.682113,0.693224,1.732550,1.352570,0.372870,1.310537,2.324006,1.049377,1.103139,1.210960,0.988621,1.713125,1.217423,1.045841,0.948785,2.604793,0.972640,1.080040,1.329024,1.291537,0.991628,1.923076,1.856804,1.842166,0.701295,1.398338,0.756836,0.558969
VedicEarly,1.117910,0.221200,0.266407,0.971778,0.308939,0.561514,0.935202,0.940814,0.610849,0.885661,0.505561,0.766609,0.433500,0.290578,0.533446,0.571457,0.721272,0.842568,0.592841,1.018262,0.711736,0.475249,0.334569,0.816958,0.671549,0.400516,0.663047,0.831385,0.805451,0.369808,0.957936,0.488060,0.542477,0.637628,0.307933,1.033952,0.311941,0.272628,0.552384,0.440177,0.541189,0.323495,0.984341,0.436185,0.986174,0.633880,0.597944,0.428697,0.620798,0.767324,0.782723,0.779464,0.658956,0.788565,0.370777,0.341022,0.526505,0.368154,1.648385,0.859165,0.264448,0.920843,0.963941,0.196766,0.192133,0.398536,0.350697,0.646778,0.540401,0.301576,0.312587,0.809113,0.320417,0.725271,0.459187,1.390621,0.827818,1.703318,0.379185,0.919338,0.924645,0.317292,0.695639,0.595766,0.469240,0.363323,0.325258,0.324456,0.317934,0.723836,1.081282,1.151321,1.407284,0.346365,0.250276,0.712992,0.954585,0.506843,0.643911,0.452682,0.447327,0.419887,0.264554,0.521822,0.510005,1.019161,0.275361,1.568084,0.412599,0.890549,1.380055,0.602910,0.611562,0.448765,0.759495,0.503799,0.225237,0.225308,0.563347,0.568824,0.236898,1.136609,1.055797,1.267417,0.514275,0.301638,0.739150,0.773616,0.584460,0.909776,0.828347,0.840841,1.934295,0.404113,0.341849,0.273449,0.460180,0.402829,0.836896,0.416174,0.675817,0.285981,0.765059,0.671456,0.798078,0.533367,0.317551,0.267897,0.394022,0.860352,0.882578,0.286191,0.578764,0.752027,0.356644,0.421754,0.633034,0.645843,0.756060,0.708372,0.600226,0.604153,0.432260,1.589963,0.897653,1.262076,0.520569,0.526182,0.786828,0.856112,0.341511,0.342183,1.105685,0.653502,0.283767,0.645929,2.913743,0.440175,0.598243,0.386139,0.438820,1.021060,0.947734,1.293516,0.343862,0.343228,0.440725,0.498465,0.612226,0.245648,0.218243,0.405343,0.441292,0.518646,0.502515,0.771194,0.362537,0.836847,0.426982,1.383997
Pali,0.475117,0.813756,0.571638,0.414921,0.408166,0.414420,0.199016,0.388374,0.400769,0.204867,0.327686,0.356191,0.315384,0.333037,0.388320,0.416925,0.492570,0.490838,0.594241,0.232579,0.330362,0.207084,0.377310,0.402541,0.200654,0.356796,0.240284,0.250427,0.249522,0.227956,0.357234,0.363332,0.498881,0.689450,0.399692,0.207712,0.319817,0.415528,0.650760,0.514353,0.769121,1.059465,0.348410,0.275740,0.588550,0.678163,0.606880,0.395504,0.533760,0.538156,0.408246,0.403550,0.496363,0.355593,0.557720,0.475171,0.447234,0.431938,0.727933,0.309766,0.223636,0.431463,0.279012,0.234963,0.234617,0.214836,0.256768,0.294193,0.427617,0.450701,0.296687,0.396815,0.542113,0.605856,0.397532,0.456971,0.679455,0.332802,0.468536,0.370973,0.377988,0.446349,0.490106,0.461452,0.504736,0.276031,0.340115,0.694201,0.686175,0.365263,0.348449,0.348299,0.511905,0.230721,0.233522,0.403206,0.754292,0.737718,0.390136,0.227966,0.190749,0.284456,0.363820,0.269607,0.453860,0.376078,0.394372,0.436651,0.434364,0.207953,0.345533,0.362902,0.380653,0.176528,0.463510,0.134513,0.320643,0.207058,0.276168,0.233563,0.621474,0.264656,0.500233,0.756729,0.389543,0.500460,0.802431,0.854244,0.246229,0.264252,0.516756,0.517485,0.622815,0.369646,0.272064,0.262543,0.349852,0.202780,0.462200,0.451577,0.292349,0.349234,0.240414,0.161076,0.576493,0.291770,0.342904,0.416930,0.328151,0.310331,0.311614,0.349980,0.405506,0.700422,0.341628,0.413306,0.413976,0.665343,0.229410,0.292066,0.411157,0.306945,0.307244,0.400138,0.609205,0.547583,0.643730,0.504983,0.308055,0.372547,0.518690,0.337228,0.396455,0.537712,0.412899,0.430850,0.397612,0.574051,0.422659,0.287139,0.239413,0.447103,0.585238,0.389765,0.148639,0.336553,0.451853,0.323354,0.370438,0.502044,0.322837,0.323863,0.227241,0.520584,0.292331,0.340949,0.395184,0.525577,0.349141,0.306932
Sinhalese,0.958729,1.175204,0.842941,1.066164,1.048418,1.050592,1.007829,0.755984,1.089968,0.811387,0.915010,1.000611,1.011406,0.873277,0.956209,1.083717,1.091534,1.084368,1.282187,0.721162,1.392651,1.159912,1.151730,0.823734,0.903810,1.063104,0.815783,0.823602,0.828375,0.822430,1.426401,0.977873,1.011284,1.302662,1.164485,0.842556,0.855886,1.151278,1.165396,1.165943,1.779527,1.231761,1.100352,0.845733,1.166439,1.028064,1.388423,0.992752,1.030561,1.179061,1.023360,1.015705,1.141563,0.920317,1.320756,0.955708,0.950214,0.957490,0.977546,0.765758,0.764068,0.788578,0.809679,0.792987,0.791022,0.789031,1.045076,0.798891,0.968525,1.349972,0.847959,0.847569,0.849130,1.206896,1.204939,0.899306,0.876760,1.247771,0.817726,1.376542,0.772791,1.253602,1.262066,1.150910,0.959689,0.957477,1.056871,1.040833,1.036821,1.028203,1.032360,1.033407,0.910840,0.807656,0.808957,1.107862,1.115863,1.111344,0.910944,0.926025,0.921494,0.921463,0.937619,0.826237,0.799926,1.079081,0.889391,1.031647,1.523195,0.824395,1.100444,1.231713,1.232678,0.901482,0.981098,0.804508,0.807688,0.806548,0.819230,0.964541,1.048614,1.022246,1.027940,1.101414,1.036027,0.953430,0.946260,0.927995,1.068536,0.996614,0.959087,0.958455,0.979571,1.272943,1.060001,0.948287,1.151861,0.883696,0.773816,0.770642,1.089600,0.750882,0.761360,0.757166,1.247358,0.855242,0.871664,0.864404,0.841866,1.190013,0.975974,1.057902,1.113867,1.004906,1.013964,1.694260,1.079249,1.078450,0.711180,0.801119,1.345916,1.347837,1.102502,1.102264,1.100971,1.122003,1.007455,1.382306,1.005115,1.004211,0.974648,0.973967,0.975068,0.979179,1.077086,1.078614,0.953944,1.037524,1.027232,1.026698,1.015342,1.007276,1.175629,1.142992,0.774171,0.887582,1.177918,0.814361,0.923125,0.931680,0.900758,0.907832,1.002144,0.797509,0.802768,1.030705,1.211005,0.893481,0.843676,0.845015
Assamese,0.792402,0.778466,1.550055,1.773975,0.963158,0.972567,0.909716,1.011585,0.969435,1.188469,1.616298,1.099406,0.983010,0.750592,1.525209,1.425302,1.116171,1.147169,1.276811,1.374455,0.910308,1.419436,1.476618,2.269238,1.549860,0.765359,1.610299,1.102780,1.085060,1.307995,2.587885,2.389221,1.286276,1.298188,2.340479,0.801600,0.881032,0.889361,1.609884,1.488406,1.527673,1.358110,2.284953,1.652564,1.836313,1.209122,1.188714,2.816955,1.909548,1.521374,0.923542,1.588171,1.364182,1.815883,1.839711,2.234937,1.516474,1.327119,1.594962,1.579795,2.239422,1.659869,1.783603,1.728354,1.703866,1.985285,2.385840,1.799565,1.254544,1.463461,1.918841,1.757511,1.266876,1.913430,1.886213,1.774870,1.128223,1.183565,3.250018,2.243700,1.089393,1.373218,1.378940,2.114309,2.141810,2.251598,1.847663,1.727592,1.776107,2.518148,1.605887,1.649491,1.266686,1.044046,1.028032,0.771642,1.323024,1.533198,1.130711,2.053745,2.064726,1.075745,1.028256,1.350453,2.002063,2.770603,1.578807,1.268401,1.756043,2.548589,2.793615,1.335140,1.405993,1.067298,1.028509,2.978411,1.681083,1.643055,1.270511,1.196363,0.881535,0.998876,0.981232,0.908056,1.400750,1.479211,1.406510,1.526754,1.043406,1.051828,0.867905,0.848944,0.849020,1.379759,1.042092,1.427258,1.278954,1.328692,1.013085,1.038382,0.671233,1.514187,1.567521,1.523060,1.116407,1.052715,0.978821,1.336030,1.076923,1.677830,1.619315,1.027679,2.287473,0.606518,1.540675,0.971344,2.225805,2.215065,2.235427,0.978376,1.641216,1.994293,1.842629,2.916892,1.846967,1.070456,1.573789,1.289202,2.012851,1.224815,1.181617,2.276392,1.410644,1.423593,0.842714,1.194850,0.684800,1.671708,1.398899,1.558364,1.399315,2.865756,1.647568,2.137078,1.798277,2.113216,1.874652,1.924077,1.955785,1.302435,1.308308,1.974352,1.849713,2.597894,1.866243,1.056306,1.574703,1.462829,1.099381,1.669405
Bengali,0.264515,0.424133,0.712468,0.596294,0.664878,0.364388,0.448552,0.426767,0.670028,0.773447,0.466165,0.420290,0.620462,0.438781,0.638092,0.727592,0.511929,0.372429,0.671278,0.810185,0.931383,0.620104,0.639737,1.494238,0.660452,0.394780,0.680291,0.570633,0.561464,0.591019,1.276218,1.021074,0.680676,0.615199,1.560883,0.416891,0.489075,0.469937,0.718804,0.920287,0.494554,0.412847,0.633991,0.588441,0.625479,0.469876,0.776886,0.966566,0.782015,1.125942,0.682647,0.528374,0.490525,0.843189,0.854253,0.710638,0.572906,0.557455,0.729326,0.701283,1.044590,0.640460,0.884300,0.999395,0.781710,1.028920,1.203338,0.831449,0.765786,0.444314,0.920360,0.628987,0.580929,0.826624,0.749802,0.666424,0.588462,0.533729,1.936947,1.239704,0.581367,0.617677,0.433801,1.046699,1.027808,0.673644,0.896971,0.838681,0.602595,0.853679,0.793316,0.814857,0.861133,0.621548,0.333056,0.308534,0.622569,0.514202,0.883489,0.518610,0.523892,0.557030,0.456036,0.519626,0.720746,0.720075,0.644306,0.418213,0.413418,1.197096,0.818116,0.642953,0.394865,0.617373,0.485975,1.192999,0.954123,0.816357,0.690458,0.534737,0.495811,0.574327,0.564182,0.474569,0.801713,0.668338,0.649689,0.780028,0.425890,0.556800,0.488783,0.478104,0.561675,0.294875,0.440076,0.624957,0.578662,0.388757,0.438298,0.449243,0.443159,0.651602,0.675750,0.637220,0.510112,0.378418,0.381586,0.810425,0.474363,1.021183,0.730959,0.431787,1.045590,0.421336,0.663626,0.692668,0.966955,0.595373,1.415184,0.597948,1.044927,0.636089,0.412388,1.504021,0.619744,0.450707,0.570880,0.990359,1.041418,0.551702,0.693997,0.680876,0.353146,0.889555,0.374403,0.538307,0.387684,0.805666,0.588355,0.423688,0.823422,0.744613,0.550949,1.131729,0.548141,0.951763,0.945329,1.009875,0.623128,0.693439,1.034230,0.869355,0.595419,0.767550,1.105744,0.443123,0.635213,0.704440,0.641606,0.680365
Maithili,0.505147,0.371496,0.608644,0.682376,0.817364,0.804144,0.679817,0.667502,0.641817,1.031627,0.542125,0.527540,0.542183,0.426160,0.478350,0.298764,0.732655,0.494068,0.608112,0.701025,0.650878,0.823541,0.576766,0.651642,0.473206,0.366774,0.693587,0.562190,0.520759,0.791266,0.820889,0.593781,0.720071,0.598975,0.548834,0.852844,0.758699,0.646380,0.970205,0.824131,0.910375,0.849510,0.437491,0.562034,0.808055,0.807572,0.396888,0.321555,0.494813,0.489573,1.806650,1.869340,1.165993,0.582366,0.610109,0.817652,0.516774,0.420477,0.560541,0.417553,0.495491,0.597218,0.451842,0.641751,0.625670,0.610205,0.630173,0.574604,0.757680,0.489487,0.463732,0.502305,0.454628,0.867000,0.656095,0.466663,0.743852,0.551526,0.581925,0.646479,0.326075,0.413635,0.584769,0.703627,0.715399,0.605070,0.904635,0.880483,0.892588,0.571695,0.544569,0.555223,0.443995,0.441202,0.443647,0.594780,0.597639,0.495954,0.322836,0.430524,0.430334,0.799237,1.018503,0.710641,0.439065,0.570722,0.687756,0.827431,0.652734,0.934219,0.729958,0.922882,0.646196,0.660235,0.530318,0.416638,0.761183,0.761025,0.724220,0.885158,0.613935,0.467981,0.643734,1.735464,0.449763,0.685064,0.513951,0.320030,0.736313,0.509773,0.542639,0.538390,0.560646,0.820698,0.892529,0.679708,0.675495,0.509031,0.687294,0.696355,0.722130,0.731454,0.987548,0.636117,0.649805,0.520628,0.511277,0.538510,0.864470,0.654698,0.800242,0.920254,0.643496,0.610657,0.507024,0.568044,0.549136,0.548599,0.606536,0.475558,0.598173,0.724815,0.786282,0.447384,0.777606,0.466697,0.850465,0.443534,0.511664,0.800574,0.883779,0.639878,0.504622,0.473629,0.603595,0.439952,0.575664,0.457381,0.646859,0.712556,0.733970,0.557040,0.789293,0.538039,1.076559,0.895453,0.471225,1.337256,0.627658,0.612038,0.564483,0.576216,0.416312,0.574917,0.489069,0.795017,0.557005,0.600081,0.532059,0.339194
Magahi,0.573071,0.422919,0.862428,0.722415,0.551382,0.562907,0.555858,0.581135,0.585422,0.523218,0.557861,0.472238,0.829691,0.737894,0.517636,0.523156,0.638256,0.430229,0.486297,0.557018,0.821052,0.987110,0.930228,0.789185,0.519662,0.461770,0.394322,0.705597,0.665449,0.703588,0.843999,1.136336,0.811919,0.516739,0.540790,0.761687,0.673853,1.034269,0.975235,1.038151,1.043200,0.533952,0.358296,0.588404,0.725243,0.722897,0.451960,0.497048,0.582239,0.516959,0.820069,0.848525,1.558687,0.952836,0.931100,0.758410,0.402604,0.621973,0.564251,0.388124,0.506046,0.611301,0.665453,0.739921,0.708501,0.591563,1.083846,0.527311,0.498348,0.640793,0.477972,0.676068,0.412494,1.008666,0.802937,0.572470,0.756755,0.588430,0.349968,0.502558,0.358795,0.522332,0.826092,0.872175,0.393006,0.858616,1.022042,0.952475,0.560906,0.463005,0.344719,0.563564,0.359913,0.685755,0.701113,0.561405,0.583395,0.972507,0.302493,0.602057,0.600702,0.833343,0.939598,0.584831,0.566416,0.707177,0.554081,0.750778,0.671765,0.954792,0.492077,0.618682,0.649345,0.661080,0.629067,0.597319,0.860325,0.875215,0.593014,0.997045,0.860557,0.612803,0.599802,1.124026,0.634166,0.785082,0.412027,0.397222,0.585574,0.609726,0.549836,0.556179,0.465808,0.641535,0.743116,0.896806,0.831873,0.782324,0.668075,0.848099,0.727559,0.730843,1.126784,0.563826,0.690061,0.792451,0.814862,0.842022,0.865978,0.729616,0.555941,0.764959,0.800585,0.671791,0.386176,0.495759,0.571500,0.568958,0.696606,0.564434,0.745197,0.700737,0.517140,0.690101,0.893484,0.609492,0.801347,0.625119,1.026714,1.009827,0.906074,0.457068,0.762903,0.559036,0.436604,0.637034,0.733702,0.576118,0.607243,0.734096,0.653437,0.517378,0.734748,0.528069,0.843223,0.589326,0.669958,1.202949,0.524883,0.609756,0.757678,0.728469,0.451889,0.433620,0.596266,0.712959,0.770155,0.720906,0.885520,0.696022
Bhojpuri,0.548114,0.385935,0.732578,0.494789,0.411840,0.564826,0.374722,0.552647,0.740049,0.666873,0.472446,0.436546,0.589717,0.777525,0.349805,0.353527,0.585083,0.511440,0.671919,0.417569,0.475436,0.657687,0.902841,0.341362,0.323181,0.376087,0.644206,0.478298,0.490087,0.607739,0.591487,0.633922,0.559014,0.367372,0.369403,0.603253,0.586554,0.578204,0.489568,0.467063,0.715048,0.666604,0.362585,0.460296,0.655643,0.859900,0.552883,0.505136,0.515876,0.511794,0.712402,0.507045,0.730833,0.596568,0.499829,0.653294,0.557698,0.502991,0.260444,0.245782,0.520556,0.221714,0.513967,0.709891,0.385272,0.628111,0.707534,0.491795,0.449075,0.459667,0.658493,0.455514,0.333627,0.605947,0.388413,0.823797,0.314248,0.422309,0.396216,0.416624,0.372338,0.368471,0.581441,0.420158,0.268688,0.588490,0.463413,0.474012,0.454017,0.620664,0.378147,0.368118,0.561219,0.412307,0.419450,0.593098,0.603351,0.699382,0.579157,0.573597,0.558763,0.523142,0.565670,0.422455,0.463854,0.682487,0.332917,0.682926,0.766015,0.542236,0.392406,0.485659,0.674276,0.374887,0.641255,0.392874,0.436251,0.656735,0.477547,0.630653,0.956862,0.645353,0.872995,0.515817,0.766502,0.778579,0.266564,0.641582,0.429435,0.632758,0.506210,0.278245,0.503417,0.413608,0.531366,0.415631,0.332177,0.795416,0.634263,0.560675,0.466716,0.468457,0.436251,0.310606,0.482745,0.574570,0.681578,0.450974,0.386908,0.609618,0.431373,0.728275,0.508520,0.443189,0.253265,0.342717,0.440077,0.443209,0.435028,0.498714,0.791792,0.406488,0.317922,0.384711,0.638479,0.691782,0.920550,0.405645,0.372552,0.561870,0.811537,0.684194,0.414738,0.376714,0.626421,0.607442,0.605806,0.418747,0.677549,0.414822,0.929496,0.504224,0.709637,0.526179,0.461267,0.345262,0.652916,0.800996,0.371375,0.390016,0.883549,0.395444,0.573962,0.372272,0.807791,0.531795,0.567737,0.527497,0.653456,0.548119
Hindi,0.302020,0.494768,0.362970,0.763118,0.357247,0.299629,0.352050,1.227573,0.603585,0.530877,0.432805,0.614821,0.626395,0.530339,0.855662,0.508569,0.529193,0.635153,0.786132,0.560186,0.834076,0.773112,0.626283,0.787055,0.441335,0.944873,0.430534,0.430366,0.361247,0.540513,2.426821,0.388097,0.972503,0.847227,0.681326,0.494897,1.037450,1.047991,1.145635,0.517607,0.731587,0.530510,0.782898,0.691035,0.651161,0.967938,1.177517,0.453356,0.981469,0.760632,1.089109,0.661196,0.698198,0.928083,0.647882,0.417460,0.512554,0.538102,0.572132,0.778101,0.515374,0.250491,0.335529,0.810717,0.317909,0.739865,0.371016,0.418738,0.567199,0.938832,0.882579,0.664946,0.887721,0.679086,0.642927,0.462566,0.352724,0.429187,0.672174,0.649521,0.666175,0.279504,0.629846,0.238828,0.438132,0.444917,0.388253,0.748674,0.532240,0.603260,1.172863,0.967588,0.509311,0.249835,0.448742,0.691415,0.422336,0.565209,0.625463,0.648286,0.657464,0.355604,0.303773,0.529607,0.360054,1.061115,0.392356,0.590119,0.480199,0.262339,0.737035,0.438550,0.296573,0.364485,0.590624,0.406402,0.749411,0.844957,0.670523,1.051404,1.505974,0.361059,0.731509,0.540167,1.059491,0.731897,0.621890,0.227544,0.324735,0.429165,0.368599,0.361364,0.346137,0.290323,0.780607,0.347764,0.768166,0.690729,0.654182,0.752767,0.269100,0.264612,0.252852,0.789202,0.222007,0.479166,0.543949,0.485452,0.897754,0.491960,0.519055,0.577710,0.471467,1.363015,0.873022,0.706423,0.919789,0.847330,0.511948,0.403716,0.357460,0.768054,0.597533,0.361522,0.493401,0.858588,0.912916,0.600182,0.842054,0.476600,0.572492,0.279803,0.981918,0.655069,0.332170,0.445514,0.647070,0.575448,0.333408,0.767038,0.628355,0.787009,0.990316,0.451762,0.378110,0.443138,0.553505,0.620812,0.731104,0.386241,0.761617,0.693553,0.494300,0.535603,0.309493,0.329858,0.635135,0.562128,0.658152,0.411868
Urdu,1.009547,1.117015,1.788622,1.327699,1.443502,2.272757,1.381188,1.566894,1.719575,2.403144,1.843388,2.193543,1.698505,1.946688,1.459861,0.878464,1.507649,1.357896,2.795258,1.818653,2.362891,2.168835,2.612847,1.250662,2.182194,2.026413,1.157238,1.759668,1.230329,1.865327,4.276716,2.238052,2.093040,1.599217,1.667650,2.575448,1.437162,3.096390,1.507622,1.802474,1.896255,2.185541,1.528596,2.419578,1.883768,2.433774,2.115324,1.973723,1.217012,1.800742,1.980372,1.833482,2.710668,2.929621,1.620211,2.220165,2.740551,1.658513,2.247010,1.363659,0.984836,2.386660,1.618668,1.895978,1.752576,1.943572,1.340804,1.164647,1.968708,2.465546,2.370289,3.506570,1.904052,1.310983,1.893619,1.435386,1.243740,2.006989,2.085979,1.785175,1.417799,1.231670,3.130698,1.410582,1.333707,1.223183,1.128551,0.756572,0.804207,2.686704,3.870072,3.192730,2.425853,1.144525,1.293642,1.775822,1.796140,2.783305,1.410527,1.661503,1.685026,1.795262,1.983723,1.467349,0.773458,2.704194,1.235890,1.650547,2.042052,0.862133,1.689018,2.113060,1.931130,1.368692,1.256235,1.189121,2.370753,2.820583,2.041517,2.193085,2.489774,2.919089,1.666012,2.171872,2.353654,2.473873,1.317634,1.272628,1.247890,0.986728,1.400926,1.373427,1.949697,1.923537,1.677271,2.323110,2.231197,3.013299,1.867627,2.026023,1.231378,2.095304,1.448819,1.639514,1.462439,1.632255,1.834717,1.723045,1.952122,3.411559,1.861268,2.413499,1.200794,3.930970,1.813720,0.991127,1.166876,2.515195,2.241447,1.099166,1.967827,1.430666,2.827697,1.321665,1.227551,1.425900,2.000716,0.926828,1.168343,1.149477,1.259121,1.735376,2.240712,1.755855,1.682264,1.200655,2.483417,1.532577,1.325014,1.808993,2.366567,4.484098,2.557836,1.185241,1.231872,1.477899,1.954113,1.300607,1.421047,1.320632,1.742045,1.016335,1.339413,1.012450,1.432790,1.323087,1.056015,1.523430,1.595105,1.194755
Nepali,0.599043,0.575976,0.583018,0.987891,1.060985,0.893013,0.532011,0.541891,0.546756,0.636841,0.753644,0.612249,0.548085,0.479506,0.887794,0.568261,0.720031,0.882017,0.631585,0.555683,0.538364,0.732853,0.718203,1.042904,0.609941,0.620165,1.108147,0.689791,0.697355,0.682781,0.839943,0.606160,0.711839,0.766104,1.035893,0.729053,0.724249,0.713948,0.553281,0.627080,0.889787,0.615594,0.602141,0.570835,0.931341,0.741200,0.695800,0.547551,0.469260,0.793785,1.061615,1.060843,0.991204,0.849564,0.844592,0.473652,0.612164,0.797804,0.775473,0.531409,0.820485,1.069433,0.826212,0.742460,0.742227,0.623785,1.031963,0.599985,0.826490,0.838207,0.681225,0.649438,0.820687,0.742516,0.741914,0.902942,0.557224,0.526239,0.736094,0.505449,0.501548,0.643902,0.668142,0.825755,0.974392,0.977427,1.086741,0.704356,0.718204,0.549319,0.559221,0.559117,0.500136,0.541853,0.535471,0.817691,0.604082,0.617591,0.641240,0.585042,0.620738,0.400481,0.508468,0.570731,0.707271,0.780699,0.778301,0.826613,0.905200,0.849136,0.624131,0.731419,0.586506,0.919712,0.997656,0.560406,0.820665,0.803662,0.742146,1.053032,0.801781,0.617689,1.016076,0.737140,0.652151,0.822114,0.725509,0.533443,0.701066,0.885069,0.580652,0.582250,0.575307,0.747941,0.764278,0.867439,0.847418,0.399527,0.628006,0.614862,0.823283,0.794570,0.584915,0.573483,0.825083,0.712555,0.715768,0.701414,0.722556,1.249418,0.578002,0.726512,0.745183,0.840407,0.619120,0.702530,0.619996,0.620083,0.519899,0.898436,0.866316,1.308748,1.091705,0.981510,0.964219,0.915419,0.722702,0.586190,0.741204,0.744082,0.734851,0.761872,0.741546,0.589298,0.430935,0.596485,0.558652,1.000084,0.676291,0.986882,1.018122,0.611279,0.583935,0.950668,0.991070,0.839749,0.671339,0.746219,1.000205,0.717200,0.848353,0.836949,0.632503,0.727340,0.726136,0.601203,0.716719,0.660729,0.441762,0.448224
Punjabi,1.661123,0.903489,1.502481,1.661422,1.742956,1.824147,1.013234,1.098735,1.540325,1.088856,1.238644,1.802316,1.665467,1.811505,1.201924,0.872595,1.386127,1.732866,1.190429,1.174544,1.611160,2.061143,2.317136,1.534989,1.099534,1.067421,2.114127,1.680755,1.530311,1.204385,1.700095,1.480870,1.703036,1.110236,1.989013,1.103107,0.982418,1.389075,1.145200,1.985086,2.121440,1.918947,1.208854,1.872731,1.556501,1.633324,2.061076,0.877802,1.489071,1.641196,2.057486,2.087738,1.411234,1.190073,1.173514,1.106143,1.652283,1.487667,1.095769,0.609377,0.962393,1.222900,1.387678,1.529381,1.712508,1.556429,1.519292,1.071630,1.625186,2.686584,1.153087,1.431283,1.147616,1.547585,2.191575,1.549383,1.049390,1.232796,1.328380,0.826768,1.289135,1.233479,2.517320,1.829276,1.324611,1.357357,1.638617,1.391250,1.399967,1.688436,1.273601,1.328202,1.261248,1.485784,1.456672,1.818413,2.029825,1.684500,1.736119,1.114482,1.861218,1.289512,1.127491,1.451953,0.963362,2.402831,1.318027,1.418811,1.378843,0.953508,1.052773,2.468936,1.495982,1.627623,1.359579,1.478313,1.870347,1.892304,1.197921,1.622185,2.103000,1.864163,1.534177,1.435311,2.044012,2.815212,0.836794,1.272788,0.863269,1.338187,1.276005,1.301992,1.236721,2.198785,1.954566,1.671302,1.945816,2.720992,1.904756,1.783589,1.672185,0.897087,0.744187,1.097340,1.001060,1.460431,0.958855,1.527956,1.891998,2.696361,1.495951,1.586275,1.567088,2.164553,0.721751,1.294619,1.900585,1.909573,1.580120,1.048245,2.625420,1.614347,1.789856,1.349942,1.515756,1.653331,1.858997,0.948133,1.977206,1.366096,1.621635,1.776494,2.045223,0.817860,1.119592,1.251769,1.996084,2.036557,1.870965,1.616258,2.152469,2.061770,2.058910,1.328664,1.850592,1.471021,1.897015,1.362475,1.119754,0.967368,2.078196,1.240836,0.831276,1.446906,1.447678,1.753611,1.544247,2.139325,2.111772,1.433067
Marathi,1.078833,1.595690,1.508320,1.558527,1.519000,1.560524,1.207432,1.194334,1.172325,1.343912,1.336106,1.726074,1.824919,1.909324,1.053264,1.634012,1.676710,1.602250,1.511032,0.932926,1.645142,1.640047,1.673630,1.340204,1.669191,1.070243,0.986567,0.965243,0.967186,1.676753,2.175160,1.704837,2.062393,1.849310,1.607616,1.984746,2.305388,1.759222,1.726408,1.742937,1.791019,1.782389,1.229346,1.264208,1.273336,1.463726,1.297237,1.508597,1.439594,1.403087,2.141274,2.111619,2.243292,1.558403,1.581520,1.547490,1.523948,1.576973,0.760047,1.349359,1.331425,1.164322,1.185076,1.745545,1.711788,1.698308,1.690574,1.466890,1.413890,1.429768,1.595112,0.902385,0.908504,1.909317,2.023956,1.882340,1.654279,2.008608,1.588956,1.160997,0.819416,1.057410,1.078865,1.457228,1.408901,1.742370,1.972710,1.974705,1.913389,1.953035,1.458546,1.467122,1.375571,1.190025,1.196688,1.565010,1.546853,1.931255,1.089798,1.270588,1.243004,1.241626,1.270680,2.339064,0.906348,0.856153,0.977840,1.633126,1.620481,1.594753,1.570633,1.507797,1.442609,1.943632,1.918695,1.815082,1.763709,1.747851,1.858652,1.166627,1.698958,1.676133,1.685198,2.393645,1.400565,1.333192,1.983947,1.322541,0.910784,2.064483,1.718265,1.452521,1.517725,1.555978,1.573981,1.932296,2.138357,1.665825,2.030391,0.916445,0.798618,0.802431,0.828372,0.875248,1.456818,0.945408,1.442082,2.146248,1.549418,2.023209,2.014856,2.214536,1.725857,1.260854,1.567213,1.551974,2.876374,2.912524,1.191984,1.490033,2.241955,2.252813,1.726211,1.655429,1.670150,1.574364,1.934999,1.482790,1.617831,2.319209,1.759536,1.772004,1.271477,1.264495,1.193127,1.935735,0.913823,1.352272,1.173437,1.167266,1.161689,0.875881,1.545274,2.476696,1.039512,1.616253,1.682499,1.413484,1.152392,1.164596,1.182831,1.180629,1.281304,1.500598,1.522596,1.995928,1.170090,2.091525,1.562386,1.544314
Kashmiri,0.867299,0.886811,0.822149,0.795513,1.118193,1.121912,0.839328,0.836841,0.833525,0.839565,0.902838,0.901874,0.810630,0.805370,1.100083,0.930159,0.902203,0.906030,0.889310,0.627111,0.678722,0.697802,1.051081,1.147727,0.661102,0.653748,0.723960,0.604355,0.609436,0.946934,0.689902,1.067686,0.711763,0.996797,1.081859,0.705175,0.814818,1.077951,1.088898,1.100756,1.569880,1.036459,0.711813,0.761550,0.919576,0.923108,0.916047,0.823244,0.844502,0.908779,0.912285,0.911654,0.927629,0.741443,0.757324,0.757183,0.820520,0.761181,0.791245,0.682837,0.548353,0.734643,0.925121,0.933459,0.923309,0.907082,0.662446,0.764352,0.991192,0.984286,1.396861,1.002892,1.002694,0.934863,0.912758,0.959991,0.898399,0.836724,0.953691,0.754523,0.753979,0.747805,0.816101,0.921056,0.946014,0.790001,1.021971,0.938238,0.718076,0.732271,0.980929,0.978412,0.813617,0.604268,0.604128,0.904062,0.907520,0.992410,0.713090,0.682950,0.685362,0.683436,0.810536,0.998147,0.733965,0.791137,0.557256,0.836377,0.817861,0.821755,0.815368,0.839170,0.835511,0.749583,1.209184,0.582026,0.971881,0.975857,0.958183,0.880091,0.758739,0.726871,1.085975,0.715573,0.862975,0.852933,0.853216,0.947117,0.796066,1.064024,0.800374,0.799655,0.806142,0.783614,0.769017,0.879172,0.953232,1.054926,0.727378,0.736226,0.755305,0.761710,0.760933,0.752567,0.780943,0.841591,0.851113,0.849122,0.783070,0.759449,0.775981,0.959709,0.970670,0.833190,0.711958,0.902080,0.717663,0.720918,0.712846,0.709528,0.732560,0.980221,1.011962,0.871110,0.835655,1.113295,0.929339,1.003303,0.940179,0.948134,0.916707,0.907012,0.839999,0.825015,0.853811,0.768454,0.765486,0.776508,0.786581,0.798839,1.071895,0.627163,0.965696,0.944870,0.996371,1.121616,0.984719,0.754941,0.810628,0.820880,0.867440,0.882687,0.747371,0.663150,0.666802,0.802240,0.734272,0.918100,0.642833,0.818197
Palula,0.866406,1.188895,0.909554,1.075324,0.865122,0.831031,0.714281,0.736708,0.987760,0.778106,0.711325,0.708262,0.685738,1.151327,0.767316,0.687203,0.909634,0.915882,0.918225,0.541769,0.762895,1.191977,1.196118,0.964940,1.324901,1.554415,1.057378,1.951597,1.817876,0.625271,1.847738,2.777404,0.807738,1.553153,1.382177,1.343636,0.776329,0.815091,0.818966,0.849170,1.714509,0.940317,0.686973,0.692136,1.072597,0.837349,0.885399,1.428202,0.756163,1.344410,1.103473,0.953590,0.703678,1.676260,1.828431,1.923811,0.873684,0.864188,1.346820,1.039697,1.051440,1.070597,0.963982,1.123338,1.118800,0.714461,1.017642,0.790474,1.030935,1.159486,0.715751,1.203535,0.973172,0.713306,0.713062,1.395261,0.570027,0.456773,0.407199,0.566367,0.580682,0.838649,1.186034,1.140250,0.932210,0.956860,1.249719,0.823210,0.838366,1.093232,1.099958,1.084561,1.302523,1.292305,1.336636,0.826441,0.825114,0.598123,0.998601,1.149417,1.789484,1.799792,0.942129,0.990541,1.392798,0.916320,0.851810,1.325347,1.344853,0.699224,1.135031,1.368750,1.506562,0.816589,1.053618,0.592312,0.637024,0.558727,0.585848,1.051587,1.142625,1.463274,1.051806,0.903218,1.175229,1.156515,1.488217,1.449514,1.398451,0.803544,0.626188,0.630251,0.861403,1.135643,1.147271,0.697907,1.572638,0.663384,0.597219,0.812993,0.531764,0.611436,0.609280,0.620481,0.742819,0.550168,0.864482,0.927461,0.606719,1.307407,1.620457,0.652246,1.082140,1.133280,0.658607,0.945240,1.262173,1.247819,0.934930,0.900656,0.918785,0.909885,0.675325,1.087732,1.089909,1.361914,1.465200,0.924405,1.710318,1.180568,1.215933,1.183026,0.957593,1.249375,0.852479,0.860870,1.082718,0.799510,1.010594,1.244290,0.934436,0.891832,1.327916,1.115819,0.966668,1.033444,0.985654,1.114014,0.904347,0.593148,0.846504,0.500407,1.008491,1.076077,0.866852,1.003485,1.229932,1.601937,0.545704,0.725030
Gawri,0.745005,0.877869,1.276641,1.206851,0.859918,1.268719,0.991103,1.063629,0.859797,0.684153,0.774580,0.877008,0.849118,1.232110,1.207922,0.895380,0.871029,1.179839,1.140693,0.631761,1.006835,1.275886,1.280318,0.830593,1.196862,1.275001,0.911429,1.124690,1.788639,0.685714,3.058089,2.221688,0.910165,1.248122,1.746760,1.579968,0.841904,1.437145,1.292105,0.950134,1.555912,0.809494,1.069235,0.882003,1.523207,1.038132,1.097703,1.849527,1.178295,1.206469,1.213309,1.194199,1.080163,1.658050,1.687000,1.985263,1.721884,1.176642,1.470235,1.204304,1.129302,1.247517,0.886229,1.036435,1.032249,0.993912,0.954355,1.419559,1.375152,1.580444,0.806797,1.036528,1.084986,0.985944,0.985606,1.179234,1.077970,0.590961,0.774940,0.592595,1.040932,0.778767,1.152256,1.190254,1.104801,0.882037,1.558888,0.881435,0.897663,1.128957,1.135903,1.120003,1.040514,1.302738,1.347426,0.753130,0.751921,0.807791,1.089000,0.961107,1.622518,1.228075,1.206071,0.951015,1.378843,0.919448,1.068988,1.322750,1.342218,0.904707,0.898274,1.590102,2.039054,0.818769,0.825281,0.564046,0.638477,0.643192,0.826121,0.876284,1.586717,1.213762,1.277989,0.856284,1.525207,1.385311,1.248998,1.314820,0.871785,1.206409,0.909467,0.915368,1.268132,1.021109,1.031564,0.994864,1.323020,0.954399,0.952381,0.979283,0.597390,0.597526,0.472948,0.775402,1.482066,0.728135,1.132664,1.181452,0.876315,1.007243,1.493100,0.722750,1.386132,1.227483,0.777792,1.192050,1.706703,1.687294,1.067913,1.146988,0.803942,0.796155,1.845223,1.027219,1.029275,1.871179,1.694054,0.755934,2.065897,1.417812,1.424320,1.385774,1.605139,1.675208,1.207122,0.944768,1.067006,0.938628,1.411303,2.228933,1.127705,0.948355,1.679230,1.444880,1.028534,1.091780,0.933485,1.025875,0.959215,0.686493,0.799033,0.702479,0.822466,0.905099,1.139549,1.321783,1.365834,1.245072,0.820839,0.812134
Gawarbati,0.868072,0.860501,0.966721,1.573668,0.863706,0.867314,0.669607,0.653328,1.066050,0.929516,0.567230,1.197684,0.759769,0.796252,0.893900,1.022323,0.751351,0.759845,0.888933,0.852374,1.018661,0.970852,0.956633,1.376952,1.245463,1.517158,1.161812,0.960856,0.711850,0.703564,1.644194,0.988756,0.798798,1.332084,1.015684,1.026892,0.975166,1.113686,1.099339,0.758580,0.937023,1.170907,1.007908,0.712301,1.131663,0.977158,0.898014,1.362904,0.936828,0.961632,1.340977,1.338355,1.379466,1.204423,1.206585,1.945881,1.262758,0.616897,1.202437,1.276809,1.114166,1.105692,0.787654,1.331686,1.344530,1.319341,0.931986,1.321156,0.957450,1.490069,0.983809,1.333835,1.278271,1.144468,1.130076,0.920383,0.917269,0.572045,0.652801,0.631539,0.629230,0.964508,1.263734,0.910790,0.584254,0.588703,1.020943,0.975169,0.964257,0.951320,0.961203,0.959140,1.005876,0.770976,0.775792,0.615602,0.620680,0.682465,1.008892,1.196354,0.913381,0.914522,0.913231,1.435535,0.672113,0.945836,1.274070,1.187018,0.718893,1.163584,1.095080,1.283826,1.000555,0.849294,0.845139,0.648599,0.671749,0.676732,0.796070,0.939336,1.115934,1.831296,1.289927,1.040588,0.786781,1.111616,1.093951,0.812781,0.758782,1.191192,0.689315,0.687449,0.683050,0.982206,1.241706,0.782533,0.720347,0.807859,0.744917,0.732507,0.725313,1.087854,1.006872,0.710054,1.438285,0.952355,0.955108,0.736300,0.741147,0.899343,0.890796,0.874999,0.895265,0.816156,0.774514,1.133757,1.248641,1.235602,1.060710,1.053944,0.927692,1.376003,1.591295,1.140055,0.683811,0.986020,1.279759,0.817277,0.869628,0.869137,0.916612,1.362988,1.386210,1.148772,1.100145,1.341293,1.102566,0.698562,0.709185,1.222075,0.854123,0.817751,0.816208,0.968478,0.889394,1.079112,1.243928,0.659732,0.609135,0.618049,0.616655,0.622926,1.039465,0.778048,0.777620,0.896989,1.160630,0.828529,0.864416,0.867983
Khowar,1.71669,1.73481,2.62216,2.69670,1.68007,1.67795,1.36253,1.37055,1.77646,1.59412,2.07721,1.37771,1.77613,1.54273,1.55002,2.44748,2.47170,1.85603,1.79330,2.11695,1.69428,1.65956,1.65415,1.43862,1.34552,1.71019,1.71073,1.70820,1.69751,1.52826,2.29677,1.83237,2.00358,2.51110,2.38808,1.40433,1.85658,1.69703,2.07495,2.10551,2.10349,1.82086,1.83698,1.67207,1.95436,1.58266,2.35386,2.08739,2.37677,2.40051,2.39082,2.43597,1.87042,1.95139,1.95380,2.47320,2.50328,2.86622,1.91780,1.85767,1.65513,2.48450,1.78706,1.75504,1.93695,1.96753,1.88707,2.65606,1.89870,2.63521,1.85594,1.82598,2.07736,2.42693,3.61578,2.31413,1.83276,1.92566,1.28960,1.69730,2.38679,1.93264,2.21876,2.06793,1.94737,2.29703,1.75069,1.98600,1.97690,2.02254,1.98610,1.97980,1.69461,1.50473,1.50275,1.73106,1.73314,1.72827,1.56369,1.84160,1.83688,1.81586,1.83856,1.79215,1.88517,2.43118,2.49087,3.11910,2.36581,1.55312,1.43659,1.90718,1.85682,1.66617,1.66345,1.59175,1.35499,1.36198,1.97987,1.48636,1.92529,1.93438,1.93629,2.08734,1.93152,1.93791,2.09501,2.07940,1.79030,1.75640,1.90445,1.89310,1.54621,1.93502,1.91868,1.48550,1.95744,1.54090,1.62074,1.60760,1.64119,2.55537,2.46953,1.63662,1.94440,2.16909,1.91210,1.94127,2.26756,2.19107,1.63970,1.52598,2.31501,1.79118,1.54614,2.14284,2.53930,2.53772,1.33937,1.62370,2.22831,2.23376,1.96009,1.91930,1.84241,2.13114,2.07998,2.05345,1.92800,1.88374,1.73162,1.87479,2.41261,2.13851,1.32790,1.99412,1.65248,2.04350,2.16748,1.71020,1.80206,1.83034,1.77831,1.68806,2.06195,2.04539,2.06581,2.90683,2.05481,2.07507,1.75986,1.74415,1.81768,1.90652,1.90335,2.10677,2.33145,1.96006,1.89014,1.68104
PashaiNorthWest,1.710847,1.741855,2.048768,1.400482,1.415810,1.431976,1.461039,1.953520,1.946008,1.581741,1.646227,1.052084,1.633315,0.850785,1.487601,1.570942,1.586483,1.587036,1.405636,1.100390,1.187139,1.011348,1.338370,1.199824,1.292252,1.053483,1.375863,1.382032,1.361387,1.415247,1.430128,1.454237,1.778751,1.728276,1.885026,1.243821,1.265546,1.610169,1.686425,1.711265,1.703206,1.133028,1.294133,0.866488,1.251288,1.867614,1.826143,2.067332,1.676433,1.702577,1.739667,1.772521,1.797531,1.403367,1.421690,1.404375,1.788782,1.785030,1.284758,1.490694,1.624056,1.526944,1.549093,1.534020,1.537452,1.571842,1.105005,1.943690,1.203705,1.656933,1.778637,1.298107,1.285469,2.161531,2.074910,1.942336,1.505299,1.232566,1.247240,1.286188,1.300074,1.624330,1.593597,1.415723,2.368517,1.501039,1.110917,1.611289,1.603907,1.379227,1.385942,1.385437,1.232835,1.124079,1.113126,1.445913,1.440368,1.452475,1.544122,1.537219,1.537705,1.522566,1.558497,1.192443,1.401159,1.334440,2.605267,2.426957,2.192250,1.323962,1.307685,1.685769,1.843037,1.113179,1.136024,1.791680,0.906812,1.274511,2.070015,1.632826,1.798046,1.215139,1.916533,1.725000,1.256892,1.285920,1.697507,1.203878,1.132268,1.788083,0.994549,1.719533,1.727277,1.408640,1.403567,1.310312,1.516421,1.173879,1.178988,1.161643,1.156294,1.936929,1.865599,1.111250,1.456227,1.529667,1.760889,1.197174,1.368837,1.237923,1.272407,1.446078,1.593235,1.707652,1.370819,1.342312,1.764619,1.763519,1.088768,1.337766,1.513984,2.037703,1.319118,1.878775,1.854849,1.823477,1.469829,1.222799,1.590588,1.547643,1.686241,1.712490,1.715277,1.749675,1.267555,1.654541,1.856717,1.634497,1.712833,1.018011,1.459052,1.719307,1.661533,1.663352,1.665938,1.813773,1.812190,1.898252,1.683395,1.688359,1.446471,0.996315,1.098300,1.511711,1.500239,1.301800,1.666817,1.840096,1.612876,1.274145
Kamviri,0.853654,0.684567,1.365263,1.125686,1.055562,1.729804,0.831306,0.746540,0.523750,2.640058,0.763513,0.771099,0.726685,1.431878,0.825669,1.273646,0.727435,0.637850,0.556131,0.405715,0.676706,0.865228,0.373937,0.513034,1.270611,0.503594,0.857295,0.360852,0.586148,0.882049,1.471963,1.084963,0.417332,0.806399,1.207098,0.570512,0.460632,0.267913,0.563131,0.288843,0.763629,0.621031,0.519652,1.776556,0.445860,0.412143,0.438225,0.707674,0.666923,0.649996,0.958581,0.432202,0.818419,0.802148,0.908845,1.241326,0.838192,0.516235,0.445791,0.564065,0.603517,0.809468,0.695081,1.287363,1.666976,1.566291,0.736132,0.292079,1.642713,0.669687,0.471432,0.748858,0.501744,0.549825,0.713128,0.316348,0.777610,0.331733,0.613295,0.632084,0.394917,0.870625,0.188072,0.544969,1.009786,0.724441,1.397466,0.573682,0.369551,1.820475,0.671323,0.630314,1.088371,1.195479,1.059123,1.118192,1.550344,0.407741,1.496285,1.206402,1.094408,0.730870,0.371110,1.187926,1.567747,0.428815,1.034400,1.575238,1.177820,0.255530,0.525462,0.751425,0.547510,0.650281,0.562334,0.585174,0.785228,0.819544,0.826343,0.521858,1.470097,1.058028,0.534107,0.626689,0.941914,1.301305,0.975079,0.972096,0.516738,1.041574,1.347673,1.202955,1.055806,0.697173,0.437870,0.360066,0.921115,0.593018,0.741847,0.575081,0.920096,1.950427,0.975783,0.817803,0.594034,0.455358,0.814252,1.198688,1.511198,0.399799,1.065008,0.938923,0.584609,1.006478,0.506800,0.616991,0.623635,0.536952,1.889830,3.227867,1.098807,0.480592,0.752706,1.115314,0.887589,0.728458,0.780051,1.005928,0.530544,0.758221,0.443164,0.336663,0.978427,0.490419,0.537595,1.852345,0.528250,0.454275,1.581830,0.693660,0.813893,0.415520,1.991255,1.118101,0.671668,0.974434,2.167823,0.774050,1.200520,2.331095,0.653280,1.151411,0.624986,1.093410,0.815243,1.179572,1.064587,0.973270,0.666434,0.887337
KatavariEastern,0.658981,1.588684,0.816104,1.862344,0.692808,1.239084,0.692065,0.417604,0.741636,0.608957,1.588009,1.076410,0.745603,0.946345,1.214869,1.458023,1.051158,1.364677,0.766188,0.560448,1.727631,0.938638,1.482383,1.990385,0.540489,0.518738,0.642155,1.529267,0.605478,0.845762,0.822913,0.489160,0.590939,0.447138,0.938477,0.762734,0.886496,1.447571,1.647755,0.746304,1.121590,1.103245,0.796400,1.309975,1.153983,1.152641,0.746034,0.386542,0.402352,0.766100,0.855169,1.362535,0.573899,0.582710,0.709318,2.011694,1.382135,1.058496,0.432018,2.298774,0.419137,0.737674,0.642768,1.385060,2.339470,1.893697,0.687637,1.236698,0.793561,1.062075,0.817767,1.109767,0.897817,2.111823,1.218160,1.133326,0.619995,0.777006,0.680228,1.242736,1.079224,1.315547,0.579125,1.867603,1.114913,0.742667,2.088432,1.014207,0.628741,1.836255,0.896360,1.129159,1.087062,0.888049,0.927249,0.980939,1.829412,0.565594,1.005070,0.602576,0.262680,0.910010,1.996211,0.827490,0.943955,1.611235,1.823889,1.568708,1.024395,1.232911,0.987851,0.885444,0.714537,1.960345,0.824875,2.144340,1.117013,0.967876,1.044345,0.927666,1.210977,0.972780,2.120303,1.530704,0.521707,0.804617,2.387254,0.687397,0.828264,1.315097,1.150698,0.629322,0.314199,1.066931,0.427280,1.367003,0.868726,0.326743,0.577468,0.891550,0.803574,0.394030,0.538438,0.827407,0.687380,0.846382,1.664246,0.993352,1.167484,1.415687,1.336937,1.649261,0.527577,0.440737,2.270723,1.452562,2.129363,2.499461,0.359422,1.043447,1.796609,0.866615,0.935575,0.966463,1.557330,1.359290,1.455649,0.626874,1.076395,0.882776,1.085249,1.033925,1.974780,0.630901,1.748562,1.016873,0.611353,5.276696,0.773794,0.641673,0.904672,1.014660,0.730039,2.447902,2.016528,2.506182,2.275655,0.649966,1.049253,0.509876,0.693655,1.259735,1.281046,0.683644,1.637120,1.017858,1.540133,1.897261,0.565983,2.426983
KatavariKtivi,0.553979,1.968861,1.088721,1.256641,0.590132,0.844979,0.875897,0.586887,0.380435,1.133657,0.696004,0.526220,0.954893,0.762412,1.009437,0.985921,0.369681,0.770622,0.395548,0.372897,0.912405,1.317440,0.594268,0.977433,0.310130,0.512768,0.662933,0.625034,0.260526,1.376276,0.669520,0.412766,0.407137,0.248234,0.430462,0.354240,0.632274,0.825039,0.823724,0.667876,0.435931,0.844409,2.070484,0.891699,0.543891,0.635664,0.530480,0.406732,0.809468,0.478812,0.731600,0.878111,0.368305,0.718315,0.533436,1.787476,0.455302,0.697225,0.562797,1.800032,0.908053,0.589153,0.483537,0.300363,1.005365,0.773177,0.921824,0.507385,0.751934,1.227106,0.425596,0.745233,0.476717,0.639805,0.434935,0.962576,0.201320,0.550604,0.815224,0.430516,0.635785,1.245179,0.408071,0.659796,0.291360,0.713387,1.519118,0.486651,0.478597,1.480166,0.476496,0.440952,1.093274,0.915164,0.984635,0.510814,0.379346,0.659797,1.169427,1.220904,0.648378,0.305834,0.813883,0.698221,0.991172,0.434668,0.614771,0.611519,0.935429,0.673161,0.687511,0.345967,0.908213,1.338959,0.341883,0.651635,0.914399,0.792313,0.544148,0.387837,0.889827,0.892459,1.341457,0.536119,0.855968,0.634269,0.878732,0.700506,0.608763,0.638395,1.469826,1.002388,0.676317,1.103586,0.431575,0.272736,0.488899,1.351464,1.910296,0.456455,0.582251,0.429969,0.407146,0.729448,1.016520,0.486188,1.156449,0.532846,0.566351,0.772957,0.836901,1.118969,0.484249,0.559186,0.917135,0.341460,1.600966,0.410716,0.498091,0.527891,1.081657,0.471364,1.142925,0.929427,0.940304,0.289029,0.693947,1.106216,1.057240,0.317401,1.422991,1.007650,0.526817,0.414965,1.552060,0.545489,0.377910,0.891069,0.401592,0.617528,1.006761,0.475406,0.935409,0.414879,0.815115,0.682366,1.265734,0.442748,0.853407,1.655009,0.189586,0.765328,0.926254,0.636007,1.115160,0.698294,0.417652,0.995302,0.744498,1.341045
KalasalaNiseigram,2.826337,1.212909,1.389813,1.107510,1.401733,1.403075,1.041999,1.527206,1.487332,2.257973,0.642647,0.601890,0.764753,1.344612,0.593569,1.147206,0.760890,0.671277,0.734787,1.799988,2.138850,1.225870,1.267125,1.057754,2.325368,0.944031,0.611513,0.565067,0.588628,1.046141,1.317624,1.256921,2.452241,1.202099,1.290818,1.109065,1.185447,1.416480,1.435692,1.411797,1.388539,1.230564,0.875413,0.935379,0.876896,1.450106,1.566140,1.083079,1.168839,1.613749,2.033365,2.003861,1.365473,1.319402,2.409967,0.960994,1.030340,1.359255,1.640348,1.144022,1.174753,1.372416,1.259603,1.208855,0.817367,0.806756,0.994862,1.422375,0.829738,1.664135,1.896231,1.619296,1.545682,1.191793,0.842968,1.629030,1.545465,0.906710,1.746766,0.754553,0.937227,0.867041,0.854563,1.104910,1.976193,1.783303,0.701609,0.680875,1.200829,1.295932,1.281427,1.319152,0.915798,0.886471,0.879159,1.021149,1.005329,1.224220,0.818817,1.111980,1.105980,0.840408,1.018657,0.725173,1.002048,0.895164,0.863473,1.565602,0.777704,0.682989,1.452037,2.110714,1.088950,0.600822,0.625237,1.167686,1.485915,1.465637,0.857644,1.273571,1.087714,1.143046,0.833018,1.091950,1.234889,1.903315,0.962885,1.470765,1.188122,1.140856,1.336194,1.368610,1.980071,2.168354,1.900396,0.779131,0.606303,0.712046,0.775420,0.798955,0.915390,1.621912,1.557436,0.666679,1.204716,1.566062,1.445625,1.066447,1.296909,1.210058,1.196891,1.058312,0.927936,1.634564,0.782872,1.007394,1.747804,1.738089,1.017442,2.261085,2.369034,2.025598,1.389841,0.964977,1.101526,1.310435,1.402449,1.535122,1.582922,1.163887,1.522550,1.557079,1.221115,0.792318,1.651904,1.026770,1.943593,1.155054,1.103945,1.421300,1.567904,1.055868,1.198609,1.008500,1.016863,1.595078,1.184033,1.406365,1.012413,1.085011,1.034496,1.030203,2.097595,1.411312,1.394228,0.571649,1.398685,1.918499,1.769806,1.066605
SanuviriWama,1.465044,1.153393,1.816122,1.247536,1.643501,1.680799,1.069247,1.554951,1.129045,1.430935,1.173691,0.653323,0.641144,0.821435,0.952066,1.401546,1.007137,1.047055,1.163505,1.100759,1.220698,1.017003,0.485777,1.284313,1.679797,0.729291,0.975552,1.031765,1.027327,1.431453,1.453844,1.013816,1.219510,1.099602,1.001803,0.579133,0.771709,0.763901,1.001012,1.065744,0.654759,1.267779,1.081552,1.095975,0.708080,1.192141,0.990061,1.029837,0.943055,1.250131,1.348302,1.348535,0.900193,1.524277,1.488893,1.349743,1.287980,0.881282,1.178812,1.054827,0.855336,0.907729,0.797533,1.259925,0.691350,1.430507,1.898876,1.077985,0.777466,1.551680,1.549634,0.903747,1.353408,1.138441,0.810718,0.982947,2.134378,0.593608,1.220362,0.924520,1.103396,1.093849,0.952533,1.485910,0.602470,0.973050,1.780412,0.516786,0.808531,0.583040,1.238352,0.878188,0.751384,0.861141,1.380229,0.990593,1.270433,1.387398,1.139248,0.708003,0.698354,0.735800,0.598298,0.921739,1.072494,0.654117,0.880883,1.468199,0.973546,1.684888,1.549729,1.214929,1.569099,1.252386,1.266827,0.834878,1.171972,1.209991,1.383846,0.933973,1.221214,1.511543,0.765394,1.690734,1.799634,1.270168,1.278030,1.082792,1.413733,0.949667,1.199590,0.822659,1.269637,1.209577,1.493634,1.130697,1.165521,1.310173,1.215411,0.532094,1.094288,1.571849,0.768764,0.786582,1.095145,1.129249,0.898606,0.687995,0.757671,0.797294,0.796204,0.851817,1.043762,1.208421,0.831378,0.621194,0.913533,0.901775,0.947480,1.232264,1.347294,1.345754,0.980484,1.051260,1.072835,1.459346,0.634762,1.359892,1.446923,1.576047,1.804173,2.036298,1.210716,0.665440,1.873338,1.036212,1.930020,0.979973,0.677151,0.908765,1.366390,1.220980,0.926068,1.808233,1.376690,1.017549,1.905996,0.716283,2.161852,1.020130,0.953027,1.722740,1.390031,0.632150,1.246267,0.692751,1.590139,1.534286,1.367238,0.786373
VasiVariPaski,2.56371,4.52430,2.51929,2.68523,2.77481,2.78426,2.84952,2.85216,2.73380,2.88594,2.67587,2.04200,2.53658,3.05335,5.33283,2.10459,2.08018,2.62673,4.00365,2.82020,4.02457,2.02734,2.14196,2.51919,3.92098,2.46060,4.23029,3.19742,3.14061,2.35747,2.82850,4.27614,3.15548,2.33751,3.13601,2.97945,2.25151,2.36800,2.84093,2.79914,2.83119,2.70967,2.40657,2.25390,2.42240,2.87643,3.55131,6.07710,6.26268,6.22896,3.12283,3.13265,3.19417,2.84867,2.78185,2.42395,3.40318,2.29433,2.19080,3.15516,2.79441,2.28824,2.78280,3.42510,3.41732,3.38502,3.77322,2.61418,5.13738,4.14417,2.31965,2.35569,2.31384,2.80694,2.82269,2.51743,5.63726,2.23331,2.37401,2.31976,2.25508,2.15363,2.62806,3.76570,3.25359,3.19045,2.16400,2.24651,2.23701,3.10883,3.09815,3.13653,2.63628,2.23146,2.23697,2.26779,3.62858,2.39607,1.70305,2.16686,2.15505,2.18859,3.05992,2.84242,2.88137,2.68063,3.50382,2.87384,2.86244,2.42027,3.54879,3.75569,2.64968,1.65728,2.49698,2.50709,2.86305,4.14617,4.42239,2.57403,3.18204,2.50780,2.57347,2.42436,2.16555,2.81732,2.79062,2.86891,1.98298,1.95021,5.09777,5.09539,3.03120,2.50507,3.71955,2.73131,2.47682,2.37302,3.12821,3.03373,1.94910,2.76719,2.80538,2.31235,2.05203,3.04903,3.08025,3.05042,2.86522,2.14058,2.07506,2.14324,2.33665,3.05752,2.28329,1.90402,3.18744,3.20377,2.58432,3.06210,4.30538,3.25575,2.24686,3.05537,3.05998,3.90449,2.70195,2.18990,2.96032,4.12275,4.04199,4.08004,3.94090,3.82210,2.03898,3.38424,3.52921,3.40500,3.02526,1.78878,1.44062,2.69028,3.48797,2.89221,2.81068,3.42298,2.86645,2.47461,3.13998,3.13423,3.09015,3.07013,2.62193,2.24813,2.28449,2.19072,2.83742,2.28939,2.52429,3.34790
AvestanYounger,0.672850,0.332013,0.489905,0.506385,0.536321,0.321368,0.530277,0.498383,0.861890,1.063773,0.384774,0.472306,0.456619,0.451086,0.828753,0.883100,0.275248,0.512332,0.428162,0.746090,0.473179,0.481892,0.486151,0.224380,0.690956,0.517520,0.210675,2.305358,0.849872,0.407249,0.319833,0.596257,0.360526,0.509059,0.494380,0.483627,0.332068,0.477153,0.325045,0.259537,0.541381,0.576543,0.795525,0.737128,0.834429,1.902746,1.301995,0.548264,0.361720,0.302345,0.773265,0.784889,0.723920,0.469010,0.768370,0.396574,0.385244,0.643149,0.407023,0.401365,0.490265,0.145953,0.364565,1.440783,1.396827,1.309004,0.883553,0.531220,0.400282,0.229148,0.415944,0.427508,0.298848,0.733289,0.398507,0.612165,0.513246,0.983540,0.529255,0.933567,0.757161,0.388806,0.818185,0.542030,0.443550,0.184908,0.612316,0.414435,0.423706,0.654186,0.468764,0.722937,0.312382,1.266686,0.701620,0.522967,0.471599,0.641768,0.445117,1.039718,0.614671,0.603190,0.552236,0.707082,0.514441,0.358428,0.557212,0.934997,0.614595,1.006368,0.993778,0.894321,0.494945,0.965566,0.220102,0.268085,0.238095,0.461286,0.396972,0.344097,0.498333,0.411082,0.666409,0.894107,0.697370,0.401230,0.367317,0.851566,0.358549,0.576257,0.315264,0.319202,0.452155,0.902344,0.883229,0.453341,0.775174,0.400479,0.610277,0.361248,0.580343,0.464412,1.295468,0.745675,0.431727,1.251094,2.183070,1.339872,0.257660,0.407927,0.439062,0.398166,0.487610,0.430098,0.267958,0.482374,0.769437,0.778911,1.092476,0.678123,0.575959,0.330110,0.398021,0.548570,0.301953,0.403593,0.466758,0.740343,0.364216,0.656674,0.532602,0.523399,0.608948,0.589373,0.516863,0.376714,0.677137,0.283756,0.967840,0.411831,0.741318,0.704411,0.552513,0.840441,0.610009,1.261279,0.392651,0.311486,0.842013,0.847307,0.419259,0.482867,0.676041,0.407047,0.407447,0.865186,0.561814,0.410983,0.892301,0.291292
Khwarazmian,1.433565,1.006069,0.773040,1.108961,1.035062,1.042935,0.814753,1.121017,1.136271,1.389930,1.548562,0.855149,0.868174,1.205891,0.886402,1.033764,1.023861,1.539802,0.815306,0.926859,1.021079,0.991456,0.958610,0.940732,1.951306,0.729259,0.835365,0.883518,0.896721,0.718655,1.611667,1.109955,0.557718,0.973520,1.107366,1.062443,0.706471,0.625926,0.892430,1.085211,1.095750,1.000324,1.156520,0.634819,0.806952,1.223132,1.715535,0.811918,1.148381,0.761133,0.850803,0.849723,0.791405,0.742869,0.723206,1.160931,1.606485,0.777732,1.221588,1.484339,1.014149,1.240620,1.207186,1.146763,1.121690,1.133936,1.059974,1.523484,1.027643,0.979267,1.043309,1.134975,1.083784,1.195111,0.997591,1.280112,1.471258,1.608527,1.134482,0.788230,0.844464,0.842371,0.853790,0.857455,1.085870,1.384462,0.558374,0.863268,1.771937,0.997021,0.983978,0.983239,1.030438,1.143910,1.162201,0.681253,0.887398,0.842461,0.796054,0.920254,0.921397,0.931807,0.957323,0.854487,0.819207,1.179157,1.001017,0.800433,1.024595,1.163791,0.861511,1.072479,1.145471,1.264534,0.779998,0.795035,0.973874,0.978778,1.095773,1.002403,1.129742,1.020518,1.008046,0.930730,0.855984,0.855453,1.334905,0.928740,0.959402,1.084844,1.310320,1.290681,1.348396,0.958636,0.930520,1.370495,0.784759,0.765215,1.097904,1.098669,0.991642,1.007071,1.002585,0.994812,0.907891,0.990370,1.378079,0.992361,1.041821,0.906269,1.360628,1.215373,0.868124,0.933631,0.910919,0.704062,1.147885,1.155882,1.206808,0.866489,1.079824,0.889123,1.368204,1.319176,1.287608,1.347784,1.471499,1.230168,1.093040,0.710649,0.842371,1.159081,0.872957,0.852644,1.199273,0.955390,1.078356,0.965283,0.993632,0.808862,1.487038,1.334360,1.323200,1.401066,1.486485,1.107696,1.094149,1.386360,0.854541,0.851735,1.136076,1.304580,0.959622,0.928144,0.922704,0.807157,1.152583,0.917233,1.029648,0.973855
Sogdian,1.286151,0.966381,0.649846,0.903769,0.391270,0.661393,0.470374,0.621683,0.786433,1.176376,1.176340,0.725696,0.632814,2.065469,0.641353,1.910856,1.004687,0.932093,0.515581,0.750313,1.401860,2.665057,0.935448,1.071866,1.791310,1.338344,0.849200,1.002969,1.094018,0.525443,1.273025,0.648313,0.580880,0.555422,0.862583,0.767918,0.538740,0.423528,0.656525,0.759578,1.193164,0.463208,0.927868,1.233945,1.060693,1.449149,2.564115,1.098072,0.467883,1.066772,0.552086,0.548797,0.941525,0.887080,0.778381,0.803852,0.636410,1.087681,2.243457,1.048494,0.820350,1.211653,0.749791,0.879597,0.449344,0.962744,1.800460,1.478244,1.502885,1.207245,1.037355,0.822994,0.716379,0.636373,1.377827,1.200823,0.779665,1.555188,1.314103,0.975377,0.832659,0.976726,0.752488,0.887392,2.761146,3.893792,2.738822,2.181425,2.046798,0.871573,2.190444,2.173933,0.627765,1.287410,0.751263,0.710685,1.162847,0.897871,1.185695,2.165281,2.219685,1.662897,0.563862,0.685188,0.722419,1.070636,1.619460,0.902444,1.020588,1.773210,0.897624,0.967753,0.523666,1.456273,0.516606,0.641350,0.485787,0.776190,0.920703,2.677749,0.929403,0.983975,1.064409,1.026256,0.732960,1.504408,0.912301,1.200582,1.026525,0.622210,2.069514,2.066196,1.666442,0.907530,1.944966,2.065975,1.031151,0.532017,0.950691,1.000992,0.599693,0.643340,0.610740,1.115454,0.567720,0.664883,0.758305,0.816621,1.497521,0.887777,0.746583,0.980487,0.816412,0.848648,1.081291,1.004027,1.799673,1.730428,1.001250,0.876048,1.298866,1.120085,1.381215,1.672536,1.058414,1.705262,1.014765,1.610492,1.133406,0.825532,1.560870,1.396016,0.734028,0.630854,1.768537,1.206236,1.258781,1.210214,1.107303,0.736991,1.678418,1.491471,1.704878,2.242454,1.221231,0.806194,0.902384,1.446609,1.198669,1.200893,0.802280,1.124812,0.827349,0.803139,0.506086,0.522679,2.572418,0.538359,0.628423,1.962631
Khotanese,0.931676,0.845832,1.311413,1.375410,1.373639,0.789675,1.667772,1.607677,1.044432,1.737027,0.903097,0.983006,1.082819,1.103482,1.178058,1.376926,1.440080,1.441020,1.532563,1.375554,1.437190,0.871654,0.853121,1.140169,2.803094,1.742920,1.382858,1.139680,1.156999,1.171552,1.711131,1.094770,1.089572,1.177282,1.126853,0.776234,0.956680,0.929726,0.763745,1.166560,1.806353,0.866281,1.278199,1.013123,1.355110,1.501925,1.689678,0.755051,1.134914,1.130531,1.091594,1.086425,1.063661,0.997858,0.991056,1.028035,1.833602,1.172524,1.763972,1.958187,1.009244,1.446781,0.789224,1.001637,1.030688,1.036408,1.438747,1.299387,0.981375,1.278837,0.926039,1.382697,1.335183,1.598443,0.956440,2.083690,0.724164,1.683932,1.459502,1.626268,1.979764,1.958594,1.301093,1.029799,1.000667,1.018195,1.360074,2.285055,2.306292,1.146982,1.219897,1.175023,1.258365,0.848582,0.866083,0.925233,1.259023,0.786859,1.174315,1.036378,1.032169,1.034068,0.998203,0.880583,0.836566,1.238938,1.028627,1.407088,1.338098,1.891122,1.291031,1.055843,0.948680,1.753038,1.026127,0.677792,1.230226,1.257912,0.924995,2.014042,2.021349,1.660444,1.666055,0.908059,1.138197,1.053058,1.113386,0.964759,0.660224,1.060826,1.017015,1.021224,1.333475,1.320724,1.381858,1.326415,1.340572,1.412570,1.686759,1.697437,1.099713,1.086230,1.056548,1.064312,0.930263,1.129107,1.121473,0.829807,0.858846,0.759934,1.264136,1.845481,1.434452,1.226970,1.176329,1.006710,1.044570,1.038074,0.815092,0.921140,1.132533,1.430587,0.889735,1.799334,1.718155,1.584248,1.038583,1.389282,0.966802,0.938314,0.931898,0.963828,0.907998,0.901667,1.064534,0.867300,1.116828,1.080532,1.184871,0.795300,1.420351,1.075887,1.351707,1.114159,2.027590,1.283062,1.256028,0.761931,1.350246,1.308494,1.300891,1.343961,1.302644,2.262116,2.318860,1.149094,1.384381,0.802437,1.725598,2.928061
Pashto,1.306250,0.932718,1.366634,1.450760,1.317046,1.327126,1.383307,1.378852,1.390646,0.947322,1.012619,1.251175,1.235263,1.081019,1.519200,0.921893,0.980317,1.242659,1.423420,1.276740,1.458009,1.921824,1.268296,1.283044,1.372881,1.379531,0.912918,0.965434,0.959650,1.198719,1.391871,1.404490,1.175596,1.307300,1.611304,0.888119,1.486530,1.524612,1.513644,1.532448,1.583849,1.584118,0.999374,1.627700,1.728490,1.169512,1.193384,1.111400,1.106874,1.097492,1.312598,1.317595,1.211699,2.150888,2.096309,2.052296,1.891190,1.386824,1.911651,1.667159,1.188662,1.122050,1.108310,1.171647,1.567201,1.566729,1.098717,1.065490,1.174393,1.185604,1.129086,1.135440,1.013623,1.054118,1.053689,1.060487,1.403008,1.558439,1.505426,1.099298,1.127334,1.119625,1.354165,1.662545,1.253931,1.258071,1.054328,1.297817,1.295833,1.529807,1.527329,1.522547,1.604177,1.049297,1.049109,0.986580,1.158819,1.199194,1.142394,1.374439,1.373957,1.380093,1.097640,1.104861,1.084834,1.069624,1.177218,1.336243,1.623989,1.579465,1.519554,1.143266,1.134284,0.974180,0.987469,0.910873,2.061887,1.639461,1.030460,1.013319,1.179704,1.231487,1.219430,1.210178,1.197318,1.203739,0.870433,1.149046,1.247804,0.970906,0.868411,0.873289,1.000983,1.030160,1.021719,1.441767,1.455184,1.234985,1.259829,1.262853,1.279760,1.308875,0.979666,0.967435,1.268719,0.987633,0.980014,0.966395,1.114122,1.099877,1.107965,1.135187,1.411432,1.045220,1.175574,1.213653,1.341995,1.331903,1.370824,1.200528,0.932725,1.109043,1.149415,1.725753,1.742989,1.613857,1.351186,1.417382,1.190296,1.209898,1.196546,1.197236,1.053058,1.064125,1.076055,0.985866,0.908943,1.451660,1.811168,1.203510,1.200407,1.143940,1.086099,1.174115,1.176121,1.473039,1.472932,1.455757,1.048594,1.072027,1.325671,1.340848,1.076588,1.884826,1.248735,1.483891,1.095316,1.193516,1.480158,1.751306
Wakhi,1.008730,1.014594,2.215965,1.931444,1.900006,2.572802,1.488040,1.036601,1.119819,1.165082,0.908716,2.118473,1.512466,1.234740,1.005492,2.034455,2.113218,1.252549,1.344855,2.197744,1.872134,3.027392,2.943680,3.074843,1.793499,2.975524,1.415165,1.026738,1.248288,1.406687,1.331010,1.358694,1.355796,1.469213,1.525402,1.351112,1.781405,1.200396,1.409070,1.383092,1.385907,2.015233,1.056418,1.339643,1.806916,1.310647,1.159841,1.273017,1.118365,1.147089,1.009788,1.014949,1.024524,2.056638,2.765630,1.969713,1.914747,1.539446,1.526022,1.807511,1.829777,1.718905,2.525416,2.848158,2.900393,1.873212,1.534519,1.356418,1.418244,1.383482,0.951808,1.060483,1.057598,0.888189,1.323575,0.986934,1.425339,1.223203,1.310265,1.277287,1.310609,2.235559,2.253957,1.424088,1.093129,1.095722,1.234826,1.517168,1.521394,1.648597,1.055900,1.085757,1.564246,1.326110,0.943619,0.891967,0.890204,1.409182,1.270316,2.144555,2.076411,1.318944,1.747287,1.267495,0.894724,1.681750,0.888805,1.469522,1.412380,2.207485,1.945382,1.144799,1.136369,1.511350,1.494084,0.693891,1.971106,1.987093,1.347209,1.250653,1.273272,1.763199,1.753115,1.767108,1.147600,1.026490,0.913225,1.233481,1.716541,0.933616,0.740144,0.989940,1.008157,1.356083,1.858697,0.895765,1.383914,1.364405,1.090639,1.104474,0.923746,2.161288,1.285779,1.540886,1.235462,1.307160,1.059225,1.074530,1.047273,0.995782,2.319439,1.036028,1.196355,1.225833,1.611642,1.400794,1.904165,1.905209,1.172873,1.328094,1.079052,1.077547,1.038239,1.782920,1.862785,1.284622,1.561819,1.520577,1.713382,1.819010,1.506450,1.496062,1.339044,1.330538,1.398296,0.920122,1.259584,1.675910,1.747409,2.273276,1.209337,0.805858,2.443423,2.008392,2.247732,1.246531,1.498620,1.781480,0.891414,0.906506,1.143471,1.242537,1.422526,2.005505,1.936097,1.799111,1.700503,1.691901,2.036905,1.863537
Sarikoli,1.108140,1.114582,2.089308,1.540128,2.534519,2.480777,1.485844,1.498995,1.284597,1.333064,0.949009,1.637732,1.980929,1.443949,1.102240,1.828388,1.947674,1.617982,1.335228,2.058861,1.706984,1.748764,3.349540,2.957223,2.244065,2.894583,1.164267,1.759555,1.735991,1.415739,1.733347,1.742317,1.225391,1.532606,2.148578,1.417848,2.360720,1.734380,1.249418,1.226383,1.510279,1.609999,1.341008,1.513744,1.734063,1.667779,1.033872,1.584840,1.193603,1.224260,1.218417,1.224645,0.997498,3.047181,2.648162,2.042344,1.985352,1.516702,1.976829,2.113129,2.147181,2.145684,2.583199,1.871049,3.162769,2.262765,1.879337,1.810259,1.501203,1.526807,1.159620,1.136650,1.133558,1.117228,1.080740,1.494362,1.770784,1.151637,1.583206,1.543358,1.583620,2.920357,1.728583,1.240895,0.809562,0.811482,1.315309,1.348038,2.051113,1.376425,1.345112,1.383147,1.879199,1.421374,1.432931,0.703869,1.015221,1.217617,1.441146,3.027483,2.931284,1.970291,1.892111,1.396748,1.406034,2.390756,1.229619,2.096100,1.799613,2.182300,2.075000,1.806608,1.338261,1.924001,1.902020,0.879449,2.004214,2.020469,1.018095,1.403408,0.920607,1.793000,1.782746,1.843425,0.872442,1.030048,1.218575,1.220108,2.058626,0.988620,1.041449,1.041930,1.061103,1.389301,2.238593,1.280209,1.376869,1.189841,1.144778,1.159299,1.544599,1.825370,1.898975,2.555534,1.228036,1.157468,1.188887,1.726034,0.999738,0.910940,2.054073,1.581106,1.229236,1.330548,1.741016,1.355078,1.765793,1.766761,1.469190,1.505432,1.176152,1.174512,1.419991,1.583678,2.325115,1.157177,1.207893,1.225587,1.925693,1.557935,1.578337,1.567453,1.407419,1.398479,1.380732,1.138982,1.026513,1.993720,2.444612,1.865281,1.536421,1.136408,1.558823,1.774081,2.101248,1.297673,1.724901,1.571171,0.874746,0.889555,1.246366,1.252825,1.587344,2.268011,2.189519,2.259766,1.828080,1.667562,2.430291,2.223441
Yaghnobi,1.061920,1.094685,0.691205,0.780840,0.903758,0.895000,0.855903,0.845860,1.173923,1.116266,1.029170,0.930503,0.976528,0.950288,1.281889,1.268692,1.047535,1.027608,1.241054,0.911580,1.404844,1.420284,1.414726,0.914394,1.283281,1.355890,0.943714,0.950298,0.952654,0.873760,1.148976,1.369636,0.987814,0.928045,1.070446,0.672116,0.916090,0.873499,0.747691,1.355246,1.309636,1.199299,1.452932,1.171886,1.101624,1.370861,1.048330,1.214109,0.701726,1.372257,0.900174,1.121664,1.003617,0.905414,1.014031,1.043053,1.056450,0.747829,1.769735,1.248669,1.201104,1.359531,1.144203,0.909348,1.260344,1.018800,1.288160,1.255566,0.866572,1.282934,0.866316,1.500199,1.090480,1.121550,1.059789,1.120774,1.391433,1.005641,0.834917,0.814728,1.121982,1.313436,1.314535,0.985940,1.323195,1.316968,1.417618,1.579076,1.563831,1.500324,1.485737,1.484464,0.790197,1.002536,0.994321,1.336537,1.346777,0.859337,1.429198,1.107913,1.111175,1.145029,1.122305,1.287897,0.773474,1.037305,1.436545,0.815597,0.800548,1.057679,1.104048,1.066751,0.784328,0.922752,0.940540,0.957122,1.243206,1.241322,1.292573,1.213009,1.016845,0.948593,0.936895,1.156356,0.953386,1.196862,1.332514,1.057498,1.194354,0.797772,1.039271,1.040544,1.040419,1.037945,1.049165,1.329929,1.042589,1.027633,1.129240,1.127621,0.966021,0.971229,0.849523,1.434510,0.882991,1.124654,0.908583,0.933764,1.676393,1.524168,1.201951,0.957151,0.973035,0.922291,1.118720,0.834627,1.239512,1.228176,0.999262,0.773376,1.145397,1.141068,1.149109,1.182632,1.176090,1.432421,0.881346,1.205265,1.169674,0.672413,1.812820,1.820798,0.810008,1.075755,1.207462,1.195749,1.187462,1.167919,1.410207,0.973709,1.219293,1.274798,1.218737,1.483405,0.970729,1.517147,1.118770,1.353198,0.769787,0.982937,0.951959,0.944156,1.054181,1.061951,1.064777,1.052072,1.076796,0.845485,1.305094,1.304971
Bactrian,0.533349,0.478368,0.527950,0.176854,0.434625,0.435133,0.748975,0.356509,0.973475,0.912795,0.426613,0.466944,0.481001,0.791393,0.526649,0.299400,0.631167,0.573939,0.716879,0.403546,0.615012,0.912252,0.454290,0.393129,1.166233,0.622598,0.793528,2.049392,0.785549,0.905656,0.474524,0.615698,0.401681,0.418413,0.575641,0.479132,0.386541,0.608490,0.456195,0.956672,0.783462,0.452477,0.557156,0.498329,0.727353,0.478535,0.871815,0.246571,0.255523,0.395248,0.389740,0.399927,0.397393,0.419684,0.417829,0.388081,0.561703,0.386933,0.650168,0.573913,0.600323,0.493092,0.420588,0.307072,0.233560,0.293096,0.380297,0.717504,0.629891,0.769272,0.374647,0.516836,0.709095,0.958143,0.480152,0.406751,0.278449,0.837375,0.295933,0.491538,0.675622,1.145223,0.414067,0.323324,0.344705,0.380404,0.580289,0.599725,0.799423,0.492228,0.485224,0.486089,0.800399,0.635491,0.336399,1.471002,1.355433,1.231894,0.527211,0.356446,0.354603,0.370478,0.436961,0.471065,0.531082,0.495541,0.395552,0.601427,0.420264,0.235777,0.675903,0.345674,0.399256,0.647503,0.718890,0.282426,0.494618,0.496187,0.390959,0.567643,0.513984,0.579000,0.526039,0.337707,0.446262,0.515743,0.558560,0.760470,0.629338,0.514129,0.590642,0.590653,0.614896,0.930854,0.468404,0.322577,0.792532,0.521834,0.472252,0.338721,0.351737,0.250570,0.513538,0.705862,0.428380,0.724088,0.235489,0.351490,0.513412,0.343229,0.459402,0.765465,0.548920,0.448059,0.446990,0.658758,0.399943,0.513734,0.270156,0.683620,1.240092,1.599697,0.506208,0.538913,1.045518,0.632399,0.701531,0.416820,0.527347,0.456420,0.568506,0.630145,0.432702,0.434851,0.369665,0.521297,0.191061,0.489712,0.399484,1.218231,2.230852,0.429100,0.405026,0.756705,0.900015,0.624430,0.730776,0.570139,0.312646,0.464879,0.431279,0.447864,0.474812,0.569510,0.664668,0.447377,0.907111,0.399674,0.714623,0.659426
Parthian,0.880370,0.704362,0.728024,0.689591,0.835183,1.689648,0.538544,0.813493,0.837986,0.798752,0.684215,1.118071,1.300076,0.692115,1.797152,1.242477,1.958308,1.059823,1.024362,0.587600,0.934850,0.950394,0.919909,1.031002,2.210713,0.741837,0.947964,0.830326,0.820058,1.188551,0.505170,0.862276,0.535608,0.805498,2.510735,0.852169,0.581314,0.487113,0.680777,0.531032,0.905616,0.700533,0.884112,0.809958,0.839860,0.981227,1.001757,1.573906,0.807665,0.871040,0.792730,1.068635,0.495047,0.989343,1.083913,1.056587,0.582374,1.555428,1.311873,1.159299,0.489478,1.180239,1.117320,0.372566,0.560994,1.019371,0.596247,0.792123,0.538609,0.759114,0.546968,0.647438,0.635655,0.506057,0.802724,1.350686,0.448226,1.027543,0.972438,1.447075,1.079373,0.777198,1.706802,0.577619,1.147883,1.078390,0.573022,1.092962,0.663435,1.576104,2.861362,3.189071,0.918835,1.582756,1.658865,0.615258,0.862404,1.688009,0.803028,0.353135,0.354397,1.138119,2.115545,0.578702,0.286643,2.057720,0.615294,1.020782,1.029298,1.093632,0.858067,1.396606,1.537671,1.925044,0.742481,0.874320,0.743192,0.750770,0.877709,0.594233,1.497230,1.233695,0.912795,0.784765,1.025639,1.906168,1.673604,1.609620,1.019633,0.609925,1.224450,2.532067,1.510158,0.743822,0.901979,0.962530,0.567650,0.894486,1.003909,2.087506,2.651950,0.876003,0.831411,0.969036,0.701370,2.021801,1.512590,0.721005,0.936038,0.586856,0.683917,0.956409,0.627666,1.021090,1.111532,0.425554,3.450775,4.536041,1.050719,0.795899,1.282815,0.882849,0.737829,0.538085,0.808355,0.460730,0.680987,1.655973,1.277905,0.740517,1.073100,1.177584,1.135801,1.480973,0.615568,1.046471,0.607535,0.655508,1.669178,0.922752,0.715755,1.245908,0.492941,1.734867,1.467836,1.928253,1.009660,1.083894,1.244072,1.248056,0.683661,1.673215,0.507480,0.647084,0.623365,0.515589,0.635170,1.332991,0.408810,0.986568
KurdishNBahdini,1.331963,1.144408,1.281976,1.343420,1.874883,1.877961,2.208338,2.265539,2.230086,1.800350,1.028025,1.127556,1.524980,1.637966,1.603321,1.312857,1.340570,1.308752,1.828498,1.224960,1.321386,1.285173,1.274132,1.185868,1.848235,2.000282,1.488557,1.561869,1.564555,1.455102,1.105175,0.840420,2.243087,1.272085,1.003684,1.423957,1.420190,1.287992,1.243690,1.384192,1.406387,1.396407,1.488418,1.144404,0.941980,0.705704,0.687677,1.900880,1.794490,0.993177,1.363307,1.658571,1.777763,1.950513,1.990549,1.849494,1.041106,0.910767,1.119588,1.157259,2.078464,1.632009,1.650217,2.350810,2.354443,2.227457,2.147048,1.427612,1.247012,1.663880,1.640486,1.607696,1.375048,1.622866,1.398374,2.102465,1.446306,1.747708,1.956674,1.441170,1.520850,1.949118,2.667326,1.511429,1.534265,1.731872,1.660693,1.721619,1.742605,1.162537,1.189723,1.205002,1.164691,1.081132,1.085248,1.205763,1.805424,0.879021,1.651746,1.656894,1.664234,1.621093,1.658623,2.023412,1.276566,1.364325,1.368897,1.041512,1.017429,1.499904,1.471803,2.038738,1.807121,1.255516,1.058417,1.449484,1.571118,1.615490,1.854204,1.513825,1.457141,1.639467,1.603142,1.205566,1.332107,1.306808,1.840970,1.768251,1.324584,1.396611,0.982918,0.986638,1.013235,1.103722,1.479302,1.746734,1.114760,1.309825,1.492150,1.843979,1.833665,1.844680,1.819854,1.852314,1.669304,1.341732,1.827765,1.822878,1.960911,1.748976,1.334661,2.093423,2.044663,1.337854,1.346692,1.384082,1.368984,1.379193,1.145936,1.976756,1.971609,1.961654,2.399042,1.864049,1.882216,1.719011,1.814727,2.216905,1.774345,1.297768,2.373560,1.645815,2.409746,2.388930,0.823660,1.713697,1.250655,1.835232,1.516562,1.514818,1.614337,1.775463,1.438367,1.035756,1.461687,1.308149,1.595450,2.199506,1.864727,1.880471,1.856154,1.654402,1.721133,1.472858,1.476023,1.181015,1.375974,0.962053,1.653686,1.625891
KurdishCJafi,0.656800,0.358657,0.491578,0.498747,0.427571,0.505888,1.005050,1.150779,1.413255,0.588969,0.565147,1.283527,0.856938,0.908279,0.618914,0.992419,1.242019,0.826368,1.114901,0.989119,0.869198,0.604722,0.502641,0.945441,0.909837,0.954999,0.484378,0.693051,0.456880,1.249588,1.133527,1.857392,0.468126,0.464537,0.691896,0.793758,0.497038,0.554480,0.578068,0.895080,0.978833,0.526572,0.664166,0.855193,0.785749,0.608060,0.395201,0.529891,0.666562,0.979440,0.634156,0.875794,1.104511,0.920928,0.529998,0.630692,0.938521,1.007758,0.664428,1.704291,1.050322,0.875534,0.675278,0.763611,1.576224,2.102129,1.108739,1.344383,0.759320,1.208648,1.017029,0.753773,0.623044,0.535934,1.235098,1.037657,0.445030,1.436188,0.753965,0.676805,0.928792,0.592149,0.653225,1.345612,1.033989,0.918484,0.729724,0.838260,0.437712,0.570864,0.893775,0.901875,0.707936,0.533258,0.891672,0.644932,0.941761,0.419814,0.759820,0.932760,0.880999,0.466605,0.921080,1.043513,1.238725,0.590739,0.523172,0.728382,1.116051,1.067690,0.779768,1.481237,1.098047,0.332361,0.550205,0.777449,0.926766,0.518303,2.544340,0.527173,1.076143,1.016960,1.179874,0.715208,0.574297,0.859472,1.206807,1.194481,0.977824,0.776656,1.108460,1.083071,1.122882,0.578127,0.826103,0.799536,0.493932,0.705571,0.387762,0.344458,0.928259,0.696570,0.683660,0.734230,0.800992,0.865381,0.900410,0.786132,0.823086,0.764564,0.815060,0.609341,0.617924,1.137307,0.444953,0.496893,0.887691,0.892732,0.530924,0.316523,0.621205,0.807432,0.569650,0.864038,0.852623,0.595983,1.484691,0.916802,0.779551,0.506272,0.700135,0.742948,1.010690,0.923411,0.727308,1.032296,0.929587,0.735704,1.450214,0.954975,1.111332,1.545831,0.432051,0.740674,0.656636,0.911888,0.836512,0.769419,0.516485,0.414340,0.658114,0.709312,0.961168,0.731783,1.124643,0.812775,1.221639,0.450926,0.840292,0.914958
KurdishSElami,1.016293,1.397817,1.146372,1.090946,1.392747,1.704924,1.427417,1.286708,1.379126,1.266644,1.691056,0.962620,1.943250,1.358314,1.464122,1.767963,1.978650,1.490185,1.876327,1.618743,1.084979,0.801492,0.802695,1.390664,1.052216,1.518257,1.157991,1.179232,1.094026,1.440151,1.156422,1.901918,2.635420,1.877963,1.866394,1.473764,1.435506,0.757163,0.754742,0.916629,0.972939,1.508348,1.222319,1.213241,1.115872,1.037552,0.796927,1.532778,1.577286,1.495255,1.866534,1.875227,2.386798,1.427083,1.426750,1.620348,1.262052,1.747807,0.927907,0.805368,1.398373,1.581378,1.788075,1.038170,1.698881,1.322005,2.079840,0.732635,1.543977,1.578023,1.929029,2.248187,0.771773,1.472746,1.698782,1.912685,0.828331,2.232062,1.151785,0.680673,0.558867,2.155701,2.066911,1.798499,1.942147,1.848007,1.765845,1.123812,0.676987,1.009766,1.019617,1.006909,1.481225,1.273279,1.239199,1.819762,1.878356,1.449585,1.198095,1.192355,1.195251,1.233965,1.321457,1.125319,1.222225,1.438472,1.360497,1.361837,1.077918,1.437156,2.208735,1.396048,1.897918,1.525159,1.155292,1.026084,1.499178,1.518794,1.045138,2.266524,1.405698,1.545265,1.437625,0.992235,1.957327,1.899943,2.542702,1.661364,0.966591,1.064550,1.776486,1.814437,0.878792,1.111543,1.060067,1.195849,1.153069,1.399538,0.580888,1.022113,2.478000,2.931415,1.795851,1.185884,1.324388,1.258972,2.437246,1.439483,1.189219,2.413901,1.100914,1.683092,1.584683,1.742321,1.801205,0.944882,0.915023,0.909693,1.069295,1.311606,1.669987,0.955827,1.438512,1.075205,0.803261,1.431077,1.240837,1.568420,2.640233,2.115747,1.977362,1.986473,1.573593,1.639345,0.997222,1.037000,1.756625,1.588206,0.985533,1.345437,2.829792,1.734383,1.328241,2.054272,1.373014,1.790949,1.384565,1.295913,0.876168,1.173699,1.748228,0.940746,1.981300,0.985625,1.768169,1.243994,2.304040,1.407072,1.418296,0.929381
KurdishSQorveh,0.655899,0.960142,0.902771,0.904964,1.247824,1.221594,1.532935,1.381824,1.700880,0.997971,1.512954,0.704574,0.815892,1.363661,1.167456,1.266323,1.690659,1.692501,1.430904,1.049860,1.445495,0.815445,0.653407,0.865731,0.974039,1.224222,0.846928,1.173863,1.086400,1.389365,0.796831,1.087962,2.136503,1.108694,1.176019,1.059675,0.942709,0.830336,1.137360,1.518305,1.219259,1.180786,0.858289,1.109744,0.845039,0.994873,0.627072,1.439183,1.243015,1.148911,1.748596,1.756739,1.541325,1.518563,1.518208,1.038804,1.064813,0.847006,0.783509,1.432344,1.211643,1.563310,1.571528,1.127886,1.176926,1.734778,1.312127,1.537257,1.178205,1.440634,1.804995,1.250603,0.772465,0.655365,1.668948,1.121075,0.734954,2.426126,0.823337,1.441984,0.900107,1.905306,1.826829,1.133105,1.544040,1.469197,1.112573,0.726174,0.857893,1.112719,1.070073,1.056736,0.869403,0.800682,0.779252,1.096904,1.424906,1.122300,1.070526,0.566367,1.044392,1.036344,0.960375,0.794781,0.809141,1.195507,1.033671,1.205922,1.138409,1.083584,1.632114,1.079274,1.860175,0.750112,0.786330,0.683556,1.227750,0.925737,1.392806,1.586070,1.361797,1.418198,0.856919,1.054429,1.465121,1.422167,1.827801,1.214515,0.567514,0.857543,1.250704,1.277423,1.362050,0.422434,0.725827,0.938056,1.227649,0.960059,0.744822,1.043188,1.991699,1.712551,0.909549,0.695805,1.001568,1.043251,1.390972,1.334427,0.785479,1.708793,1.283449,1.700985,1.096816,1.572478,1.531814,0.971858,0.962912,0.957303,1.439681,0.933193,1.169894,0.948356,1.001549,1.002752,0.993660,1.104096,1.118720,1.118163,1.475008,1.467078,1.685728,1.693496,1.254329,1.221809,0.793838,0.816017,1.207202,1.454297,0.931648,1.384239,1.645820,1.439930,0.785126,1.317197,1.535734,1.199151,1.060118,0.901063,0.629878,0.802319,0.963538,0.802123,1.724616,1.105450,1.085823,1.647117,1.276352,0.792611,0.920867,0.935847
Hawrami,1.221973,0.740482,0.710423,1.146378,1.135294,1.096403,1.514768,2.355005,2.552023,1.105903,1.059457,1.606741,2.507229,1.365637,1.155631,1.822011,1.707577,1.766821,1.558591,1.320271,1.562659,0.777216,1.108555,2.057352,1.490417,1.468643,0.936328,0.960420,0.955601,1.793720,2.609008,2.620053,1.333417,1.051047,1.304975,1.229732,0.932939,1.432855,1.502765,1.530492,2.238045,1.149638,0.912656,1.176830,0.950271,1.485597,1.059976,1.245802,0.927160,1.120561,1.238638,1.214362,1.117821,1.197878,1.209134,1.356378,1.726698,1.543380,1.317308,2.291081,2.075540,0.963056,0.825576,1.566743,2.884789,2.892669,1.318767,1.680666,2.195692,3.265164,1.686289,1.793357,1.239871,1.325043,1.972730,2.307370,0.700571,1.180475,1.313128,1.350804,1.615301,1.803615,2.390284,1.557642,1.443562,1.066652,1.133664,0.835670,0.838805,0.987540,0.949019,0.957619,1.394203,1.824709,1.766546,1.146773,2.106826,0.855229,1.201452,1.740208,1.643640,1.600248,1.746702,1.425063,2.000347,1.170638,1.202567,1.037139,1.595967,0.863132,1.841747,1.867858,1.326442,0.921753,1.021676,1.245755,1.123482,1.092704,3.539315,1.275889,1.461619,1.618385,1.753513,1.446808,1.511610,2.182678,2.297608,2.498374,1.493755,1.319561,1.781465,1.740662,1.765316,1.358612,1.488770,1.479527,0.825184,0.726458,0.923200,0.948640,1.170855,1.180947,1.466687,1.564214,1.707264,1.686929,1.804721,1.805668,1.554260,1.495125,1.099389,1.037763,1.390752,1.492512,0.957683,1.084085,1.032347,1.038210,1.213883,1.246909,1.189009,1.371882,1.639963,1.168906,1.467861,1.491630,1.422375,1.742477,1.422186,0.921645,1.205310,1.279015,1.267886,1.306895,1.161747,1.524677,1.309306,1.317874,1.875175,1.787167,2.558277,3.562018,1.404564,1.001036,0.917316,2.319382,1.881447,1.876025,0.882584,1.018269,1.083726,1.168034,1.689569,2.665858,2.521833,1.107721,1.144790,0.830967,2.118973,1.133076
RajiBarzoki,0.681274,0.387689,0.377718,0.955082,0.692508,1.107201,0.782710,0.797292,0.525852,1.039794,0.662399,0.539227,0.589470,0.447834,1.062608,0.739615,0.948885,0.926641,0.905561,0.753468,0.706899,0.679177,0.668730,0.930912,0.763492,0.777401,0.548466,0.491692,0.391036,0.737179,0.877921,0.595248,0.861033,0.640128,0.633270,0.701778,0.542231,0.925399,0.693709,1.252835,0.854450,0.916099,0.555942,0.932403,0.998144,0.546559,0.422748,0.792881,0.712414,0.660738,0.612101,0.621040,0.684036,1.067585,0.750254,0.664107,0.845018,1.093009,0.824291,0.696971,0.550692,0.686651,0.696755,0.988544,0.975686,0.798238,0.701466,0.820660,0.552785,0.848654,0.841201,0.642798,0.487603,0.505254,0.621782,1.095567,0.696777,0.925106,0.647349,0.696263,0.691691,0.782761,0.636270,0.810268,0.653876,0.573612,0.783025,0.665604,0.679250,0.740634,0.725026,0.741635,0.862959,0.403605,0.404204,0.619368,1.099505,0.644277,0.596630,0.695732,0.691885,0.724063,0.817587,0.823472,0.655774,0.790149,0.577686,0.601057,0.673616,0.648591,0.522196,1.083441,1.206074,0.608831,0.590187,0.677400,0.861998,0.470572,0.459790,2.048788,0.658666,0.562042,0.499719,0.542419,0.524470,0.442612,0.611468,0.595298,0.874660,1.190008,0.770139,0.770998,0.825518,0.653974,0.682937,0.683938,0.731166,0.542693,0.584484,0.588293,0.766700,0.681807,1.392184,1.075038,0.949178,0.662053,0.838028,0.832435,0.741445,0.799481,0.827340,0.820906,0.609340,0.482132,0.509439,0.636027,0.508607,0.502530,0.445926,0.664548,0.645994,0.785172,1.199505,0.649108,0.395511,0.505868,0.931768,1.102410,1.424464,1.063751,0.685411,0.497361,0.882242,0.715954,0.652537,0.729125,0.788513,0.469522,0.938293,0.860590,1.141620,0.585166,0.699855,0.773132,0.858444,0.717563,0.966302,1.035793,0.728384,0.970412,1.044387,1.069872,0.817108,0.716597,0.722458,0.947744,0.873870,0.794431,0.659406,0.664513
Tati,0.565151,0.473510,0.818646,1.076449,0.586439,0.593486,0.772948,0.585445,0.774279,1.354848,0.811919,0.550772,0.636557,0.692920,0.686079,0.673834,0.683492,0.836757,0.686361,0.339049,0.528734,0.797200,0.622243,0.671911,0.788554,0.637630,0.474009,0.644146,0.634034,0.635195,0.718861,0.831773,0.765525,0.551685,0.472972,0.490091,0.495668,0.602530,0.943334,0.902875,0.946309,0.395879,0.609784,0.769298,0.850149,0.588703,0.559306,0.636010,0.700568,0.687788,0.549272,0.558872,0.431412,1.216714,1.229748,0.571651,0.570886,1.116924,0.526354,1.200449,1.094426,1.048013,1.145256,0.755959,0.752875,0.630850,0.571419,0.547485,0.557796,0.786381,0.535927,0.616281,0.386735,0.671705,0.575416,0.871552,0.991068,0.715600,0.688650,0.665022,0.616283,0.884023,0.691275,0.420717,0.413946,0.487875,0.671091,0.631781,0.650322,0.615445,0.990831,0.994779,0.847941,0.411735,0.412079,0.562055,0.554063,0.645563,0.698422,0.708608,0.725481,0.514065,0.813906,0.861517,0.540220,0.793286,0.515792,0.344091,0.415656,0.575256,0.534986,0.772375,0.631596,0.710441,1.409178,0.871433,0.993139,0.976812,0.470039,1.601273,0.647467,0.681311,0.762284,0.616869,0.596876,0.612699,0.571889,0.506753,0.825949,0.714388,0.764666,0.777075,0.728667,0.985939,1.001625,1.089481,0.809409,0.415160,0.452513,0.621905,0.534171,0.921601,0.960612,0.909098,0.686114,0.573420,0.574065,1.090232,0.713139,0.834591,0.516509,0.459895,0.521120,0.411728,0.900010,0.993443,0.571186,0.576899,0.678160,0.531997,0.728849,1.201727,0.592416,0.577909,0.486932,0.545305,0.881116,0.900511,1.340763,0.940592,0.610152,0.579048,0.969636,0.640861,0.458345,0.946370,0.931382,0.495013,0.537102,0.648381,1.530281,0.671551,0.734486,0.642354,0.498516,0.677738,0.955068,0.737640,0.834816,0.731513,0.585298,0.594118,0.598902,0.776766,1.530068,0.913328,0.788724,0.780097,0.619210,0.822410
Mazanderani,0.778867,0.878484,0.955057,2.172423,1.357570,1.357400,1.222406,1.026383,0.994396,2.034165,1.096733,1.019891,0.684305,1.957042,0.928292,0.940575,0.998647,1.412939,0.997258,1.271075,1.046859,1.059006,1.376312,1.372232,0.930488,1.603760,0.895353,0.910961,0.896661,1.404046,0.915131,1.166288,1.180605,0.923795,1.043859,0.969665,0.666672,0.861541,1.420468,1.750223,1.452119,0.998695,0.587740,1.889689,1.288170,0.909587,0.725264,0.792142,0.950181,0.948379,1.091633,1.110712,0.772064,2.034573,2.056368,0.783572,0.897435,1.458988,0.751353,1.349770,1.623300,1.247961,1.342532,1.387519,1.393015,1.084128,1.301461,0.789577,0.964947,0.781088,1.386051,0.915846,0.884952,0.891064,0.901449,0.993443,1.588309,1.149323,1.029479,1.190996,0.831549,1.523137,1.188658,0.767859,0.800769,1.165668,0.950890,0.908369,1.254264,1.360149,1.352010,1.357397,1.496989,0.599875,0.603861,1.070865,1.061716,0.795614,1.079445,1.010188,1.057139,1.376859,1.223803,1.457537,1.008018,1.458317,0.652389,0.608808,0.931163,0.914020,0.814735,1.447029,0.947780,0.990646,1.957336,1.325524,1.701525,1.673552,0.694018,1.828351,1.141998,1.015532,1.041714,0.937133,0.869057,0.858434,1.043239,0.808794,1.592156,1.392761,1.054856,1.079402,1.222644,1.895248,1.586458,2.304138,1.322211,0.883815,0.893482,0.911276,1.372387,1.449604,1.133184,1.093466,1.107590,1.266015,0.889971,1.529019,1.221261,0.999956,1.365568,0.917900,0.728469,0.779240,1.490880,1.368676,1.133088,1.144422,0.880795,1.001554,1.215051,1.775251,0.946138,1.028299,0.671335,1.008255,1.426797,1.473317,1.707211,1.182806,1.227071,1.164517,1.924272,1.038989,0.723367,1.743999,1.351671,0.989203,1.540087,1.111275,1.998363,0.978043,1.042296,1.748633,1.704500,1.344398,1.060786,1.322788,1.087069,1.047399,1.041162,1.092354,1.572464,1.636602,1.406979,2.119212,1.725440,1.073825,0.848373,0.805967
BalochiSistani,0.825248,0.971102,0.976531,2.528004,0.950322,0.953610,0.795015,0.896250,0.875737,1.003064,1.129841,0.880539,0.659279,0.685543,0.551684,1.140039,1.115574,0.894214,1.244015,0.870418,0.858297,1.061875,1.073526,0.787076,0.913512,0.781128,0.668352,0.588483,0.579744,0.878004,1.394733,1.408179,1.328486,1.304713,0.832943,1.649049,0.556978,0.549691,0.804712,1.052221,0.819091,1.041230,0.958915,0.904626,0.757831,0.680104,0.639567,0.927482,1.091904,1.108142,0.988233,1.001016,1.056848,0.790447,0.783915,0.590608,0.545013,0.611376,1.202338,1.240277,1.181063,1.257590,1.015905,0.856674,0.859424,0.860902,0.886090,1.072065,1.153379,0.981908,0.795916,0.799394,0.783252,1.409034,1.211538,0.843378,0.614895,0.896242,1.042182,1.103125,0.793659,0.862605,0.877865,0.590954,0.587058,0.598929,0.553606,0.654365,0.656829,1.078020,1.108285,1.106586,0.998264,0.507953,0.796737,0.858449,0.643961,1.250107,0.876085,1.273029,1.269716,1.235470,1.209682,1.183081,1.165106,1.074798,0.710621,0.902833,0.909871,0.845910,0.858289,0.858025,0.834806,1.095146,1.012302,0.872062,0.780333,0.770365,0.958190,1.385373,0.989831,0.610305,0.987237,0.807233,0.805863,0.786025,0.752878,0.762599,0.629282,0.801895,1.128226,1.121528,1.647129,0.705094,0.725558,0.680805,0.821682,0.756312,0.976547,0.974725,0.873143,0.904869,0.928896,0.944191,2.016418,1.251037,1.230887,1.225336,1.183648,1.070761,1.052042,0.953975,0.922773,0.898528,1.161482,0.756722,0.999921,1.003422,0.880002,0.950236,0.946223,0.964481,1.370653,1.105100,0.726265,0.701215,0.902097,0.948542,0.688470,0.719645,0.710720,0.703704,0.768775,1.059490,0.956759,1.005792,0.873408,1.059397,1.023553,0.887853,1.181963,1.354157,0.790854,1.300826,0.782932,0.918600,1.088428,1.711143,1.131349,1.127599,1.136167,1.131732,0.832653,1.460909,1.463151,0.807716,1.397477,0.976966,0.708532,0.975443
OsseticIron,0.753604,1.169544,0.372740,0.968910,0.725320,0.713198,0.535965,0.497025,0.499841,0.579634,1.007661,0.960511,1.568349,2.641354,1.164412,0.765962,0.302178,0.770961,0.450285,0.903311,0.884914,2.114551,1.588502,0.652990,1.099334,1.204870,0.768183,2.033929,1.257607,1.394213,0.679469,0.705551,1.348173,0.446505,1.020756,0.542525,0.578621,0.740088,0.677502,1.086818,1.507039,1.557898,1.306543,1.291147,0.840136,1.298169,0.534550,0.286691,0.943304,0.802351,0.695551,0.524637,1.163516,0.565425,0.548217,1.893739,1.326172,0.446008,0.941983,0.707701,1.413895,0.834299,0.784857,1.285123,1.661018,1.188885,0.439205,0.693052,0.870211,0.623206,0.788105,1.663928,0.706200,1.000284,0.907355,0.784300,1.446893,1.208076,0.544658,0.311255,0.650790,2.069418,1.016698,1.993640,1.366068,1.337715,0.587505,0.758895,0.573463,0.619385,0.563555,0.893438,0.543966,0.743543,0.708020,1.335722,0.870882,1.472062,1.679078,1.341842,2.045977,1.744345,1.378127,0.519013,0.350522,0.742940,1.180331,0.792199,0.871587,1.213067,0.710786,0.959949,0.890802,0.449169,1.698657,0.650403,0.684613,0.679470,1.084839,1.326338,1.359907,1.028019,1.407739,1.109717,0.758238,0.788021,1.531430,2.888458,0.610774,0.607406,2.447119,2.756888,1.231680,0.937003,1.414609,0.606945,0.666950,0.614695,0.772282,0.857679,1.028816,0.499641,1.307901,1.664762,1.011259,1.726559,0.447481,0.393274,0.774284,1.036056,1.174358,0.415829,0.498169,0.695872,0.749089,0.891040,0.984375,1.016066,0.909484,0.890556,1.408648,0.634018,0.605573,0.728255,0.493847,1.051341,0.981736,0.545679,0.729730,1.154205,0.996511,1.008535,1.434062,1.093043,0.714186,0.713982,0.441963,1.611299,1.374243,0.524380,0.613436,0.903089,0.988568,0.957276,0.681114,1.866142,0.995304,0.461687,1.322775,1.068278,1.095198,0.845468,1.467028,0.647978,0.683684,1.650988,1.113953,0.535336,0.567950,0.833161
OsseticDigor,0.919021,0.860504,0.667729,1.639374,0.431942,0.198021,0.849870,0.543264,0.462266,3.128921,1.383020,0.409210,0.702496,0.602728,2.143306,0.808848,0.790718,0.579010,0.612519,1.331903,1.096200,1.613697,2.524548,0.277560,0.346555,0.770366,1.163478,0.962968,0.668953,0.510773,0.788561,0.948605,0.524176,0.745333,0.812319,0.543658,0.987779,0.479707,0.747082,0.967353,1.144503,0.566286,1.110647,0.688196,0.915113,0.747468,0.383224,0.979276,0.746118,0.857087,0.512803,1.131448,0.810883,0.212220,0.205761,1.082552,0.362096,0.328725,1.137818,0.627623,0.533299,0.946831,0.846444,0.380510,0.343431,0.366298,0.442737,0.450045,0.343244,1.420878,1.268185,0.792654,0.338552,0.624006,0.938064,1.065840,0.656950,0.889350,0.405742,0.475298,0.745630,1.043782,1.677455,0.449665,1.776809,1.949752,0.526309,0.660676,0.515954,0.627710,0.738029,0.720636,0.425190,0.756249,0.345151,0.532391,0.543704,0.682278,0.586453,0.373012,0.878379,0.913470,0.691197,1.465095,0.836686,1.611073,0.761100,1.024773,1.020815,0.995972,1.063175,0.774117,1.470812,0.452309,0.512230,0.720942,0.869261,0.862730,0.433707,1.756943,0.480943,0.648321,0.648398,0.627643,0.976086,0.613374,0.520375,1.292042,0.322913,1.064547,3.206487,1.783201,1.351551,1.328663,0.594149,0.259934,0.837730,0.929528,0.549766,0.649386,1.897749,0.813157,0.640542,0.691192,0.544747,0.852676,0.500957,0.321226,0.512507,1.289769,0.765177,0.625569,1.061719,0.809026,0.469173,0.627943,0.490146,0.505926,0.671435,0.707686,1.708976,0.871171,0.901972,0.996970,0.828980,0.789467,0.800511,0.372427,1.415912,0.537777,0.578080,0.585055,0.614466,0.842206,0.730465,0.561573,0.577635,1.284194,0.555931,0.933172,0.766039,1.035816,1.675094,1.020654,0.680002,0.873348,0.748349,0.961491,2.020117,1.126006,1.266445,0.647901,1.415950,0.446699,1.043125,0.838069,1.243356,0.667189,0.369304,0.637272
OldPersian,1.395050,0.719593,1.402839,1.420642,0.965180,0.437313,1.583672,1.041137,0.540053,0.446131,1.663387,0.930515,1.430612,0.708345,0.863986,1.209762,0.569119,1.330842,0.616613,0.371130,0.567371,0.699793,0.348574,1.595870,1.489148,1.479381,0.775994,1.926507,1.374710,0.999353,1.290661,1.011050,0.737212,0.977210,0.663664,0.735975,0.574963,0.799926,1.305877,1.204329,0.511748,1.281697,0.929095,0.574243,2.130459,2.678957,3.009101,0.600797,0.906382,1.753520,0.921328,0.966039,0.840209,0.937506,1.450907,1.047182,0.868528,0.975582,0.785716,1.600762,0.922390,1.773090,0.699643,1.239294,0.537000,0.988529,1.468807,0.797160,0.521360,0.847832,1.547820,0.989488,0.611370,1.025888,0.551500,1.189326,0.434611,1.004923,1.909714,0.958424,0.569064,0.762383,0.474264,0.524570,0.625551,1.288339,0.569035,0.799816,0.846925,2.184181,1.016711,1.036717,0.946496,1.259761,1.287775,0.835445,1.375260,1.603319,2.817467,0.922494,0.702773,1.311822,0.821260,0.503769,2.412363,2.783170,0.671511,0.795409,0.752934,1.576853,0.896070,1.794751,1.088039,0.983462,0.825944,0.928543,1.653669,1.556190,1.014610,1.059671,0.966825,1.866449,0.422382,1.967988,0.929848,0.640511,1.870844,0.955493,1.848533,0.838781,1.350434,1.404810,1.236675,0.816392,1.022718,0.902907,1.260500,1.106378,0.971851,0.811724,1.008249,1.152565,0.526608,1.245340,0.907467,1.669163,0.469207,0.662946,0.678342,0.835549,1.095776,0.489101,1.369403,0.879196,1.365524,0.815693,1.023106,1.095645,0.996077,1.036693,1.413490,0.928180,1.211288,0.802046,0.604855,1.047220,1.489894,1.825824,3.012623,1.090440,0.847843,0.886979,1.314892,1.413762,0.725602,0.881629,0.827777,0.651184,1.342547,0.494269,1.937939,1.567929,0.601134,1.600884,3.352114,0.774612,1.579867,1.164731,0.612792,0.622143,0.749077,0.803582,0.517860,2.058295,0.792509,1.041076,0.896048,0.810438,0.623117,1.038161
MiddlePersian,0.642140,0.651293,0.571610,0.957277,1.278358,0.767594,0.559700,0.678432,0.651032,0.757325,0.457881,0.598498,1.146464,0.620215,1.701402,0.984238,1.169411,1.419433,0.405300,0.480979,1.257724,0.663778,0.659803,0.736499,0.839400,0.378534,0.529110,0.810413,0.836971,0.540191,0.537056,0.845495,0.926074,1.042309,1.409146,0.801675,0.649849,0.681498,0.895057,0.915392,1.305097,0.671358,0.708468,0.527149,0.915249,1.001867,1.102741,0.881054,0.455650,1.038211,0.892436,0.657079,1.766973,0.545686,1.070422,0.372928,0.626392,0.674135,0.511557,0.691991,0.637251,0.822905,0.796659,0.754450,0.309699,0.457836,1.027076,0.882012,0.426484,0.706242,0.664797,0.454293,0.673650,0.758016,0.894355,2.141453,0.513832,1.082979,0.931631,0.650986,0.754879,0.723447,0.963686,0.538767,0.442257,0.446115,0.889892,0.648773,1.007564,0.909011,3.371137,3.202252,1.084117,1.354053,1.260907,0.795747,0.520616,1.679551,0.865805,0.612101,0.518735,0.635749,0.496499,1.090388,1.142248,1.098488,0.433759,1.176162,0.582768,2.669905,1.395125,0.474246,0.787133,0.971472,0.930429,0.503278,0.998965,1.007077,1.401248,0.733488,1.546294,0.668043,1.150646,0.839672,0.471336,0.880133,0.794683,1.300606,0.864976,0.577543,0.668062,0.665143,1.218237,0.780135,0.886337,1.795650,0.969014,0.989836,1.053191,1.589175,1.188394,1.039900,0.950202,0.792900,0.742593,1.119243,1.266760,1.323943,0.864158,0.862923,0.613168,0.467959,0.844345,0.718493,0.581953,1.264142,0.920273,0.965313,0.802601,0.437971,0.941415,1.647936,0.966008,0.867961,0.538988,0.385975,0.561528,0.881495,0.811517,0.587058,0.599059,0.606933,1.410325,1.132442,0.631397,1.180285,0.936695,0.852184,0.942650,0.424874,0.551714,0.690286,0.601356,0.827524,0.949312,1.553357,1.235232,1.004479,0.989464,0.558928,0.797196,1.078491,0.547797,0.649356,0.623628,0.468884,0.764287,0.797827,0.798529,0.643623
PersianTehran,0.406172,0.499363,0.689109,0.761391,0.431511,0.436673,0.624515,0.415462,0.628523,0.824074,1.024525,0.382416,0.838618,0.322382,0.512488,0.562496,0.506817,0.507829,0.610917,0.455418,0.474941,0.481337,0.493152,0.514547,0.812152,0.399755,0.495678,0.380179,0.792603,0.542637,0.768799,0.508059,0.929679,0.496984,0.982032,0.383948,0.465796,0.350828,0.511980,0.465966,0.593587,0.584334,0.459821,0.593598,0.567776,0.495001,0.601185,0.450874,0.882269,0.617992,0.600829,0.616296,0.334927,0.372610,0.369611,0.617057,0.485248,0.591283,0.533599,0.485196,0.604185,0.522797,0.551479,0.316604,0.320012,0.286719,0.320314,0.319810,0.518212,0.572363,0.760511,0.623706,0.642576,0.782073,0.578487,0.702693,0.379854,0.431733,0.450237,0.739923,1.025983,0.363464,0.670202,0.515639,0.338348,0.427899,0.321228,0.333024,0.560023,0.450399,0.354225,0.357154,0.418138,0.416264,0.640013,0.591602,0.457330,0.409993,0.419255,0.831054,0.813334,0.844597,0.470306,0.545853,0.430828,0.543536,0.417312,0.414548,0.811242,0.572078,0.484201,0.475516,0.924367,0.629952,0.508769,0.434770,0.829814,0.549692,0.440619,0.572917,0.641515,0.635789,0.655694,0.431471,0.469367,0.760891,0.400670,0.378349,0.438546,0.555485,0.480459,0.482325,0.795625,0.535785,0.623430,0.417549,0.539187,0.469252,0.344059,0.722240,0.701983,1.002630,0.724585,1.117321,0.576696,0.796914,0.691088,0.750541,0.636579,0.529654,0.769387,0.589892,0.510230,0.553769,0.502550,0.697642,0.379499,0.376794,0.454023,0.314494,0.335826,0.461526,0.354427,0.435959,0.273268,0.333150,0.818100,0.686052,0.944168,0.770829,0.684206,0.666823,0.602864,0.729466,0.394716,0.487025,0.580311,0.886443,0.732700,0.489066,0.499966,0.797616,0.550656,0.674925,0.639827,0.697991,0.709797,0.527676,0.642598,0.649032,0.744225,0.746428,0.596532,0.785542,0.769127,0.582883,0.663233,0.563281,0.544901,0.487522
Bakhtiari,0.513039,0.738017,0.546373,1.251974,0.733686,0.763461,0.638929,0.989598,0.563675,0.991389,1.366636,0.487086,0.713784,0.361133,0.776880,0.798764,1.107779,0.996630,0.587530,0.713788,0.679940,0.737778,0.747218,0.780294,0.812161,0.661698,0.481281,0.938889,0.922074,0.628288,0.512006,0.705789,0.935892,0.700356,1.040788,0.649583,0.620796,0.822475,0.696395,0.489094,0.763770,0.747570,0.465268,0.647736,0.632305,0.800551,0.985119,0.847232,0.997776,0.651606,0.623850,0.921955,0.489510,0.442698,0.443868,0.544952,0.704006,0.726105,0.811225,0.788804,0.604545,0.597750,0.849101,0.688254,0.679594,0.539144,1.242719,0.677786,0.476891,0.604279,1.205349,0.947234,0.763251,0.853583,0.891574,0.541534,0.393327,0.417050,0.773332,0.841430,0.851173,1.189490,0.745177,0.431922,0.701558,0.451016,0.536330,0.772338,0.660967,0.952933,0.926868,0.946321,0.501109,0.576780,0.629261,0.796436,0.996734,0.501566,0.982647,1.020182,0.998430,0.724876,0.672449,0.797873,0.553266,0.654414,0.876009,0.902864,0.803987,0.545027,0.468215,0.858491,0.911121,0.594445,0.495448,0.579054,1.040815,0.754022,0.942338,1.280056,1.025565,0.988873,0.394520,0.527302,0.699693,0.679360,0.503293,0.552894,0.621767,0.802515,0.716502,0.708555,0.813669,0.708871,0.770744,0.596177,0.651452,0.638649,0.504159,0.662338,1.077700,1.141247,1.174112,1.235135,0.938373,0.956096,0.975147,0.916790,1.079023,0.757289,0.750704,0.783471,0.703399,0.749741,0.598958,0.912824,0.539491,0.532181,0.868414,0.679262,0.530586,0.793865,0.916929,0.370918,0.656763,0.578204,0.912778,0.727783,1.113368,1.058723,0.950905,0.978041,0.948996,0.962131,0.531045,0.567739,1.032019,0.770083,0.576464,0.558358,0.980622,0.808439,0.859778,0.655047,1.051052,0.712055,0.764856,0.597481,0.857880,0.887820,1.607141,1.245424,0.696683,0.730633,1.243142,0.738258,0.795984,0.616260,0.866772,0.977980
Delvari,0.699250,0.473601,0.554707,1.000994,1.004393,0.973022,1.031637,0.672516,0.853024,0.809901,1.769558,0.477090,0.892750,0.575132,0.743427,0.670515,0.939809,0.855152,0.518106,0.978365,0.953185,0.936793,0.918724,0.829009,0.818998,0.484838,0.450287,0.872349,0.877375,0.733734,1.051082,0.802985,0.438109,1.176769,0.935127,0.689197,0.587535,0.738435,0.587128,0.629048,0.860984,0.684461,1.150512,0.795892,0.789227,0.849573,0.686061,0.488255,0.762974,0.862295,1.073543,0.651650,0.666899,0.463304,0.888988,0.659444,0.707122,0.764803,0.681736,0.616508,0.891502,0.616711,0.607857,0.892759,0.917734,1.750623,1.906926,0.870364,0.837447,0.764455,1.844130,0.591303,0.672104,0.575612,0.761514,1.016243,0.790913,0.908727,0.492404,0.915096,0.965635,1.955144,0.925837,0.947752,0.638647,0.427207,0.502413,0.502066,0.632400,0.853099,0.935846,0.920067,0.897425,0.676446,0.666789,1.161130,1.129652,0.565109,1.347013,0.605280,0.602335,0.613346,1.381510,0.608398,0.510957,1.186389,0.766702,0.865749,0.834416,0.805330,0.437448,1.075734,1.257971,0.719492,1.058764,0.489868,1.028382,1.545367,0.796887,0.845947,1.036483,0.854190,0.918912,0.466040,0.884765,0.600150,0.552308,0.798970,0.740680,0.703383,0.447396,0.648914,0.602403,0.585960,1.251562,0.900870,1.190461,1.330190,0.493813,0.821410,1.082567,1.265561,1.394360,1.380102,0.776960,1.145325,0.729882,1.433275,1.098754,0.553142,0.865126,0.782877,1.063485,1.038913,1.442744,1.136494,0.669640,0.672019,0.934292,0.750705,0.750606,0.700377,1.236469,0.853991,0.788985,0.444236,1.631935,0.582009,1.428770,1.348724,0.850331,0.901134,0.870021,0.856805,0.791465,0.763852,0.662475,0.540440,0.910792,0.713430,1.351969,0.930135,0.746360,0.812270,1.184310,0.690721,0.767903,0.749352,1.713171,1.504366,1.569309,0.725941,0.593835,1.156999,1.094088,1.544902,0.712469,0.848801,1.164910,1.098814
Lari,1.142861,1.165912,1.014821,1.747471,1.784185,1.728458,1.913162,1.194969,0.957651,2.353745,2.100086,1.375829,1.456323,1.254378,1.417369,1.629987,1.484663,1.863599,1.650341,1.700171,1.658878,1.787402,1.752926,1.858112,1.504478,1.010883,1.401623,1.475305,2.217281,1.872513,1.814682,1.608370,1.330588,1.640975,1.322291,1.552834,1.708862,1.016141,1.136006,1.217113,0.948984,1.434792,1.205680,1.415572,1.348914,1.432204,1.589823,1.402671,2.445790,1.573643,1.482562,1.065946,1.311066,1.369616,1.354347,1.124555,1.205861,1.773046,1.232700,1.444161,1.414173,0.994023,1.095105,1.073091,1.724016,3.709793,2.529120,1.647184,1.419568,1.803290,1.760460,1.469322,1.526413,1.313605,1.168820,2.050463,1.569416,2.093962,1.852074,1.987456,1.555500,2.694659,1.430053,1.795902,1.026408,1.022818,1.104944,1.430900,1.378547,1.937413,1.331927,1.309471,1.522682,1.376303,1.356656,1.808908,1.892118,1.417885,2.509208,1.335749,1.329250,1.353550,1.514580,1.009124,1.226197,2.198650,1.753917,1.830950,1.285631,1.184840,0.995073,1.266522,1.712117,2.059311,1.978393,1.070671,1.812657,2.228772,2.533073,1.575482,1.452463,1.885816,1.069272,1.147306,1.341850,1.319719,1.075992,1.122488,2.006899,2.188340,1.376083,1.340601,1.244515,1.117934,1.924367,1.638218,1.357100,2.862574,0.904059,0.972478,1.859239,3.003572,2.315569,2.928867,2.409709,1.364380,2.071309,1.997112,2.026699,1.311140,1.714780,1.686153,1.358174,1.973023,2.231030,2.065555,1.074222,1.078038,1.369699,2.736527,1.870284,1.026738,1.175699,1.468010,1.492720,0.854240,2.809844,1.110133,3.190873,2.277740,1.621970,1.718875,1.535378,1.512055,2.588687,1.806447,1.182259,1.651199,1.617659,1.676936,2.759427,2.299696,1.791480,1.897273,1.694830,1.461145,1.559849,0.972423,3.119983,2.475052,2.232266,2.084159,1.401322,2.335179,3.230351,2.185612,1.079740,1.562666,1.926608,2.485587
Kumzari,1.438206,1.479803,2.436681,3.253643,1.722797,1.717397,1.993062,2.029857,2.005099,1.739128,2.494421,1.921559,1.184082,1.247328,1.965001,1.904964,1.858850,2.916461,2.511143,1.909416,1.317708,1.352003,1.340118,2.250916,2.019281,2.106292,2.288026,2.747355,2.669211,2.279485,2.723878,2.498453,2.373894,2.119299,3.025087,1.977045,1.864382,1.905951,1.062704,1.046202,1.444954,1.457676,1.506869,1.662473,2.175562,1.565473,1.595221,1.874893,0.961458,1.427262,1.714571,1.725849,1.772202,1.732362,1.721730,1.755130,1.300023,2.385376,1.567701,1.738056,1.652650,1.832078,1.831880,1.952724,1.925169,1.995127,2.978084,2.059673,1.582782,2.546019,3.858652,3.641130,1.411415,1.855479,1.967352,1.730148,1.396864,2.083466,1.952591,2.255886,2.131006,2.086545,2.138436,1.398248,1.638877,1.531919,1.539347,1.261538,1.274773,1.603392,1.589078,1.599511,2.299679,1.220787,1.208873,1.773673,1.730612,1.392032,2.681954,1.894196,1.845179,2.044343,2.186537,1.592395,1.821912,2.245266,1.070551,1.511600,1.544986,2.528336,1.643440,1.785984,1.613898,1.510428,1.834230,2.763129,3.589247,3.474486,1.876442,1.609150,2.127677,1.731527,1.776290,2.414764,1.717992,1.713995,1.625371,1.507110,1.678323,1.585667,2.049768,2.064065,2.013162,2.015263,2.074599,1.455094,2.197283,3.033698,3.035955,2.098628,2.509397,4.846591,4.061516,4.456145,2.320914,3.224628,2.009247,2.110150,1.956939,2.277840,1.745698,2.031827,1.760184,1.519106,1.557437,2.396496,1.494074,1.471261,1.968993,2.681170,1.963991,1.927469,2.016997,1.790625,1.766572,2.245096,1.848085,2.133235,1.568201,2.276005,2.238066,2.231325,2.309200,2.247288,2.136417,1.846280,1.580620,1.870091,1.985438,1.943676,2.663189,2.803438,2.403998,1.675870,1.717018,1.938325,1.794260,1.496396,2.372223,2.402355,2.262180,2.283883,1.448992,1.965574,1.936055,1.892067,2.189048,1.521380,2.005515,1.960959
Latvian,1.048177,0.679758,0.267767,0.978293,1.392701,1.308812,0.451701,0.524441,0.996721,1.406090,0.859693,1.722934,2.759858,1.135115,1.016302,0.543309,1.122787,0.685719,1.549495,1.392000,1.313565,0.503651,0.475301,2.020460,0.688603,1.661831,1.267073,1.131416,0.851090,0.614556,0.838207,0.716074,0.528520,0.545848,1.507845,1.802012,0.944148,1.688171,1.561894,1.690681,1.421273,0.974160,1.417228,2.037970,1.027599,0.852248,2.311642,0.805162,0.681381,1.024189,1.697656,1.780956,0.752575,1.106478,2.366797,2.606734,0.829674,1.234812,1.220690,1.122734,1.455722,0.801585,0.954176,1.616862,0.918171,1.059638,1.144753,1.162881,1.070395,0.696924,1.682456,1.364698,1.900017,1.298067,2.292377,1.494584,0.889000,1.098688,2.003891,1.198336,1.021285,1.694069,1.783926,1.516507,1.750425,1.672879,1.321523,1.818425,1.533451,0.701281,1.819285,1.739971,1.125283,1.032651,1.044386,0.960835,0.796631,1.236329,0.929912,1.881803,2.017188,1.615411,0.941548,2.282075,0.771382,0.844203,0.825578,2.081733,1.837327,0.857186,0.872790,1.134278,0.625820,1.581820,1.073214,0.892977,1.489733,1.909379,1.713078,0.499794,0.904375,0.827378,1.154895,1.450256,0.834050,1.257127,1.474289,1.188718,0.526958,1.508348,1.771572,1.768129,1.401539,1.018134,0.991381,2.207954,1.624254,0.761901,1.431461,1.106474,1.045637,1.293699,0.892371,0.794763,0.895485,0.994979,1.513359,1.264651,0.782188,1.007111,1.052373,0.984330,1.218890,1.077339,0.988553,1.043810,2.385845,2.377430,2.102360,0.889686,1.378626,1.456279,0.827078,0.796749,0.986883,1.094761,1.378363,1.583120,1.798355,1.209227,1.617436,1.613999,1.581870,1.758320,1.403880,1.862886,1.182483,0.393693,1.326806,1.285994,1.072371,0.346212,0.655871,0.771452,0.780552,1.142504,1.297939,0.887473,1.348517,1.480468,1.858803,0.665730,2.555150,0.724996,1.440707,1.621319,1.677171,0.529985,0.616659,0.909273
Latgalian,0.621354,0.416505,0.407703,0.539634,0.583502,1.200965,0.528791,0.364111,0.497972,0.891720,0.343569,1.597654,0.999774,0.483990,0.537206,1.437246,0.427299,0.458542,0.802442,0.884939,0.885583,0.600786,0.378218,0.742478,0.421512,0.981276,1.106029,0.502704,0.518432,0.417862,0.523223,0.584633,0.352794,0.636040,0.598193,0.567606,0.506479,0.610972,0.834673,0.903497,0.440970,0.692039,0.484349,1.673046,1.497125,0.409534,0.444460,0.638937,0.357035,0.651693,0.472333,0.495509,0.643158,1.397411,1.243628,0.843569,1.234280,0.776456,0.498379,0.779799,0.678547,0.496782,0.726681,0.765870,0.691873,1.083354,1.348651,0.482216,1.073482,0.383475,0.496654,0.303857,0.565262,0.403986,0.640786,2.134481,0.408857,0.679415,0.663469,0.501143,0.563022,0.700343,1.055190,0.485649,0.626548,0.787029,0.634404,0.746851,0.629808,0.449949,0.622957,0.708115,0.741633,0.458372,0.863759,0.518264,0.559964,0.827767,0.567791,0.290685,0.311598,0.551406,0.356469,1.349335,0.707440,0.536647,0.291318,1.482911,0.901115,0.537033,0.905002,0.555359,0.666538,0.749119,0.406480,0.528925,0.577578,0.426807,0.931120,0.642646,0.587762,0.349705,0.638739,0.721035,0.884288,0.614170,0.906408,0.830393,0.500798,0.702117,0.865113,1.387677,1.062011,0.704637,0.327602,0.766720,0.602998,0.564520,0.680353,0.846797,0.329545,1.576214,0.476441,0.799367,0.649585,0.545511,0.452784,0.260156,0.987452,0.515391,0.988037,0.310175,1.011299,0.532334,1.273926,0.695672,2.116936,2.109470,1.167173,0.512062,0.464695,0.629914,0.290386,0.703491,0.791211,0.767261,0.806336,1.107824,1.240894,1.329019,1.242674,1.017138,1.406879,0.812173,0.667483,0.868526,0.628014,0.275400,0.871043,0.578799,0.840105,0.450378,0.698202,0.802493,0.267162,0.392676,0.591499,0.334673,0.862570,1.040362,0.481328,0.265289,0.575060,1.566217,0.857422,1.347322,0.534100,0.491486,0.633251,0.780376
Lithuanian,1.107703,0.646129,0.559686,0.848267,0.648134,0.632613,0.931695,0.653075,0.509545,0.934939,0.729150,0.835439,0.999478,0.604308,0.738578,0.854300,0.702289,0.378573,0.579073,1.375414,1.067313,1.056537,1.050795,1.104909,1.617933,1.010205,0.836620,0.871746,1.220306,0.836084,0.550326,0.699123,1.111237,0.732934,1.411205,0.774253,1.434563,0.902512,1.569679,1.592999,1.311257,1.111987,0.759281,2.396725,0.945348,0.623778,1.062868,0.839434,0.941883,0.738065,0.896103,1.317086,0.698873,0.949276,0.942092,0.961304,1.018248,0.640369,0.709061,0.892953,0.910229,0.513111,0.835597,0.574043,0.369223,0.933947,0.721646,1.386774,0.938364,0.942747,0.624397,2.311195,1.215559,1.164915,2.227214,1.026001,0.699815,0.981052,1.295350,0.740687,0.771348,0.559514,0.936618,0.809569,0.736183,1.231762,1.196347,0.781715,0.791421,1.270426,2.517698,2.554072,0.653678,0.507639,0.725923,1.023685,1.001850,1.278719,1.213977,0.964326,0.973406,1.270242,1.008594,0.926687,0.662398,0.824165,0.496325,0.709986,0.954370,0.672210,0.663612,0.744808,0.642454,0.378025,0.645468,0.533609,0.999063,0.999163,0.732832,0.879826,1.370510,0.816210,0.595515,1.124772,1.178105,0.867014,1.076990,1.232239,0.618819,0.620325,0.510836,0.506216,0.515829,0.616531,0.975458,1.253965,1.970027,1.001361,0.920895,0.926459,0.482663,0.932177,0.882786,1.248478,0.689212,1.394965,1.118041,1.105874,1.264405,0.884586,0.941449,0.832878,0.998782,0.589978,0.996476,0.950749,0.736263,0.737437,1.109968,0.667139,0.888996,0.767538,1.029504,0.800056,0.787546,0.796569,1.557294,1.329340,1.271569,0.676578,1.509316,1.017331,0.892731,1.190248,1.460629,0.573130,1.218942,0.601472,0.956726,0.998803,0.837963,0.980239,1.442282,1.108039,0.589159,1.109794,0.952823,0.999444,1.109979,1.809337,1.027965,0.629415,0.720914,0.615068,0.619526,1.203162,0.851883,1.121102,0.755682,0.585152
OldPrussian,1.019345,1.016949,0.608215,0.791135,0.780493,0.743153,0.626059,0.663780,0.657993,0.780884,1.058986,1.320493,1.634204,0.606048,0.641361,0.561564,0.826423,0.489393,1.020551,1.420319,0.965704,1.104063,1.147194,0.663483,0.542469,1.222013,0.818541,0.895429,0.901126,0.515931,0.773704,0.767118,0.934373,0.732793,1.027775,0.540009,0.661782,0.751159,0.724689,0.718709,0.895609,0.652216,0.708924,0.770008,1.041966,0.940982,1.241049,0.662922,0.651822,0.647266,0.788984,0.795511,0.784967,1.029692,1.429380,0.796776,0.380462,1.114248,0.793436,0.932917,0.635743,0.634363,0.631589,0.572246,0.575397,0.568912,0.748090,0.812689,1.007436,1.096978,0.659466,1.663168,0.545524,1.910315,1.363148,1.427761,0.701404,0.694752,0.901259,0.674000,0.489681,0.603382,0.423797,1.288133,0.771952,0.782046,0.819204,0.818154,0.825086,1.806987,1.787716,1.220135,1.051684,0.712407,0.716317,0.711522,0.710493,0.697882,0.837065,0.672007,0.663440,0.662814,0.713548,0.989765,1.055741,0.637867,0.663587,0.923885,0.938833,0.537749,0.737284,0.516388,1.011641,0.944506,0.745993,0.653581,1.026286,1.023892,0.690292,0.689842,1.712653,0.557335,0.677431,1.143687,0.559453,0.528919,0.553643,0.768356,0.621668,0.861541,0.687585,0.692581,0.689122,0.834045,0.848308,0.877520,1.915576,0.663511,0.696881,0.693997,0.847715,0.839837,0.868668,0.871270,0.525344,0.565087,1.090933,1.070689,0.777420,0.889640,0.449555,1.242348,0.792904,0.950118,1.270549,0.413312,0.590722,0.591115,0.906001,1.124663,0.977117,0.691717,0.767284,0.719582,0.718416,0.485012,0.631876,1.059852,0.710956,0.722150,1.123867,0.663226,1.004308,1.003340,0.690097,0.420157,1.174702,0.493136,0.788198,0.755624,0.770450,0.751826,0.918602,1.053413,0.798688,0.440038,1.000289,0.788309,0.585005,0.601339,0.621483,0.784847,0.454191,0.686834,0.685540,0.919365,0.790858,0.478001,0.727802,0.990676
OldChurchSlavonic,1.391691,0.760854,1.560318,0.734248,0.390489,0.695943,0.742602,0.644855,0.744624,0.711155,0.805106,2.197550,0.972570,1.161292,0.530326,0.662091,0.861375,0.844109,0.494469,0.459478,0.897626,0.585748,1.096547,0.526549,0.601247,0.873704,0.605171,0.763516,1.126614,0.328312,0.820800,0.577894,1.352014,0.723885,0.294600,0.863253,0.524531,1.301261,1.262162,2.348615,1.241841,0.727104,0.649886,0.533839,0.864159,0.623468,0.547405,1.159197,1.011886,0.577035,0.925734,0.979987,0.840913,0.759199,1.516721,0.608271,0.490479,0.326333,0.877542,0.683614,0.435671,0.919947,0.918771,0.664390,0.579899,0.435840,1.172360,1.034355,1.884616,1.666290,1.199468,0.646065,0.920568,0.681912,0.414092,0.603723,0.638519,0.434523,0.778382,1.075959,0.699811,1.831256,1.611538,1.056428,0.919793,0.999521,0.917693,1.136654,0.677787,0.240730,0.370940,0.664071,0.576878,0.512507,0.553804,1.388291,1.049531,0.542418,1.276683,1.124599,1.043991,0.648945,1.173851,0.623811,0.594059,1.246917,0.461604,1.662331,0.776447,1.690576,0.490012,0.663892,0.144327,0.594871,0.411505,0.388727,0.368822,0.609392,0.958932,0.844361,0.871930,0.706035,1.777987,0.435219,0.940538,0.996563,1.410249,0.483959,0.738561,0.932879,0.882923,0.443624,0.595830,0.463367,0.873000,0.564774,0.595630,1.048759,0.863651,0.567579,0.464341,1.112704,0.519172,0.499329,1.437831,0.342352,0.652218,0.560394,0.713097,0.500083,0.777755,0.765448,1.047544,1.172033,1.746903,0.683844,0.989214,0.973883,1.087291,0.477038,0.948944,1.188953,2.254756,0.460476,0.417716,0.665022,0.772741,0.516324,0.429305,0.613727,0.585941,0.591710,1.944492,1.095564,0.989460,0.444312,0.713591,0.560940,0.516232,0.638877,0.821390,0.181939,0.748656,0.277901,0.696620,0.599188,0.671822,0.386496,0.403040,0.254520,0.327899,0.362854,0.631602,0.481653,0.470602,0.692322,1.401724,0.547851,0.558212,0.634837
Bulgarian,0.563685,0.848217,0.934042,1.290477,0.759338,1.235384,1.069352,0.886475,0.876048,1.010935,1.245858,0.745787,1.297079,0.881666,1.030033,0.688261,0.811016,0.832302,0.722760,1.043352,0.808583,0.965272,0.650530,0.702114,0.799584,0.391191,1.166492,0.872792,0.910149,0.869809,1.009916,1.047794,1.182091,0.932163,1.316956,0.976699,1.245699,1.137575,0.826331,0.852111,0.943336,0.874196,1.073787,1.021384,0.869076,0.378177,0.946433,0.899847,0.757760,0.692646,0.772941,0.726367,0.926898,0.980507,0.647459,1.297254,0.606788,0.682890,0.972233,0.677094,0.846102,0.339500,0.371006,0.638178,0.628867,0.917766,0.908238,1.757545,0.930722,0.831816,0.984790,0.865171,0.917736,1.040580,1.174455,1.053428,0.852543,1.538393,0.699443,0.712436,0.818942,0.686943,0.384200,2.621718,0.853834,0.688312,0.720734,0.793756,0.797060,1.310653,0.808549,0.813129,0.705936,0.972911,0.922261,0.982423,1.123642,0.889659,1.664598,1.256869,1.203664,1.266667,0.799587,0.807980,0.975436,0.513688,0.958224,1.037022,0.749109,1.329925,1.212768,1.486514,1.576242,0.725311,1.539145,1.115347,1.497999,1.417694,0.785805,1.269551,1.087281,1.462221,1.495102,2.352309,1.013851,0.973131,0.660201,0.616868,1.070095,0.595579,1.070120,1.034137,1.373976,0.923751,1.126370,0.947844,0.828334,1.163879,0.753555,0.872946,0.900423,0.855392,0.660681,0.706741,0.861461,1.393095,1.250514,1.266795,1.027762,1.210532,0.700982,0.665214,1.215625,0.544901,1.328992,1.176611,1.838040,1.866666,0.843801,1.826745,1.020567,0.637995,0.837883,1.017641,1.786339,1.036356,0.939570,1.042274,2.260987,0.558471,0.735795,0.730332,1.217859,1.160799,0.906436,1.034028,0.656593,1.597940,1.248996,1.903665,1.128422,0.443018,0.559229,1.621152,0.877237,0.746598,0.737441,0.650479,0.472899,0.614901,1.147944,1.012695,0.493910,0.864876,1.499274,1.523622,1.515039,1.517054,0.781506,1.616463
Macedonian,0.444616,0.517823,0.784804,0.911441,0.858743,0.813857,0.509295,0.928313,0.642216,0.549414,0.303821,0.452656,0.559535,0.555568,0.848996,0.383867,0.249120,0.328276,0.374604,0.619845,0.794583,0.470170,0.616509,0.474263,0.419182,0.237138,0.355615,0.473176,0.721081,0.299861,0.686012,0.754246,0.517219,0.760963,0.530791,0.372811,0.656707,0.556804,0.496961,0.539028,0.719034,0.914858,0.562989,0.650085,0.816409,0.524554,0.447191,0.568871,0.585943,0.584572,0.557704,0.558655,0.936807,0.583109,0.550941,0.932596,0.466478,0.639878,0.440196,0.856189,0.340672,0.577578,0.643526,0.343757,0.326611,0.354750,0.500441,1.066440,0.867732,0.846923,0.336851,0.406604,0.534660,0.752885,0.855413,0.566510,0.371485,0.559573,0.401009,0.360995,0.594855,0.478554,0.640890,0.861933,0.648518,0.596973,0.478544,0.387026,0.616428,0.415891,0.702919,0.683574,0.816130,0.518179,0.538864,0.578882,0.813529,0.853324,0.895021,0.704848,0.650823,0.857557,0.829320,0.462602,0.346488,0.344557,0.631981,0.501976,0.424594,0.574795,1.056388,0.935165,0.577552,0.884273,0.649044,0.828175,0.863894,0.851224,0.530095,0.800511,0.758100,0.511752,0.630054,0.872672,0.795394,0.462390,0.378968,0.577348,0.613480,0.304057,0.861015,0.832064,0.413667,0.591375,0.894002,0.383171,0.610149,0.568458,0.513942,0.709989,0.523242,0.672841,0.506806,0.346752,0.654315,0.738744,0.907456,1.027011,0.492169,0.781596,0.345855,0.678711,0.726442,0.469897,0.909883,0.597044,0.437570,0.438234,0.364737,0.686305,0.457308,0.740334,0.545527,0.883847,0.934418,0.536861,0.571068,0.698597,0.714689,0.432139,0.513229,0.533972,0.454876,0.857373,0.443999,0.459863,0.714362,0.629716,0.440558,0.637880,0.471154,0.324612,0.824162,0.936423,0.898519,0.403386,0.698015,0.885835,0.362740,0.346592,0.436607,0.518814,0.603353,0.590333,1.098282,1.248136,1.332712,0.577865,1.396066,1.264839
MacedonianSuho,0.916669,1.481162,1.160591,1.180150,0.789862,1.156125,0.874835,0.755700,1.577580,1.109436,0.908348,0.791089,0.690213,1.033223,0.807521,0.706152,2.224527,0.801878,0.813600,1.611768,1.178025,2.830245,1.420218,0.443207,0.507676,0.720226,1.927339,1.194650,1.244551,0.561729,1.077271,1.195133,0.698334,0.954090,2.108263,0.940494,0.523786,0.880950,0.527760,1.121690,1.633455,0.533775,1.036370,0.998431,1.175307,0.827590,1.085379,1.204440,1.107888,2.010905,4.065974,3.279791,0.760018,0.607726,0.998169,1.222073,2.949453,0.999565,0.776377,1.153109,0.820858,0.622958,0.696886,0.811500,1.259344,0.555800,1.691503,0.855158,1.421410,1.284741,1.421014,1.400560,0.941691,1.237362,0.950993,1.210364,0.415570,0.967350,1.334583,1.424768,1.991603,1.485771,0.538510,1.034650,1.248196,1.492410,1.144427,1.647160,2.666357,0.414420,0.588878,0.964559,1.759132,1.257854,1.675876,0.838011,1.354719,0.540699,1.557618,1.181059,1.762716,1.337529,1.851641,1.117283,0.934634,0.852642,1.605926,0.984878,0.995379,1.590605,2.074778,2.256680,1.597761,1.021594,1.368516,1.574383,1.164509,0.754629,0.770612,1.012809,0.717749,0.470741,0.645399,0.694404,1.790730,1.355863,0.842539,1.495904,1.453167,1.476331,1.287133,1.223411,1.753263,1.714949,0.985738,0.625076,0.737880,1.513310,0.652183,0.855192,1.337098,0.958648,0.687157,0.812935,0.817594,1.957708,1.033262,1.157475,0.954183,0.650544,1.255016,1.602216,1.013487,0.900305,1.325504,2.175449,1.433882,1.211061,2.552645,2.269511,1.603327,1.848147,0.674234,1.282046,0.878380,1.157740,1.012805,1.813550,1.417390,1.067165,1.422343,1.129165,0.847694,1.432532,0.954555,0.932965,1.013804,1.238798,2.139171,1.148377,1.061884,1.587292,0.766060,1.835199,1.006872,2.216675,0.799155,1.383632,0.735715,0.720578,0.809575,1.044553,0.835991,0.880621,0.945997,1.969737,1.336221,2.382484,1.556115,0.975737
MacedonianVisoka,0.400955,1.075058,0.803807,1.084054,1.012088,0.583042,0.722965,0.975837,0.687378,0.872373,1.122660,0.845713,0.840040,1.112230,0.603656,1.154503,0.909044,0.880943,1.104126,1.131535,0.783621,1.395539,0.812116,0.459296,0.313398,2.070976,0.321246,0.802785,0.891689,0.709991,0.943532,0.720560,0.654262,1.099440,1.449374,0.410728,0.671930,0.668764,0.479300,0.290155,1.274791,0.509715,0.833911,1.083055,1.041834,0.380014,0.789921,0.388610,0.718256,1.106459,1.298806,1.047674,0.782634,0.783588,0.585329,0.400328,0.679886,0.872232,0.688255,0.874634,1.390083,0.530854,0.847435,0.190872,0.999597,0.227694,0.875760,0.592165,1.002734,1.157283,1.382289,0.528211,0.563247,0.912967,0.941016,0.940170,0.337816,0.670069,0.196763,0.610076,0.980812,0.775831,0.701287,0.765562,0.385640,0.587884,0.526864,1.157507,1.147257,0.749104,0.440882,0.407073,1.430231,0.709072,0.717017,0.537288,0.431335,0.708213,0.843137,1.972124,2.200827,1.348397,1.592887,1.028243,0.497388,0.623366,0.387506,0.459827,0.600000,0.909057,0.458740,1.708276,1.469777,0.777024,1.106510,0.954945,1.053493,1.518642,0.380806,0.386471,0.336807,0.622781,0.471316,0.500325,2.259162,0.684192,0.713789,0.607231,1.598521,2.498263,1.051394,0.999342,0.673733,1.150024,0.276375,0.449785,0.492398,0.733727,0.599461,0.401098,0.537500,0.773782,0.462415,1.079313,0.706779,0.675476,0.989840,0.749535,0.851204,0.972727,0.855922,0.750862,0.948011,0.582712,0.470854,0.864432,0.678312,0.572905,0.434451,0.791140,0.927833,0.891759,0.564341,0.713766,0.403666,0.598662,0.723687,1.903797,0.716356,0.464934,1.056699,0.400510,0.810433,0.915557,0.545367,0.518460,0.422390,1.928369,0.881595,1.086263,0.735273,0.673395,0.398183,1.085251,0.436564,0.759535,0.955307,0.584687,0.458285,0.268738,1.411321,0.383272,0.903010,0.575400,0.933847,0.745288,0.834035,1.061081,1.465409,0.470236
SerboCroatian,0.369899,0.525183,0.370872,0.559995,0.342092,0.289173,0.423081,0.409189,0.408131,0.435344,0.647995,0.677167,0.410323,0.280190,0.438974,0.352301,0.360443,0.278415,0.437035,0.255044,0.227148,0.436021,0.428746,0.424722,0.377445,0.207843,0.404487,0.262170,0.529945,0.255371,0.286254,0.407787,0.398496,0.314436,0.227540,0.294718,0.589846,0.499148,0.424553,0.650350,0.508212,0.370948,0.403155,0.232592,0.327755,0.235725,0.126804,0.378351,0.463380,0.323510,0.222368,0.338403,0.345481,0.412435,0.228609,0.545522,0.614361,0.280105,0.482128,0.313515,0.235384,0.178916,0.387229,0.417061,0.340313,0.342094,0.437872,0.822754,0.501954,0.269611,0.214048,0.431410,0.289820,0.589533,0.339575,0.422126,0.249772,0.488541,0.312201,0.313462,0.435161,0.288158,0.331055,0.496004,0.362806,0.288295,0.288326,0.302624,0.289294,0.298384,0.293768,0.285653,0.349213,0.341241,0.354354,0.333773,0.280540,0.371039,0.421113,0.592379,0.606089,0.554411,0.625746,0.430468,0.493827,0.219875,0.474218,0.233171,0.239127,0.372290,0.377575,0.343426,0.552645,0.410386,0.343937,0.237804,0.202278,0.296885,0.544394,0.209240,0.655878,0.272058,0.353121,0.399855,0.689533,0.350715,0.370985,0.346771,0.215865,0.208169,0.320986,0.316143,0.331207,0.314888,0.532470,0.302501,0.397395,0.485688,0.247969,0.447060,0.454772,0.403875,0.309740,0.356964,0.421476,0.326798,0.628859,0.319692,0.457406,0.246105,0.350130,0.427028,0.459391,0.435128,0.440729,0.332955,0.373890,0.376317,0.429865,0.356427,0.274278,0.258979,0.310648,0.903589,0.542433,0.294267,0.259904,0.267726,0.407666,0.288058,0.375620,0.355557,0.441575,0.419372,0.540581,0.432374,0.256276,0.399405,0.494122,0.561261,0.331883,0.223912,0.498827,0.554364,0.386408,0.348795,0.395523,0.304020,0.283922,0.275455,0.521610,0.370589,0.399452,0.483662,0.195239,0.658115,0.701841,0.405759,0.472132,0.399576
SloveneEarlyModern,0.912389,0.839849,2.965840,0.521060,0.687495,1.341270,1.219195,0.839581,0.945237,0.755529,1.304082,1.680732,1.039776,1.147343,0.693243,0.373468,0.551653,0.513015,0.847704,0.814957,0.997590,1.620787,1.257556,2.195383,0.773696,1.554414,0.439180,0.423871,0.402981,2.452830,0.790845,1.129296,1.164188,1.327750,0.761349,0.532685,1.006211,0.617132,0.629146,1.642122,0.570869,1.255453,1.275391,1.157705,1.713582,0.680813,0.350492,0.641810,0.796815,0.629602,0.732589,0.509970,1.306590,1.042064,0.728064,0.623242,1.376913,0.962629,0.465997,0.767592,1.170190,1.097524,0.648335,0.736690,0.387480,0.605058,0.567841,0.886243,0.826156,1.980350,0.747498,0.739929,3.562733,0.510198,0.586698,0.600338,0.471346,0.485417,0.578172,0.692006,0.950954,0.729647,1.023712,1.345464,0.829297,0.844874,0.825700,1.645008,1.367840,0.440098,1.052464,1.040956,0.729426,0.620735,0.354130,0.470476,1.052556,1.077860,0.699364,1.042749,0.650343,1.647107,1.191458,0.493944,0.992223,1.086413,0.748357,0.926711,1.163440,0.631062,0.662356,1.513375,0.671914,1.282707,1.561666,1.522338,0.865167,0.790531,1.995023,0.351456,1.260170,1.223603,0.910664,1.654773,1.396733,0.748072,0.633661,0.968696,0.786902,1.688322,1.122734,1.867261,1.789887,1.222750,1.906609,0.591429,0.783547,0.733599,0.553645,0.511240,1.417313,1.871830,2.367127,1.586948,1.226859,0.696653,1.231350,0.676768,1.055123,1.670740,1.334423,0.566188,1.346440,1.795652,0.793192,1.003744,0.473995,0.835059,1.375943,1.314946,1.875864,0.863536,0.937656,0.947718,1.019902,1.379045,0.814056,0.976860,0.782120,0.492931,0.954969,1.321387,1.178768,0.740073,0.276504,0.456445,0.745627,1.812270,1.627187,1.087928,1.534177,0.844993,1.304389,0.430058,0.877787,1.948736,0.671030,0.615496,1.072520,0.705589,0.675897,0.534323,1.029490,1.370539,1.614041,0.615814,1.366973,0.634099,1.603864,1.116492
Slovene,0.4034198,0.2718820,0.4106690,0.5408812,0.6694146,0.5318092,1.1538632,0.7547083,0.4228714,0.6712324,0.2799688,0.7628963,0.2990167,0.3508267,0.3477973,0.6287290,0.4691895,0.8254673,0.4584996,0.4899210,1.0344831,0.3577738,0.5777759,0.4053757,0.8664563,0.2292770,0.6860453,0.3818477,0.5081127,0.3632938,0.6362841,0.9624106,0.3964189,0.5920299,0.2115156,0.5254659,0.3906341,0.6965571,0.2429468,0.3324271,0.7048737,0.5512605,0.3763520,0.7659619,0.3535870,0.3915986,0.3080395,0.3532011,0.5976231,0.5374620,1.1261150,0.4849570,0.4736661,0.4703500,0.7554637,0.2907596,0.4520081,0.3636310,0.5229128,0.6083794,0.3653846,0.4576925,0.6511788,0.5828906,0.3274562,0.0974234,0.4122991,0.3426767,0.6249213,0.9240691,0.8254400,0.2353226,0.3004590,0.2288088,0.3685815,0.3370374,0.6428225,0.7264434,0.2530262,0.3753286,0.4866528,0.5117855,1.2389913,0.4488799,0.5059125,0.4350122,0.4764459,0.4832364,0.6258518,0.2242624,0.2148992,0.2139284,0.2696750,0.3122591,0.3811443,0.5971954,1.1921632,0.2691319,0.6220291,0.3866459,0.2317928,0.3569713,0.3609331,0.8716924,0.5423370,0.5104495,0.5160250,0.2895049,0.3401981,0.8508394,0.5269669,0.3153348,0.3915274,1.3870292,1.4993904,0.7309882,0.4000478,0.4395759,0.3486892,0.3172281,0.4460244,0.2802079,0.7651613,0.4728365,0.5788893,0.7831990,0.3172220,0.5468158,0.7155093,0.5696932,0.3533467,0.3812321,0.4063521,0.4102039,0.8619783,0.4292516,0.3640211,0.3917401,0.1771626,0.1803099,0.4178622,0.2871950,0.3203552,1.4070365,0.9093074,0.1954305,0.4225481,0.4078051,0.4576603,0.2485303,0.4967804,0.5434132,0.3206745,0.7054396,0.9817181,0.2468032,0.2996443,0.4237662,0.6411539,1.7787812,0.5496615,0.7635257,0.5024903,0.5406837,0.4361433,0.6509918,0.3868755,0.4816822,1.0618873,0.5978078,0.5083430,1.0624976,0.3968213,1.4991263,0.2448824,0.4005248,0.2520963,0.4480287,0.9678451,0.2794819,0.1481751,0.1844963,0.7433279,0.6572096,0.2969962,0.3937012,0.7419837,0.4698909,0.3783162,0.4790802,0.5397304,1.8052524,0.1859665,0.6350730,0.2969644,1.0133826,0.3954597,0.2607579,0.7855615,0.4821204
SloveneKostel,0.472466,0.484653,0.570589,1.184879,0.787129,0.734854,1.074939,0.962022,0.811819,0.529144,0.860776,1.100143,0.750561,0.492962,0.567069,0.850651,0.303118,1.555339,1.092826,1.165279,1.152840,0.705464,0.460845,0.817727,0.701165,0.584594,0.719988,0.632517,0.611087,0.589119,0.936065,0.832903,1.149409,0.428046,0.573793,0.946447,0.841766,1.295897,0.748487,0.705210,0.841882,0.639320,0.383314,1.152913,0.772031,0.641167,0.665731,0.549788,1.049693,0.926843,1.561987,1.535422,0.839062,0.891356,0.605865,0.545735,1.818408,0.752127,0.961792,1.001083,1.912184,0.692216,0.949222,0.851588,0.951392,0.385201,1.257116,0.792631,2.066677,0.815320,1.106994,0.479683,0.602527,0.310894,0.484067,0.298039,1.498799,0.627532,0.832100,0.430173,0.728546,0.596914,1.636896,1.462173,2.163452,1.038333,0.788963,1.041074,1.746902,0.569307,0.379914,0.450340,0.386667,0.663607,1.089633,1.587453,1.058703,0.624425,0.646470,0.280172,0.408407,0.662396,0.474126,2.112189,0.856485,0.524105,1.265490,0.527506,0.376744,2.030736,0.942991,0.874887,0.619503,1.728429,1.980426,1.153249,1.483219,0.914659,0.417234,1.824344,1.218463,0.693708,1.256005,0.506976,0.859215,1.435340,1.018019,0.851434,0.658787,1.733691,0.881633,0.951210,0.417878,0.753535,0.628679,0.911946,0.924226,0.262460,0.211828,0.401309,0.588214,0.752870,0.861982,1.425324,1.350333,0.469408,0.749319,0.733178,0.746263,0.778285,0.792002,1.128330,2.374227,1.437829,0.924283,0.586342,0.610414,0.610734,1.582869,1.215000,0.736757,0.896038,0.714266,0.913894,1.716649,0.999118,0.494366,0.447039,1.013201,1.563700,0.955460,1.043711,1.555612,1.561383,1.041615,0.611515,0.583498,0.977181,1.205426,0.796677,0.749990,0.516884,0.864844,0.590236,0.809534,0.763460,1.874521,0.702273,1.007320,0.581895,1.025175,1.279357,0.543469,0.951860,0.655504,0.716934,0.911017,0.443678,0.732813,1.994323
OldPolish,0.922405,0.517328,0.329288,0.557062,0.613398,0.391801,1.961423,1.581804,0.895826,0.595907,0.715891,0.204637,0.544368,0.942641,0.415253,0.319685,2.093625,0.841514,0.369194,3.324807,1.930745,0.320271,0.559362,0.966779,0.618809,0.926334,0.342575,2.509587,0.492036,1.208328,0.560144,0.325581,0.830549,1.133465,0.693441,0.820815,0.901299,0.501413,0.821185,0.834452,0.388752,0.782720,1.586676,1.145968,1.493811,0.663739,1.009461,0.923355,1.216204,0.592735,0.814727,0.814727,0.898406,0.704850,0.704850,2.134705,0.867000,0.750724,0.877123,0.900262,1.262080,0.129502,0.535690,0.546195,0.679234,0.814749,0.682143,0.569228,0.451894,1.525590,0.744910,0.840948,0.761401,1.166562,0.552524,0.440901,1.269606,0.924497,1.247148,2.047538,0.644980,1.262808,0.860668,0.449686,1.290230,1.151517,0.545956,1.583978,0.901932,0.687531,0.574184,0.574184,0.921327,0.948308,0.440867,1.444418,1.084940,0.539755,1.170532,2.189910,3.018912,0.742004,0.965938,2.504005,0.572548,1.235377,0.347728,1.142029,1.718153,0.524154,1.068421,3.505235,0.721232,0.951313,0.686407,1.038198,0.479564,0.886103,1.924141,0.482407,1.302481,1.960342,0.715738,0.704609,0.683478,3.805890,2.424995,0.596360,0.436810,1.277741,1.713154,0.983403,0.750931,1.832903,1.775202,1.732227,0.576343,0.697633,0.894098,1.147458,0.638024,0.764267,1.310640,1.220656,0.943562,1.024260,0.511824,1.264619,0.964142,1.672516,0.807020,1.251387,1.448823,0.847919,1.218518,1.608938,1.881976,1.881976,1.122165,0.849768,0.519890,0.397025,1.052710,0.430349,0.587605,1.438010,0.620110,1.007704,0.443856,0.933578,0.616422,0.809884,1.266032,0.432008,1.191662,0.452055,0.401302,0.773985,0.276827,0.874898,1.020389,0.786687,2.067147,0.760032,1.657469,1.877217,1.180108,2.779937,1.244678,0.931397,1.756033,2.800673,1.311600,1.131041,0.787619,0.792931,0.723665,2.190153,1.955599,0.683274
Polish,0.434321,0.836552,0.400259,0.279102,0.202311,0.146604,0.290547,0.814975,0.453097,0.438498,0.246454,0.674205,0.572443,0.413416,0.577718,0.485069,0.502818,1.343019,0.488057,0.554342,0.536870,0.632870,0.451318,0.395620,0.572077,0.893225,0.379595,0.605213,0.319926,0.782375,0.229065,0.422263,0.624143,0.422514,0.346163,0.503265,0.486462,0.321001,0.722496,0.393222,0.894725,0.547265,0.504670,0.287739,0.556570,0.245373,0.357094,0.143657,1.081280,0.306584,0.521080,0.295253,0.476017,0.523780,0.395469,0.670198,0.561448,1.766216,0.921667,0.735217,0.265719,0.535214,0.617984,0.247643,0.167278,0.213555,0.472672,0.553095,1.004878,0.482234,0.412572,0.513304,0.428332,0.530945,0.814310,0.313978,0.327078,0.556672,0.775627,0.471751,0.309942,0.511888,0.504040,0.459982,0.472663,0.434217,0.376133,0.416139,0.683396,0.249974,0.469605,0.778543,0.624429,0.422783,0.264028,0.419276,0.279192,0.525019,0.351780,0.264775,0.376280,0.645294,0.346910,0.469888,0.624095,0.297768,0.415014,0.725799,0.676187,0.570342,0.551332,0.387272,0.425565,0.332540,0.649376,0.551895,0.853771,0.575109,0.662713,0.389091,0.378793,0.438227,0.429811,0.450806,0.364728,0.565183,0.673300,0.299892,0.466467,1.009542,0.574133,0.555131,0.682974,0.440309,0.424684,0.436870,0.854626,0.460282,0.537713,0.462874,0.539799,0.322248,0.288150,0.600404,0.560642,0.517825,0.312066,0.687737,0.462304,0.330939,0.543017,0.373996,0.697930,0.381737,0.659426,0.370918,0.233387,0.242952,0.334010,0.434124,0.644209,0.364315,0.558026,0.366968,0.659886,0.395316,0.430296,0.442967,0.775318,0.286914,0.483041,1.036339,0.246560,0.727099,0.761164,0.287844,0.631237,0.354369,0.444610,0.254873,0.352345,0.450195,0.690590,0.654594,0.537885,0.393524,0.614451,0.421575,0.516301,0.400279,0.499361,0.679742,0.380369,0.620238,0.263141,0.802494,0.624134,0.683125,0.457028,0.327178
Kashubian,2.570826,1.995082,2.005149,1.134402,0.769610,0.772694,1.023623,0.997061,0.862503,0.739383,0.462569,1.382349,1.220499,0.914012,2.266614,1.000910,1.633828,2.205452,1.299663,1.145421,2.111668,1.050867,1.156818,1.386073,1.590573,3.328001,0.952218,1.131045,1.109843,0.959597,0.692599,1.847720,1.226644,1.080358,0.895767,1.614461,1.187546,1.658159,2.134397,0.851956,1.397690,1.118036,1.482874,0.944521,1.057448,0.913796,1.031847,1.147480,1.493904,1.405712,1.206345,1.274225,1.386612,0.610141,1.281048,1.215985,1.650773,2.809746,1.302587,2.137820,0.754644,1.282752,1.877496,0.659593,0.643244,0.641988,1.364747,0.854672,2.473902,1.256679,1.355998,0.930824,0.823120,1.195550,1.412053,1.018971,1.702373,1.014241,1.204573,0.947459,0.891519,1.805921,1.744364,1.175436,1.504024,1.057121,3.576450,0.961730,2.185488,1.205645,0.944756,0.958178,1.801653,0.733396,0.751216,0.886500,0.617335,1.355647,1.028607,1.033465,1.010547,0.871001,0.711608,1.163814,2.074166,0.516681,0.780460,1.072290,1.039522,2.962091,1.954685,1.102737,1.111814,1.335817,0.907964,2.440728,1.540812,1.635835,1.335579,0.753088,0.933521,1.354624,1.328610,0.833176,0.605505,1.069534,1.065138,0.970613,1.613007,1.348868,1.522210,0.788736,1.402966,1.557725,0.847484,1.020055,1.853532,1.388043,1.146251,1.363259,1.531977,1.330448,1.077472,1.580241,2.768935,1.006488,1.048374,1.139138,2.439133,1.067852,1.616850,1.153623,1.401391,1.203214,3.755276,0.702694,0.622425,0.647935,1.368944,1.169739,2.161840,1.656848,1.593116,0.967642,1.182179,1.365797,2.045504,1.719856,3.989186,0.977191,1.497762,1.365024,1.173143,1.405434,1.288712,0.617127,1.409721,1.721189,1.300342,1.239208,1.227202,0.816210,0.768153,0.760724,2.103546,1.691435,1.761185,1.159109,1.207908,1.038792,1.791719,1.448053,1.381413,1.149151,1.174135,2.189935,2.197850,1.341666,1.130588,1.109832
Polabian,1.035199,1.466035,2.270602,2.116315,1.609889,1.583456,2.248813,1.347907,2.490114,2.454271,1.163797,2.276035,2.942774,1.699029,1.224676,1.978680,2.498880,2.284109,2.592481,1.882635,2.178548,1.067612,1.713565,2.865118,1.673421,1.519571,2.746035,1.257661,2.122544,1.687370,2.045962,1.365991,1.689022,1.659946,1.512835,1.716086,2.704590,1.997525,1.887835,1.864472,2.301143,2.274190,3.513984,2.130773,1.532653,1.423027,1.323799,2.202777,2.728829,2.549234,2.296560,2.384792,2.488888,2.038498,2.227009,2.288269,1.865788,1.260590,2.494967,2.160445,2.390691,1.336661,1.563707,2.456202,2.601993,2.296358,1.373809,1.900780,1.747386,1.943651,1.373713,1.538263,1.662363,1.867428,2.046604,1.378866,1.832197,1.258334,2.132835,2.076720,2.079102,2.371917,1.959081,1.337265,1.837491,1.193548,1.329985,2.179161,1.955973,1.403440,1.642048,1.638586,1.713399,1.292989,2.528800,3.710083,3.306158,1.878723,2.945599,1.700136,1.715637,1.436116,2.505077,1.980543,2.267903,2.459547,2.257008,2.334625,1.751117,2.336824,3.065360,2.336411,2.713156,2.645655,3.898197,1.886006,1.221963,1.330832,1.014888,1.416556,2.828071,2.557986,2.479780,2.015236,3.866085,1.615278,1.660458,3.117711,1.363033,1.538878,1.562249,1.562990,1.570282,1.309940,1.581968,1.559347,2.826357,1.910806,2.357834,2.255517,1.670116,1.429708,1.444685,2.905398,1.934094,1.357658,2.233049,2.523564,1.578274,1.509464,2.505077,1.827696,2.955046,2.542255,1.840803,1.681952,1.090163,1.096003,2.307819,1.620981,2.014809,1.722675,3.972802,1.470553,2.614906,2.454930,2.618683,1.872364,2.250172,2.168071,2.549244,3.824946,2.704303,1.864897,2.376487,1.477747,2.416095,1.754452,1.925742,2.084168,1.954189,0.991869,1.713665,4.279118,1.610236,3.090417,1.590203,1.851422,2.199338,1.907452,1.882955,1.892736,1.780072,1.697776,2.212580,2.292800,2.505768,1.233878,3.229327,3.967056
Slovak,0.321320,0.476510,0.923369,0.440034,0.468738,0.478939,0.608762,0.685693,1.149316,0.413413,0.627717,0.633328,0.632831,0.817463,1.057880,0.731921,1.223714,0.682422,0.520739,0.713283,0.543231,1.356640,0.763064,0.671939,0.543250,0.651421,0.636658,0.457599,0.455863,0.820927,0.872710,0.822648,1.178397,0.695502,0.439252,0.576814,0.329547,0.948704,0.804266,0.524955,0.445760,1.378743,1.071683,1.337462,0.582238,0.474675,1.066120,0.684220,0.724273,0.449514,1.130058,1.118853,0.575270,0.448136,0.760638,0.443015,0.343784,1.488568,0.757584,1.213550,0.573369,0.543327,0.541689,0.855727,1.044815,1.800493,0.565072,0.573101,1.009190,0.896413,0.667968,1.280787,0.994668,0.991196,0.580401,0.642033,0.869117,1.036208,0.511862,0.556564,1.005010,0.630131,0.428527,0.282390,0.490359,0.755751,0.391617,0.419963,0.381501,0.390280,0.370132,0.371813,0.595221,0.754680,0.759080,0.812589,1.621025,0.359027,0.617417,0.387369,0.418345,0.578324,0.704378,0.750246,0.408336,0.568648,0.788421,0.816531,0.732652,1.450578,0.953817,1.203855,0.890638,1.148960,0.422111,0.482955,0.404872,0.415238,0.487645,0.485450,0.463919,1.160655,0.906142,0.974755,0.421990,0.420009,0.637916,0.506461,0.732156,0.837166,1.839167,1.823530,2.012581,1.038389,1.181238,1.068044,1.158489,0.639123,0.440328,0.420737,1.702113,0.441350,0.631936,1.000496,1.423291,0.440736,1.300432,0.931095,0.629006,1.369664,0.927582,0.806859,0.615118,1.481312,0.281072,1.112112,0.375886,0.381530,0.331019,0.449711,1.353368,0.689963,0.833036,0.535365,0.748495,0.345266,1.182072,0.561545,0.272173,0.383562,1.381375,1.218013,0.913975,0.407691,0.711084,0.439589,0.904656,0.337852,0.451724,0.930038,0.911259,0.634390,0.672870,0.347076,0.468614,0.636642,0.512216,0.498649,0.522849,0.820461,1.104612,0.602949,0.791346,0.353274,0.479378,0.698570,0.910266,0.503728,0.572476,0.687056
OldCzech,0.780355,0.919781,0.871046,0.591217,1.547129,1.196873,0.758821,0.446776,0.431311,0.625267,0.519363,2.307395,0.736501,0.371697,0.516821,0.922205,0.754748,0.541399,0.362311,0.600363,0.375640,0.791314,0.199552,1.215218,0.580510,1.247015,0.870308,0.363441,0.828211,0.457156,0.584943,0.356814,0.488894,1.426759,0.613665,1.004041,0.744290,0.999779,0.728210,0.765783,0.368889,0.750961,0.595984,0.521396,1.042487,0.811318,0.415823,0.718269,0.933606,0.600197,2.002920,1.346434,0.260842,0.523849,0.318006,0.709826,0.410521,0.400637,0.636210,1.328855,3.322305,0.434787,0.357108,1.215768,0.827255,0.225272,0.542930,1.658541,1.485617,1.238317,0.727984,0.561050,0.455031,0.607971,1.608179,0.674314,0.486565,0.501273,0.830185,0.750960,0.366849,0.477341,0.700564,0.546580,0.599188,2.705164,0.492565,0.281580,0.964242,1.608726,0.715983,0.843247,0.555269,0.459211,0.901219,0.890214,0.695551,0.691608,0.744392,0.908541,0.887925,0.645041,0.808056,0.556983,0.468906,0.402697,0.569077,1.099904,0.975943,1.964335,0.648191,0.873762,0.955668,0.768796,0.555240,1.452363,0.651368,1.114302,0.956882,0.969117,1.165753,0.589558,1.072587,0.841843,1.630979,0.921933,0.783882,0.915473,0.320763,0.497706,0.369195,0.537498,0.770086,0.618660,0.688425,0.575210,1.001143,0.883469,0.649220,0.808331,0.562352,0.622425,0.499617,0.767155,1.287030,0.502676,1.364495,1.250289,0.596552,1.345038,1.038545,0.520240,0.566401,0.325131,0.497995,1.214133,0.720427,0.706723,0.752336,1.986633,1.176192,0.505882,0.349807,1.113647,0.880335,0.695568,2.692630,1.172412,0.776922,1.270641,0.795719,0.253878,0.608717,0.366867,1.310092,0.456383,0.630423,1.112533,0.993648,0.442788,0.847434,1.379240,0.919868,0.850992,0.411687,0.918340,1.230211,1.059849,0.923176,0.947952,0.751628,0.830542,2.021963,0.421424,0.441361,0.606224,0.429398,0.805034,0.682997,1.067926
Czech,0.353162,0.448698,0.438812,0.441940,0.527271,0.538746,0.471048,0.934514,0.527046,0.407469,0.393482,0.431504,0.683408,1.040895,0.851612,0.698965,0.600408,0.931079,0.491085,0.311881,0.597935,0.404292,0.293052,0.651126,0.342613,0.563338,0.470054,0.478811,0.391519,0.732640,0.288958,0.708341,0.644262,0.429489,0.326249,0.806950,0.412269,1.188852,0.961949,0.574033,0.394028,1.197581,0.477294,1.555976,0.470272,0.370881,0.566458,0.646375,0.788617,0.449805,0.870055,0.861428,0.767104,0.390660,0.693284,0.471044,0.263278,0.803636,0.640741,1.938918,0.598990,0.421142,0.675081,0.957636,1.563376,0.745279,0.625916,0.457107,0.664348,0.672917,0.516973,0.929031,1.217352,0.542202,1.187936,0.410326,1.138014,0.875013,0.432889,0.396651,0.877107,0.488471,0.720668,0.190829,0.477303,0.625012,0.266858,0.362047,0.328890,0.433554,0.283930,0.285220,0.524465,0.565975,0.368648,0.819853,1.392018,0.300887,0.458287,0.309853,0.533702,0.492559,0.538858,0.551459,0.528794,0.735233,0.576349,0.753998,0.476525,0.535332,0.857872,1.100122,0.416410,0.595563,0.595833,0.382925,0.325199,0.333525,0.661739,0.556736,0.277508,0.853664,1.063401,1.135510,0.706284,0.513115,0.398277,0.306744,0.705318,0.875714,1.135453,2.031877,2.389061,0.556466,0.923292,1.071950,0.619344,0.832607,0.305944,0.321947,0.743325,0.438294,0.682324,0.386484,1.012229,0.547176,0.864819,0.691447,0.752363,0.832065,0.896923,0.533414,0.515281,0.692976,0.411822,0.358430,0.382816,0.388563,0.374102,0.346642,0.861094,0.346383,0.813670,0.507240,0.704936,0.309887,0.838133,0.748130,0.580329,0.537814,1.500927,1.137182,0.784015,0.374899,0.729287,0.311858,0.748562,0.289839,0.550694,0.872088,0.948009,0.360527,0.585132,0.396505,0.289174,0.437465,0.460328,0.913882,0.587164,0.377013,0.552434,0.751284,0.994661,0.340889,0.499565,0.650808,0.884488,0.461330,0.708098,0.529236
SorbianUpper,0.768129,0.562839,1.325866,1.023529,0.520579,0.506699,0.705313,0.597302,1.133570,0.501476,0.348190,0.776246,0.551609,0.497095,0.558914,0.388475,0.702275,1.214546,0.346477,0.858065,1.114011,1.165894,0.785907,0.895571,0.595659,0.781561,0.601238,0.597925,0.588222,0.407144,1.153227,0.898119,0.992449,0.246170,0.446342,0.499490,0.542501,0.577236,0.498815,0.404942,0.804700,0.479585,0.843588,0.446245,0.276414,0.393285,0.750035,0.475672,0.587341,0.804963,0.426202,0.458341,0.798681,0.595878,1.046838,0.401236,0.451041,0.770301,0.722579,0.986758,0.466341,0.370730,0.526340,0.513265,0.275307,0.568833,0.410703,0.710869,0.458354,0.522068,0.399286,0.713090,0.457392,0.545032,0.455906,0.836323,0.548646,0.621883,0.614546,0.444157,0.489013,0.527770,0.250496,0.375103,0.598141,0.331266,0.506979,0.501801,1.065258,0.509933,1.058794,0.795471,0.481051,0.623065,0.599535,0.799170,1.153644,0.374272,0.400754,0.433769,0.297210,0.356329,0.515584,0.614142,0.250169,0.738818,0.263287,0.562392,0.587885,0.807082,0.326759,0.625065,0.922887,0.406718,0.821833,0.640756,0.239772,0.318157,0.156518,0.413369,0.684791,0.626816,0.714253,0.568153,1.191048,0.861423,0.287889,0.431202,0.564943,0.978076,1.015837,1.024547,0.556896,0.684204,0.819423,0.438735,0.610996,0.973705,0.791698,0.608384,0.621834,0.438732,0.949742,0.580380,0.535812,0.829433,0.456707,0.532549,0.580271,0.672915,0.418445,0.628661,0.611034,0.718828,0.555385,0.415026,0.834997,0.859804,0.286019,0.529633,0.853072,0.409522,0.537257,0.499444,0.599231,0.498230,0.708710,0.579242,0.556065,0.577389,0.496268,0.708706,0.513595,0.335238,0.382037,0.661177,1.105023,0.345703,0.525559,0.503636,0.592511,0.538150,0.757309,0.556523,0.461613,0.573110,0.692522,0.583090,0.680261,0.610511,1.265789,0.277407,0.544538,0.838356,0.481059,0.984582,0.726456,0.421805,0.390274,0.843105
SorbianLower,1.494085,0.506587,1.448670,1.202745,1.053260,0.748352,0.914762,1.621889,1.356348,1.232052,0.801353,1.903034,0.759532,0.896904,0.447058,0.532887,2.032858,2.010981,0.688897,0.896059,2.698184,1.418416,1.410623,1.152542,1.260567,0.843874,1.130252,0.786090,2.055939,0.371941,2.406406,1.702494,0.945383,0.598896,0.653691,0.817051,0.901320,0.574376,0.625464,1.006460,0.885925,0.628516,0.775135,0.959627,1.102278,0.731273,0.782049,1.308222,1.358984,1.042853,0.567444,0.594155,1.871222,0.845048,2.123340,0.763191,1.267769,1.322129,1.266917,1.442937,1.428682,0.721939,0.947482,0.853836,0.885816,1.160812,0.823479,1.463268,0.827776,1.625782,0.661056,1.492491,0.638113,1.073521,0.938522,1.252929,1.006942,0.659208,0.476927,0.990355,0.665061,0.761256,0.568437,0.533874,1.250164,1.075224,0.667079,1.591954,1.388061,0.894435,1.072227,1.162092,0.929402,1.128373,1.085760,1.199504,1.869724,0.926391,0.631936,0.760550,0.758295,0.840725,1.206388,2.289772,0.559216,1.002677,0.853720,1.653184,1.360258,1.211988,0.586779,0.843979,1.100906,0.931011,1.335886,0.565102,0.876861,0.833114,0.653579,0.858127,1.117260,1.205953,0.991965,1.477318,1.385589,1.155841,0.692871,1.135586,0.642626,1.671730,2.317118,0.977963,0.729627,0.953693,0.908102,1.187187,1.210857,1.390381,1.323225,1.392754,0.949753,0.624372,2.310185,1.596883,0.675058,0.602874,1.428361,1.825468,0.681874,0.844545,1.544367,0.526039,0.738465,0.942735,0.411257,1.046491,0.850232,0.875491,0.675386,1.000732,1.621318,1.052717,1.037137,1.092378,1.232485,1.980531,1.643752,0.578971,1.404651,1.762521,1.455441,1.299300,0.846218,0.777135,1.462131,1.129581,1.824085,0.615053,1.326493,1.615932,2.132385,1.196190,1.742725,1.530915,0.470116,0.561904,0.767381,1.512172,0.735001,1.244430,2.502187,0.585888,0.790561,1.225277,1.238738,1.979430,1.312935,1.546844,1.306557,1.109294
OldNovgorod,0.359075,0.815510,0.597307,0.787532,0.943476,0.980860,0.498084,0.540218,0.955964,3.392440,0.552072,1.409472,1.191602,1.576855,1.123244,0.497849,0.854245,0.754011,0.632438,1.849411,0.858145,0.642274,0.774793,0.919449,1.115972,2.168321,0.971921,0.745126,0.682117,1.507716,0.410791,0.957584,0.843783,0.991681,0.518391,0.991760,1.042656,2.131742,0.441850,0.536946,1.012407,0.652302,1.314194,0.704311,1.007156,1.736922,0.431965,0.780245,1.150316,0.955832,1.735747,1.566334,1.204466,0.538946,1.223513,0.869160,0.583124,2.044441,0.403983,1.556631,0.503173,1.136627,1.239279,0.542335,0.507516,0.696567,1.101713,0.695930,1.499814,1.802897,1.118688,0.563274,0.458768,0.870617,0.478636,0.425041,0.560283,0.868763,0.690526,0.453118,0.543237,1.340328,0.879067,0.994997,0.477103,0.523599,2.182854,1.087593,1.217468,0.678852,0.959800,0.949238,1.580553,0.723083,1.747765,1.034338,1.369707,0.880712,1.179793,0.711408,0.760574,0.892650,1.815067,1.144962,0.644335,0.471999,0.664803,0.812540,0.976529,2.256297,0.792903,1.952308,0.450745,0.771308,1.488067,0.599222,0.828931,1.561152,0.585150,1.331437,1.339664,0.550046,1.124715,1.766144,3.402381,1.298701,0.517263,1.064789,0.730423,0.604207,0.998722,1.061705,1.021910,1.062360,0.925801,0.972842,1.135546,0.823699,1.777776,0.957225,0.772104,1.072262,0.557627,1.021607,0.406563,0.767761,1.188241,0.960110,0.475038,0.501948,1.026847,0.753151,0.518527,1.053518,0.878957,1.191224,0.395091,0.380796,0.357623,0.660701,1.193310,0.592378,0.872079,1.177820,0.575484,0.682194,1.234990,1.370592,0.519702,0.640121,0.390218,0.718594,1.487332,1.065669,0.911923,1.218455,1.466716,0.804694,0.683493,1.497460,0.689745,0.395360,1.106061,0.847867,0.763436,1.360733,0.923030,0.959708,0.690016,0.756201,0.794924,0.869389,1.419261,0.884315,0.474016,0.870798,0.745580,1.664429,1.037274,0.959000
Russian,1.147231,0.847788,0.837660,1.110054,1.210305,0.773217,1.236978,1.373574,0.911425,1.325080,1.415671,1.578304,1.134866,1.100608,1.304719,0.531182,1.042103,0.938911,0.455968,0.995504,1.026101,1.074883,0.715033,1.015520,1.179468,0.612704,1.292949,0.801013,0.827263,1.511910,1.747927,1.297133,1.022908,1.070638,1.372653,1.192246,0.648289,0.917802,0.703122,0.718862,0.714108,1.547630,1.289752,0.684575,1.391584,1.317520,1.194509,0.502030,0.675580,0.737658,0.739892,1.196706,1.587806,0.899520,1.232688,0.648417,1.044311,1.594362,0.790493,0.637422,0.721339,1.108782,0.963080,0.782837,0.837846,0.896117,1.133429,1.371764,0.800753,0.770819,0.944993,1.016760,1.009174,0.724567,0.411671,0.679035,1.410336,0.907840,1.328348,0.674329,1.119862,0.982101,1.266744,0.652687,1.339732,1.293373,0.875100,0.566713,0.715657,1.356842,1.056879,0.989764,1.470487,1.357326,0.765353,1.450584,1.296216,0.854192,1.394556,1.676186,1.089208,1.780758,1.798927,0.837553,1.009545,0.950772,0.680155,1.229692,1.413193,1.410624,0.937344,0.981960,0.807599,1.164414,1.438042,1.295119,1.017636,0.994104,0.713238,0.904808,1.120587,0.969899,0.891780,0.718833,1.310035,1.373687,0.943614,0.713484,0.956033,0.663066,0.789463,0.949332,0.797869,1.586047,1.019583,1.429512,0.934609,1.193561,0.732425,1.217962,0.964945,0.644450,0.753074,0.727445,0.987107,0.908289,0.953470,0.791795,0.720512,0.728032,1.097644,0.929594,0.971627,1.011515,0.835450,1.158964,1.064562,1.114396,0.866807,0.669698,1.105829,0.804844,0.617393,1.090573,0.706771,0.549233,0.736383,0.953407,0.804692,0.928850,1.272712,0.817233,0.621607,0.798576,1.271535,0.489022,0.769152,0.459911,1.217636,1.429041,0.793914,1.057281,1.162796,0.679788,0.858012,0.924219,0.920920,1.074656,0.902479,0.993104,0.927288,0.895572,1.155484,1.424048,0.825248,0.736610,0.703065,1.301160,0.960864,1.175734
Belarusian,2.051113,1.909672,1.508605,1.002095,0.685267,1.466065,1.139529,1.910114,0.731258,1.819385,1.467847,1.862998,1.373375,1.609360,1.981921,1.772836,1.543327,2.060645,0.501804,0.582705,1.028408,0.986394,0.830581,1.158880,1.297190,1.196400,0.871661,2.550331,2.014287,1.838693,2.425228,1.772102,1.996976,1.129231,1.503884,1.824201,0.889785,1.642642,1.724965,0.532933,1.286622,0.933135,1.053167,1.417224,1.229940,1.115603,1.491822,0.843512,1.335755,1.314898,1.604759,1.648192,1.214206,1.495181,1.342130,2.461721,1.758399,1.347963,1.122212,1.043538,0.785760,1.651016,1.516182,1.047858,1.113110,1.054086,1.608194,1.668836,0.934432,2.029203,1.151679,1.955632,1.339998,1.595866,0.478706,1.920954,1.121571,0.908847,0.629371,1.093279,0.996505,3.763469,2.724438,2.980519,1.277323,0.935996,0.346554,0.576042,0.935940,0.844976,0.965898,1.028204,1.414135,1.269763,1.777462,0.846219,1.626457,0.621032,1.432933,1.187140,1.132977,1.998244,0.988177,0.678428,1.519500,1.614674,0.850681,1.495271,1.276547,1.562720,1.651620,1.573470,1.184971,1.551461,1.494880,1.145102,1.927852,0.971492,0.568364,1.271800,2.093426,0.947423,1.423070,0.551032,0.801399,1.200016,0.892499,0.553698,1.277223,0.606157,0.797796,0.868990,1.619141,2.256445,1.836662,2.072413,1.928523,1.063562,1.204832,1.005260,0.962235,0.414002,0.771846,3.155492,0.687080,1.029936,0.776259,1.315729,0.846780,0.503702,2.493604,1.705089,1.027415,1.414605,2.764322,2.136504,0.808287,0.844049,0.579492,1.638063,0.611877,0.611859,1.782666,0.748729,0.698011,0.573342,0.984843,0.991916,1.038485,1.335705,1.857132,2.258788,1.134677,1.067286,1.172265,1.054612,0.970418,0.824080,1.022256,0.798330,1.588986,2.443898,0.818011,0.923350,0.704777,1.698926,1.998768,1.419974,0.906371,0.857745,0.909849,1.223202,2.413439,1.783405,1.251876,1.058974,0.902431,1.508282,1.576218,1.624723
Ukrainian,1.328552,0.732951,0.648420,0.325166,0.281924,0.687390,0.802675,0.535902,0.532774,1.083154,0.458330,0.603338,0.469589,0.364284,1.064772,1.146942,0.499962,1.091365,0.464807,0.511686,0.599099,0.656981,0.613161,0.489958,0.853557,0.723622,0.611928,1.243596,1.682411,0.859614,0.657168,1.052332,0.727268,0.796963,0.737853,0.866610,0.746757,0.384204,0.532420,0.327374,0.650789,0.596602,1.016998,0.650114,0.534494,0.781465,1.103353,0.306835,0.677592,0.510184,0.796762,0.818326,0.836406,1.340952,1.203689,0.938533,0.726719,0.900006,0.981128,0.754215,0.570097,0.410348,0.544450,0.405617,0.430875,0.446759,0.568073,1.651352,0.823094,0.791802,0.541271,0.468001,0.890631,0.478550,0.500904,0.514076,1.125315,0.384015,0.573200,0.573123,0.468785,1.355906,0.993414,1.121614,0.632231,1.190147,0.655515,0.433787,0.465179,0.594465,0.449911,0.478933,0.540385,0.640526,0.254870,1.256327,0.574139,0.598859,0.726425,0.639468,0.440942,0.702894,0.533810,0.374409,1.141375,0.391499,0.714159,0.759618,0.392606,0.803336,0.817868,1.199349,0.641189,1.124404,1.111409,0.651609,0.371986,0.498766,0.368396,0.928751,0.673660,0.527679,1.885502,0.373918,0.438657,0.532641,0.294374,0.349469,0.543662,0.845928,0.504838,0.549888,0.711621,0.894929,0.424673,0.934083,1.355452,0.748596,0.554249,0.560827,0.613728,0.364844,0.697491,0.458487,0.552346,0.714239,0.617617,0.639708,0.461727,0.700380,1.128946,0.624326,0.759192,0.380660,0.935837,0.666007,0.596802,0.433414,0.243839,0.953337,0.408835,0.263105,0.750371,0.558002,0.552899,0.516839,0.490829,0.521835,0.619428,0.479463,1.083637,1.116130,0.782577,0.483815,0.581694,0.373164,0.597008,0.417001,0.910293,1.131847,0.416908,1.129678,0.688948,0.723192,0.548360,0.881150,0.867170,0.904930,0.793406,0.546254,0.468846,0.317906,0.913632,0.592621,0.711551,1.011141,0.507961,0.688466,0.456415,0.943613
Rusyn,0.491991,0.502104,0.848441,0.447883,0.338409,0.511242,0.299475,0.577024,0.389611,0.510585,0.382109,0.577191,0.362952,0.540412,0.552826,0.337804,0.478932,0.409561,0.269761,0.392532,0.479954,0.392724,0.394261,0.425545,0.540522,0.520030,0.424649,0.404269,0.572100,0.353399,0.556153,0.643581,0.395860,0.310416,0.403256,0.598100,0.449964,0.563288,0.582498,0.299351,0.485712,0.429978,0.442024,0.461766,0.687635,0.380378,0.278883,0.413802,0.366911,0.567810,0.471574,0.485143,0.425429,0.343082,0.456487,0.489761,0.449335,0.330474,0.588716,0.492772,0.294746,0.428697,0.536524,0.347204,0.348633,0.438382,0.595423,0.791441,0.389189,0.441371,0.430866,0.463559,0.556019,0.349115,0.257429,0.343279,0.593812,0.545932,0.597012,0.417660,0.469976,0.346214,0.542968,0.364052,0.574064,0.470909,0.420969,0.478232,0.280608,0.312699,0.482679,0.494450,0.433915,0.478857,0.426264,0.771130,0.458828,0.289144,0.434268,0.728803,0.733316,0.785921,0.621964,0.433473,0.498170,0.341449,0.311326,0.732867,0.525937,0.367292,0.565114,0.384688,0.422642,0.659693,0.740016,0.554001,0.270172,0.496667,0.332734,0.359280,0.603285,0.404012,0.419576,0.205663,0.481063,0.322168,0.481919,0.340978,0.403574,0.616747,0.432541,0.435043,0.437241,0.612622,0.393244,0.516513,0.333532,0.322157,0.481800,0.495167,0.542324,0.692484,0.376689,0.306788,0.590085,0.524306,0.452958,0.429983,0.422445,0.568587,0.492409,0.507900,0.515046,0.402086,0.335172,0.434617,0.535859,0.532392,0.633129,0.367157,0.508419,0.702094,0.301913,0.358232,0.534077,0.304931,0.468836,0.460976,0.365035,0.811878,0.721808,0.391690,0.505599,0.504632,0.480000,0.452749,0.426828,0.364141,0.463654,0.527600,0.433971,0.313175,0.450877,0.350427,0.532438,0.446927,0.633263,0.427078,0.450213,0.465959,0.259720,0.266442,0.473636,0.384153,0.643184,0.380153,0.408547,0.403467,0.499170,0.402179
Gothic,1.296265,0.983079,0.449566,1.058591,1.591339,1.735028,0.725449,0.764884,0.481214,0.645193,0.837201,0.289551,0.725784,0.640138,1.292468,0.387666,0.798667,0.946276,0.561907,0.997155,0.435999,0.947334,0.953133,1.119751,0.579404,0.569157,1.411903,1.351800,1.301125,0.822827,0.519395,0.613128,0.432402,0.489689,0.642868,0.289131,0.571422,1.316118,1.617760,1.122150,1.567745,0.958562,0.847806,0.854381,0.632276,0.853958,0.527511,0.295697,0.611276,1.406177,1.161756,1.136449,1.527892,0.810377,0.804154,0.520942,0.434130,0.777455,0.607800,0.285974,0.775358,0.690875,0.625846,0.615789,0.623867,0.665538,0.872636,0.593685,1.584724,0.871730,0.524925,1.009892,0.297393,0.540701,0.349841,0.784916,0.711711,0.620115,0.978206,1.136434,1.610804,0.172234,0.365552,0.815603,0.349403,0.349102,0.785770,0.855062,1.128401,0.545897,0.564288,0.556113,0.371246,0.523121,0.539117,0.713456,0.716823,0.520804,0.473310,1.637203,1.669908,0.239866,0.688649,0.458205,0.916705,0.933498,0.722518,0.953080,1.178260,0.846115,0.883466,0.675591,0.596343,0.623316,0.547196,0.520928,0.585454,0.567426,0.744097,0.536729,0.561981,0.550674,1.911761,0.534031,0.930837,1.071236,0.837360,0.527879,0.342837,0.522546,0.651282,0.647647,0.653400,0.674490,0.818229,0.903868,0.430609,0.436588,0.413372,0.407492,0.281945,0.698274,0.601401,0.609440,0.437212,0.681654,0.459323,0.380094,0.406571,0.847325,1.668183,1.331882,0.694608,0.466148,0.637923,0.368533,0.531460,0.526563,0.685380,0.932873,1.471660,1.563433,0.847111,0.683325,0.731354,0.815379,0.925795,0.871723,0.773180,1.364005,0.624625,0.636989,1.347367,1.463376,0.456073,0.954223,0.333732,1.059732,0.754654,0.728387,0.962404,1.130756,0.650279,1.134426,0.562448,1.148482,0.608176,0.785156,1.078093,1.391995,0.888380,0.474472,0.767601,0.517473,0.357054,1.028282,0.571225,0.963743,0.431263,0.665851
OldIcelandic,0.982657,3.033996,0.933615,1.909560,2.195520,2.026931,0.930187,1.124049,1.301169,0.528661,1.171215,1.126286,1.233862,1.228496,2.697075,1.325887,1.520569,1.305900,1.533576,0.740000,4.548004,2.306992,1.975552,1.002198,1.833403,1.124417,1.175211,0.547421,0.529826,1.185595,0.671846,1.916586,1.183035,1.256788,0.886811,1.413145,1.950840,0.716355,1.944116,1.013091,0.776744,0.760173,1.219683,2.452691,1.590438,1.751044,1.729744,0.918144,1.093583,1.978862,0.608922,1.048308,0.973774,0.908412,1.285040,0.871680,0.796620,1.503015,1.287718,0.996552,4.337120,1.018598,1.779693,1.299015,1.438575,0.596086,1.641632,1.385435,0.768788,1.033907,1.413326,1.829334,1.321059,1.204588,0.755225,0.829381,1.150850,1.914501,2.806942,1.251160,0.562067,1.811597,1.588586,2.573700,2.629937,1.926338,1.088434,2.972250,2.394209,0.463589,1.226398,1.226398,1.133815,0.922264,0.881130,1.794268,0.810897,2.322867,2.416845,1.171353,2.498070,2.280387,0.984183,1.381809,0.780521,0.652355,1.062315,1.881945,1.447249,2.001803,2.092574,1.025569,1.866920,2.231324,0.981551,1.340356,1.481564,2.032016,0.939124,1.352365,2.039693,2.255441,1.301819,1.099949,2.236992,1.448178,1.692624,1.760156,3.036937,2.287172,1.483462,2.222325,1.074336,0.635017,1.427479,1.733909,1.026942,1.134885,1.503656,1.722083,0.638595,0.919728,1.086867,0.516233,1.327061,0.815741,1.441597,1.698621,0.729231,0.844895,0.884333,1.512875,1.473640,0.622911,1.496783,1.420352,1.247673,1.057513,2.160973,1.990524,0.696179,0.650632,1.041034,0.794735,0.839453,2.324075,1.013720,1.362006,1.084461,0.941408,1.881056,1.702831,1.683043,1.446036,1.465386,0.634944,1.279065,1.440933,1.466321,1.676320,5.238238,1.205885,1.123044,1.469812,0.788467,1.388190,1.577924,1.580722,1.261321,1.309415,1.345169,1.580096,0.822232,0.829253,0.687678,1.630307,0.746436,0.772915,1.207321,2.885631
Icelandic,0.333550,0.443567,0.366388,0.507969,0.405050,0.447770,0.440752,0.269517,0.345094,0.484431,0.466361,0.286122,0.345247,0.468861,0.465832,0.423847,0.448627,0.424327,0.453521,0.413914,0.586190,0.410725,0.611211,0.263500,0.503637,0.476662,0.318800,0.227325,0.192809,0.385416,0.292935,0.553358,0.423828,0.439625,0.377599,0.378538,0.609925,0.204950,0.518317,0.298469,0.468922,0.476365,0.489100,0.566319,0.433467,0.307674,0.272760,0.295468,0.431193,0.436018,0.354136,0.351435,0.421295,0.314176,0.309658,0.317962,0.318988,0.393718,0.362045,0.537172,0.678406,0.568103,0.366535,0.442637,0.450251,0.347654,0.411121,0.453699,0.380069,0.556624,0.326358,0.396568,0.395535,0.376761,0.394462,0.558651,0.422236,0.365751,0.320995,0.386526,0.249404,0.374306,0.355691,0.409366,0.426875,0.343615,0.303442,0.324505,0.320222,0.307513,0.316385,0.316385,0.386746,0.395087,0.391919,0.330559,0.317266,0.501029,0.477389,0.448439,0.446908,0.346235,0.475369,0.461209,0.465096,0.243967,0.366136,0.497451,0.402157,0.378091,0.369051,0.434250,0.438609,0.382291,0.390620,0.455265,0.618511,0.366332,0.413868,0.353207,0.369165,0.419152,0.298135,0.341378,0.424155,0.307979,0.373296,0.382948,0.461216,0.398791,0.324136,0.328526,0.444340,0.343939,0.282757,0.405635,0.341203,0.337796,0.454743,0.566826,0.319529,0.349504,0.282757,0.335633,0.282783,0.377618,0.471313,0.356820,0.344385,0.436431,0.351500,0.352762,0.323204,0.266634,0.463186,0.355999,0.368838,0.364970,0.414693,0.302772,0.307014,0.327891,0.329959,0.415775,0.401239,0.353750,0.441276,0.328291,0.343069,0.345658,0.351212,0.341809,0.384111,0.395544,0.324085,0.471696,0.364853,0.365822,0.445342,0.429221,0.405701,0.284732,0.570826,0.429714,0.475867,0.404088,0.420430,0.352335,0.322663,0.391423,0.417746,0.405032,0.291028,0.281724,0.278456,0.453122,0.346783,0.518901,0.293987,0.462283
Faroese,0.173838,0.269152,0.230892,0.223611,0.325315,0.323029,0.315863,0.177480,0.301389,0.325598,0.310897,0.238976,0.221296,0.258345,0.234786,0.355853,0.245776,0.305316,0.336400,0.215430,0.365358,0.192649,0.349301,0.273536,0.192945,0.201760,0.151403,0.194270,0.134424,0.287801,0.190238,0.188686,0.312611,0.268198,0.218447,0.196763,0.297333,0.216236,0.210280,0.338207,0.237813,0.283316,0.332090,0.236759,0.330995,0.291274,0.185012,0.209656,0.314428,0.149138,0.213785,0.180876,0.215220,0.251329,0.203905,0.253962,0.211116,0.323695,0.165931,0.254613,0.228548,0.277581,0.201762,0.206816,0.203003,0.206682,0.304750,0.202469,0.244765,0.294036,0.299039,0.182331,0.323919,0.176352,0.351210,0.265396,0.223711,0.291578,0.233776,0.224883,0.150721,0.249462,0.232276,0.169187,0.305528,0.201117,0.167252,0.225466,0.304582,0.137917,0.250613,0.150121,0.197446,0.187559,0.185901,0.212902,0.250247,0.294221,0.294405,0.258231,0.260946,0.267628,0.173193,0.309019,0.195449,0.248070,0.154185,0.270770,0.377234,0.219744,0.234553,0.217287,0.148126,0.346445,0.192564,0.310070,0.214448,0.216615,0.155657,0.300103,0.273806,0.351900,0.391938,0.300391,0.259034,0.140535,0.266138,0.282152,0.222451,0.218674,0.190973,0.191975,0.196976,0.195413,0.283231,0.278764,0.138791,0.151404,0.179165,0.184712,0.177337,0.214772,0.228831,0.248688,0.174706,0.344396,0.400484,0.221042,0.347763,0.269082,0.169708,0.238329,0.324372,0.208438,0.194595,0.259559,0.225099,0.226683,0.213716,0.250339,0.211816,0.331106,0.283125,0.345746,0.340883,0.311310,0.239966,0.317004,0.235787,0.189094,0.295089,0.288746,0.319573,0.266641,0.192350,0.249802,0.275106,0.256953,0.312050,0.300961,0.276450,0.145982,0.223355,0.317806,0.174166,0.203979,0.296027,0.198198,0.269735,0.133569,0.205350,0.283196,0.167392,0.264934,0.267312,0.192136,0.229090,0.269508,0.174125,0.247514
NorwegianBokmal,0.251912,0.698968,0.627102,0.647591,1.035807,1.763127,0.769438,0.702819,0.417755,1.344740,0.295717,0.646437,0.981498,0.909295,0.549275,0.709289,0.675708,0.839150,0.627279,0.982527,0.434441,1.163357,1.981810,0.408850,0.830412,0.619582,0.765834,0.546058,0.503919,0.468843,0.328295,0.937679,1.379384,0.679777,0.476094,0.626036,1.105215,0.380506,0.363069,0.927897,0.996937,0.636818,0.391113,0.743160,0.596492,0.984246,0.684461,0.649103,1.355322,0.476578,0.486178,0.450540,1.219015,0.559500,0.804718,1.511594,0.455119,1.402573,0.272951,0.619680,0.511817,0.458424,1.041646,0.817319,0.474405,0.659524,0.295112,0.792118,0.750479,0.417311,0.606018,1.043552,0.883407,0.644261,0.772405,0.999365,0.469392,0.452441,0.549463,2.555125,0.842201,0.623520,0.415053,0.134460,0.785687,2.580006,0.436300,0.736169,0.672311,0.276531,1.248274,1.086298,0.532621,0.437239,0.369931,0.515402,0.306590,1.539458,0.359656,1.204741,0.821686,0.364198,1.196854,0.757710,0.581231,1.184335,0.377076,0.757329,1.065652,0.969446,0.477287,1.401317,0.529084,0.240160,1.433268,0.568189,1.131224,1.869412,0.772064,0.180244,0.434121,0.745318,0.735712,0.715852,0.480106,0.594302,1.047737,0.486856,1.052331,0.774927,0.600456,0.600456,0.623187,0.640239,0.465018,0.728572,0.726720,0.731910,0.544563,0.631447,0.380448,0.258596,0.141998,0.777444,1.142707,1.017073,0.489093,0.969315,0.407160,0.538148,1.035715,1.000989,0.697577,1.338089,0.882312,0.585224,0.301146,0.271190,1.572496,0.386532,0.389323,0.391118,0.783928,0.501231,0.757562,0.476807,0.809470,0.668749,0.961472,0.835684,2.223187,0.317927,1.573896,0.447777,0.670418,1.096978,0.526582,0.941059,0.474587,0.590460,0.707904,0.992185,1.094479,0.871572,0.236847,0.537087,0.994363,0.684161,2.018125,0.399424,0.837394,0.850174,0.560218,0.555865,0.412573,1.157136,0.421735,0.329574,0.542868,0.430861
NorwegianNynorsk,0.538617,0.383294,1.064269,0.544517,0.699639,0.560981,0.474962,0.453823,1.892402,0.969818,2.650349,0.250384,2.229181,1.112095,0.866960,0.514137,0.647030,0.295479,0.650775,1.600823,0.738281,0.675089,1.445081,0.767066,0.731669,0.310735,0.766383,1.069360,0.474958,1.295105,0.671566,1.366563,0.497077,0.646784,0.609760,1.156691,1.155938,1.058183,1.325316,0.816895,1.280461,1.213023,0.584983,1.539436,1.070153,0.287064,0.459297,0.637332,1.106854,0.805483,1.203827,1.115585,0.446205,0.401915,0.342638,0.814134,1.663902,0.784937,0.749992,1.288875,2.547512,0.636725,0.818211,1.260174,0.637193,0.686141,0.272648,2.620315,0.388116,0.800461,1.692985,0.682864,0.952510,1.379711,0.972079,0.739263,0.553385,0.784009,0.535112,0.848697,0.995010,2.092637,1.593277,0.456753,0.944447,0.859485,1.057922,0.736784,0.487386,0.468664,1.674638,2.537732,0.826675,0.620335,0.910647,0.854455,1.176076,1.811537,1.010971,0.853146,1.085114,0.238708,0.543035,1.072810,0.440492,1.101311,1.270300,0.916224,1.120254,1.011065,0.556457,1.472449,0.916065,0.624593,2.588485,0.757786,0.811519,0.707356,0.523863,0.687903,0.910922,0.905885,0.885188,0.647945,0.692712,0.628952,1.735174,0.797229,1.163538,1.006282,2.400495,1.579564,1.059366,0.850231,0.733369,0.605826,0.438369,2.349593,1.884318,1.011195,0.962811,0.796649,0.265748,1.043257,0.565689,0.994136,0.337622,0.731792,0.531962,1.941533,1.367647,1.402642,1.282930,1.916840,0.338638,0.835510,1.377355,0.863185,1.972613,0.944625,0.976428,0.640776,0.532981,0.794509,0.692184,0.514988,0.788179,1.887733,0.684185,1.082082,0.341799,0.434742,0.593427,1.320062,2.503078,0.800700,0.434855,1.016198,1.122629,0.573786,0.362252,0.177569,0.780515,0.894633,0.469715,0.475425,0.450910,0.629876,0.707846,0.327326,0.680524,0.971234,1.732406,1.802859,0.456155,0.404678,0.783128,0.473512,1.360581,1.489642
Elfdalian,0.786716,1.460258,2.191339,1.433737,1.344822,1.363757,1.174291,1.213898,1.138719,2.242954,1.303330,1.944568,1.564426,1.368172,1.493592,2.283509,1.509502,2.723171,1.751751,1.438383,1.944337,1.511161,0.974354,2.607896,1.749556,1.726152,1.286195,2.115165,1.601115,1.515020,1.887982,3.255112,1.736331,1.290084,1.016389,2.485574,1.382494,1.631973,1.878814,2.373197,2.753216,1.296640,1.080028,1.349659,1.032538,2.320766,1.450512,1.631946,1.133933,1.109534,1.712636,1.676058,1.512391,2.126750,2.190805,2.376991,2.192577,0.834750,1.754528,2.008451,2.274035,1.816763,1.836684,2.399367,1.847862,2.539085,2.109209,1.334119,1.342424,3.244713,1.683775,2.102159,1.251552,1.705295,1.270102,0.801427,1.291171,2.130687,1.763867,1.340952,1.088305,1.476229,1.914121,1.388034,0.748548,0.866258,1.447997,2.183468,1.324245,1.347141,1.475005,1.399797,0.725300,1.471874,1.472532,0.786366,1.001999,0.978403,1.789895,0.897626,0.896109,0.957677,1.385855,1.815893,1.403654,0.687003,1.587892,1.398869,0.935504,1.109693,1.458904,3.147302,2.541584,1.286194,1.730010,0.993270,2.170561,2.302302,1.705408,1.061291,1.922811,1.676766,2.474300,0.941689,1.337775,1.863325,0.894295,1.598279,1.758814,0.993776,1.669310,2.657876,2.379388,1.260479,0.840454,0.973002,1.165852,1.845834,2.318579,2.561289,1.104669,1.131725,1.346290,1.496050,2.463753,1.855370,1.713811,1.798664,1.793214,1.546369,1.080031,1.659387,2.629364,1.206910,1.898791,3.190808,1.212326,1.029054,1.336954,1.474907,1.231482,1.114827,1.935592,1.238434,0.841018,0.827103,1.190128,1.798684,0.875498,1.579218,1.997598,2.101972,1.551348,1.222377,1.188790,1.723274,0.692606,0.937187,1.219976,1.588757,2.471986,1.134099,1.527757,1.757284,1.307152,1.380890,1.004806,1.559973,2.916198,2.531038,3.982514,3.022630,2.810669,1.499077,1.440947,1.351394,1.027380,2.213522,1.560164,1.797773
OldSwedish,0.523774,0.427356,0.404331,0.723078,0.596566,0.963625,0.570928,0.722075,0.772714,0.527489,1.518663,0.541581,0.545679,0.245606,0.453254,0.780707,1.425675,0.677805,0.591224,0.587556,0.898945,0.716037,0.758759,0.482432,0.498842,0.508321,1.506118,0.353972,0.441938,0.597491,0.486687,0.451510,0.758788,0.360950,0.271732,0.665113,0.810247,0.508165,0.683524,0.666461,0.332096,1.453171,0.470129,0.497455,0.520075,0.594578,0.438159,0.474629,1.190934,1.638148,0.388304,0.373311,0.469017,0.719257,0.502562,0.331577,0.653393,0.302151,0.493197,0.321107,0.711506,0.438567,0.518078,0.507738,0.235987,0.357639,0.520572,0.751023,0.430316,1.058033,0.842175,0.454676,0.464155,0.863190,0.914961,0.426771,0.399486,0.408033,0.762959,0.413358,0.619961,0.372954,0.790613,0.242177,0.451119,0.445125,0.687754,0.638531,0.593180,0.287728,0.291626,0.300430,0.479534,0.344431,0.351499,1.009920,0.991953,0.451234,0.486816,0.695036,0.603578,0.849909,0.740664,1.097688,0.425140,0.305546,0.437088,0.742310,0.567178,0.783693,0.665271,0.638626,0.654566,0.511937,0.403061,0.286887,0.517963,0.482544,1.220972,0.597405,1.255690,0.637489,0.669285,0.518148,0.510564,0.509939,1.648326,0.446308,0.460528,0.713467,0.499866,0.505590,0.703377,0.880272,0.728700,0.888396,0.282556,0.341481,0.356429,0.485229,0.756660,0.356216,0.375489,0.359224,0.789209,0.542891,1.475098,0.539146,1.202857,0.692113,0.402129,0.610768,0.760463,0.309677,0.338847,1.096740,0.402648,0.419830,0.486524,0.711130,0.525722,0.270186,0.494047,0.691742,0.386317,0.352478,0.685813,0.457024,0.445140,0.525641,0.698090,0.393879,0.401626,0.398057,0.443780,1.198793,0.577579,0.938640,0.301478,0.378506,0.972692,0.373081,0.637426,0.845771,0.693474,0.711534,0.572266,0.773758,0.542617,0.551804,0.442121,0.384814,0.763510,0.363443,0.373934,0.304684,0.672551,0.332027,0.527430,1.006284
Swedish,0.319642,0.493743,0.674899,0.317306,0.407881,0.623428,0.455291,0.623607,0.584985,0.618244,0.446939,0.538558,0.351930,0.292280,0.472094,0.375139,0.519534,0.470377,0.532226,0.394415,0.497468,0.673130,0.257421,0.646912,0.509705,0.692775,0.561864,0.599066,0.530357,0.265623,0.695229,1.262029,0.687889,0.712325,0.534783,0.555760,0.497128,0.346804,0.398383,0.639650,0.720398,0.450509,0.397429,0.543181,0.552111,0.420097,0.497293,0.431279,0.369882,0.224453,0.374646,0.366644,0.537480,0.810965,0.835390,0.821977,0.464449,0.262772,0.669181,0.423339,0.778219,0.376940,0.717438,0.706529,0.767380,0.905665,0.377074,0.574045,0.467172,1.210512,0.560032,0.576096,0.367486,0.419356,0.641164,0.321125,0.426371,0.486876,0.461028,0.416888,0.343743,0.609126,0.892412,0.465624,0.385352,0.324022,0.347277,0.332521,0.759113,0.477090,0.828839,0.580240,0.508081,0.493183,0.287667,0.403274,0.372270,0.403235,0.764301,0.356294,0.355692,0.315037,0.284393,0.664930,0.443938,0.354184,0.550136,0.486979,0.382309,0.475976,0.397223,0.624153,0.893706,0.332393,0.373233,0.540723,1.009157,0.929774,0.607374,0.749675,0.659480,0.633991,0.535658,0.299902,0.381356,0.440587,0.423543,0.655584,0.416457,0.429902,0.842062,0.864457,0.687990,0.571559,0.326791,0.404984,0.309320,0.417716,0.541224,0.524549,0.272319,0.582293,0.654612,0.507387,0.635836,0.652439,1.045872,1.021796,0.729271,0.752207,0.447833,0.504539,1.375714,0.251118,0.821788,0.972535,0.342792,0.349569,0.354130,0.501270,0.272910,0.288823,0.542969,0.340900,0.346007,0.322507,0.722599,0.585053,0.460627,0.560009,0.536033,0.530625,0.500547,0.538867,0.472589,0.673471,0.361530,0.560434,0.394490,0.756078,0.689002,0.210072,0.525912,0.296863,0.491630,0.558808,0.492805,0.336571,0.643590,0.521456,0.550048,0.656433,0.956403,0.480924,0.549950,0.419553,0.374315,0.593860,0.249030,0.536492
Danish,0.976550,0.575571,1.114622,1.207838,0.906478,0.941695,0.721703,2.990146,0.901944,0.697769,0.807142,1.827404,1.406032,1.364234,0.805748,0.733901,1.395578,0.863905,1.509974,0.964165,0.680968,0.747745,0.791650,1.230379,1.704340,1.096077,0.730350,0.634293,0.969730,1.352399,1.287878,2.956375,0.834860,0.485893,0.813448,0.508417,0.852106,2.482998,1.252676,1.955861,1.860511,1.366696,1.437072,1.344820,0.546524,1.505297,0.592921,1.117038,1.303543,1.304785,0.912071,0.870525,0.928337,0.910121,0.996351,1.579537,1.700263,1.427473,1.202156,0.626758,0.482956,1.159167,1.217347,0.992969,1.038490,0.793532,1.335934,0.632354,0.513809,1.111581,1.007639,0.551887,0.467101,0.839622,0.805090,1.099710,0.702710,1.024178,1.077183,2.057998,0.736807,1.211136,0.578106,0.336567,1.380074,1.156226,0.713301,0.975040,0.938085,0.893757,0.886970,0.858277,1.079417,0.764707,0.762329,0.571825,0.575802,0.486907,1.061245,0.441361,0.447631,0.448338,1.073637,0.984729,1.062117,0.952866,0.956537,0.978282,1.112848,0.830647,1.021864,0.656383,0.754181,1.316201,0.580928,0.512140,0.955725,0.934424,0.934923,0.866044,0.790846,0.680953,1.455263,0.353402,1.036625,0.578781,0.666042,0.341779,1.150988,0.994973,0.801107,0.797093,0.741608,0.514519,0.972173,0.564118,0.656093,0.985634,1.004154,0.411152,0.752771,0.904658,0.606821,0.575315,1.548786,1.165390,1.498268,1.285728,1.231350,0.787587,1.197517,0.715705,1.042416,0.516615,0.696525,0.429574,0.813282,0.517919,0.439781,1.370794,1.432412,0.584714,0.863832,0.853687,1.175769,0.766161,0.956052,0.837093,0.509383,0.676994,0.791575,0.372505,1.336049,1.433809,0.719146,0.720274,0.685373,0.803704,0.578600,0.676491,0.737742,0.661522,0.879025,0.655818,0.862412,0.552528,0.605621,1.560849,1.358377,1.272064,0.999849,0.653703,0.773211,0.475011,0.925073,0.436992,0.877766,1.096180,1.247239,1.305745
OldEnglish,0.861635,0.733397,0.642558,0.504699,0.665184,1.330326,0.811981,0.966059,0.628504,0.997823,0.373117,0.482821,0.787080,1.602766,1.186975,0.662787,0.306737,0.468289,0.781999,1.199230,0.688311,0.275543,0.538707,0.777574,0.436119,0.303721,0.387948,2.459581,1.762265,1.328332,0.486491,0.508056,0.526484,0.673503,0.820306,2.070744,1.104983,0.339855,1.152193,1.196010,1.256021,0.604840,1.145612,1.018064,0.678179,1.081558,1.001324,0.735583,0.668372,1.152663,0.649422,0.583964,0.574580,0.893097,1.188920,0.341116,0.837599,0.744621,1.374081,0.471000,2.011837,1.001044,0.710723,0.860525,1.073055,0.402511,1.153473,1.359578,0.699828,2.090965,0.623511,0.798602,0.909939,0.746118,0.837689,1.000206,0.665823,0.814419,0.445083,0.608266,0.437523,0.352184,0.781731,0.558133,0.305739,0.401456,0.691634,0.329062,0.438844,0.950904,0.376093,0.402498,0.328087,0.766312,1.285346,1.452812,0.839140,1.210670,0.596184,0.713094,0.733070,0.684458,0.433642,0.766845,0.838411,0.575758,0.342338,0.590073,0.682176,0.945670,1.103654,0.912526,0.661046,0.955607,0.586231,0.552839,0.404120,0.567117,0.765093,2.501484,0.616262,1.070221,0.351897,1.241808,1.544265,4.123565,0.897134,0.962938,0.578348,0.672870,0.235072,0.428405,1.140279,0.867337,0.268409,1.071333,0.539867,0.400681,0.254434,1.003782,0.784782,0.351384,0.802879,0.651347,0.630280,2.173055,0.989973,0.307439,0.611741,0.396675,1.892245,0.776152,2.008251,0.313211,0.373490,0.996820,0.595252,0.562581,1.396927,0.682424,0.310184,0.464272,0.431766,0.593651,0.688936,0.468933,1.217177,1.056541,1.289461,0.369001,0.447021,0.354508,0.820158,0.431085,1.371707,0.336181,0.553030,0.717589,0.490191,0.702677,0.513759,1.447252,0.373417,0.513952,0.523668,0.200067,0.458131,1.219077,1.023476,0.371527,0.258375,0.443655,0.529320,0.500609,0.473458,0.456076,0.486831,1.042555,0.498413,0.702586
English,1.131131,1.336786,1.610310,1.610880,1.643390,1.646902,0.942721,1.637593,1.633371,1.037704,1.166583,1.489102,1.348809,1.252917,1.303139,1.211610,1.182671,1.191435,1.362770,1.294731,1.066454,1.033210,1.011734,1.320370,1.309067,1.814450,1.553613,1.284672,1.256149,1.276783,1.345131,1.393513,1.638388,1.484511,1.384360,1.609560,1.289551,1.015538,1.027738,0.991563,1.425913,1.385341,1.353985,1.470065,1.281785,1.097039,1.201901,1.196651,1.322936,1.335575,1.220188,1.258331,1.286775,1.271294,1.285236,1.272589,1.258789,1.122428,1.490457,1.635279,1.306701,1.455971,1.440783,1.284828,1.278769,0.974394,1.473573,1.201865,1.339048,1.572427,1.452877,1.624652,0.864626,1.174628,1.190903,1.113021,1.206337,1.898016,0.863678,1.092131,1.080114,1.174903,1.170278,1.037265,1.035075,1.079704,0.979230,1.205167,1.236787,1.219828,1.192006,1.200251,1.094419,0.999532,1.639712,1.273849,1.276824,1.409694,1.338381,0.901188,0.903090,1.652880,1.577598,1.536689,1.215297,1.261657,1.545911,1.532509,1.343904,1.206518,1.212339,1.010368,1.455423,1.231406,1.235253,1.167413,1.012338,1.000484,1.239255,1.391157,1.285762,1.179432,1.174458,1.202642,1.637025,1.424852,1.686729,0.972291,1.258295,1.255778,0.958234,0.948506,0.966247,0.955697,0.953443,1.003614,1.142073,1.282169,1.068307,1.072669,1.404645,1.106568,1.126879,1.130893,1.630650,1.733399,1.673272,1.677360,1.387204,1.304917,1.637378,1.376552,1.409720,0.966733,1.322542,1.467662,1.299831,1.293755,1.228743,1.259030,0.946114,1.354488,1.488853,1.516088,1.111747,1.629133,1.366508,1.424150,1.236263,1.251719,1.283202,1.291413,1.265248,1.270840,1.477305,1.615656,1.008236,1.321258,1.253687,1.240456,1.207999,0.851193,1.488146,0.986430,0.841160,1.390383,1.363130,1.340888,1.182175,1.196476,1.213288,1.241791,1.223905,1.447374,1.440269,1.216084,1.294849,1.406641,1.218180,0.933856
OldFrisian,0.539353,0.814799,1.070972,0.577814,0.391333,1.373529,0.403402,0.383500,0.440851,1.036530,0.309646,0.836425,0.673771,0.701900,0.479853,0.543180,1.063102,0.530363,0.815003,0.578577,0.820440,1.042925,0.787239,1.286242,0.870297,1.177109,0.512826,0.739192,1.069215,0.412231,1.102435,0.704328,0.664603,0.519697,1.150385,1.212009,0.467529,0.851300,0.628714,0.468236,0.624845,1.159600,0.517180,0.649924,0.619947,0.576699,1.422693,0.693423,0.382683,0.616610,0.590495,0.653429,0.951244,0.567295,0.557111,0.607685,1.070731,0.765018,0.679118,1.001270,0.595638,0.844731,1.217455,0.405848,0.317142,0.697111,0.383374,0.578843,0.411920,0.745944,1.006090,0.527600,0.987167,0.473341,0.343001,1.129767,0.598762,0.492614,0.394969,0.611921,0.474184,0.811247,1.135166,0.754519,0.839159,0.380437,0.874996,0.577617,0.562225,0.723286,0.574906,0.447408,0.639022,0.462032,0.984410,0.605437,0.386102,0.807632,1.132914,0.783493,0.800250,0.857722,1.124734,0.597849,0.714342,0.575725,0.724734,1.527276,1.088424,0.808508,0.651211,0.548027,0.564994,0.715681,0.666157,0.583391,0.630425,0.635322,0.745672,1.048045,0.726757,0.466162,0.972973,0.451517,1.180994,0.481184,0.756192,0.986515,0.509782,0.682269,0.782555,0.799910,0.327193,0.467660,0.979726,0.476412,0.692303,0.493255,0.675042,0.846581,0.494484,0.460649,0.505362,0.845576,0.679518,0.559095,0.607422,0.627282,0.613559,0.365438,0.665998,0.584490,0.623934,0.738872,0.569766,0.672113,0.398609,0.823576,0.969757,0.611455,0.372749,0.800066,0.472609,1.123154,0.812973,0.586189,0.796232,0.489512,0.928820,0.877506,0.667916,0.692340,0.951302,0.548127,0.408319,0.622200,0.256821,0.696715,0.389221,0.507595,0.449613,0.555228,0.584917,0.603669,1.019040,0.583653,0.729425,0.626290,0.558464,0.785895,0.550132,0.469799,0.612668,0.582614,0.807024,0.441258,0.486156,0.638611,0.577752,0.743153
Frisian,1.132836,1.814881,1.860742,2.314171,2.739041,1.916821,2.676671,1.801621,1.845594,1.597026,1.001243,1.530060,2.034315,2.461534,1.447563,1.397108,1.573286,1.635291,1.873180,2.568090,1.878232,1.602146,1.249645,2.156728,2.470025,1.038809,1.505572,1.542924,2.947749,1.988162,2.712509,3.512218,2.037335,1.757157,1.187120,1.506766,1.228860,0.966503,1.011808,1.418254,1.433263,1.643319,1.672657,2.400798,1.393225,2.549455,1.214064,2.105004,3.048267,3.199453,5.598544,5.689503,3.735976,1.705367,1.231011,1.362527,1.342938,1.948864,3.027682,3.683499,1.211488,2.633423,1.904677,0.808548,0.816835,1.607636,1.488811,1.839432,2.095696,1.641454,3.767987,2.820526,1.175118,2.089096,1.691053,2.389854,1.662872,1.682199,1.416130,1.743925,1.046708,1.115697,1.031340,1.234446,2.793150,2.883558,2.135440,2.123161,1.608500,2.023434,1.428401,1.425696,1.286398,2.639726,2.640294,0.709080,1.246882,1.273728,1.600379,2.483704,2.355291,2.145829,2.036138,2.921593,1.521192,1.433987,1.106529,3.146552,3.351445,2.431735,1.549852,1.376954,2.868793,2.082598,1.634757,1.085156,1.990034,2.041308,1.957944,1.490706,1.892355,2.093043,2.054289,1.333038,3.274448,1.897926,1.463914,1.461916,1.080171,1.659085,1.455315,1.416979,1.972483,1.043817,1.377633,1.453583,2.007065,1.666809,0.989629,1.929808,1.267919,0.848463,1.194772,0.936570,2.243232,1.146992,1.378620,1.462123,1.289279,3.153654,3.782003,2.570794,1.668605,1.642175,1.069291,1.136704,1.656651,1.656471,6.727405,3.290734,2.132969,2.290961,1.622724,1.445057,1.515195,1.587810,7.858008,1.627793,4.090392,3.281162,2.245398,2.107372,1.535449,1.599598,1.793461,0.898006,1.264148,2.592230,2.189470,1.205259,1.932208,1.404138,1.959706,1.405858,1.330323,1.446415,1.494521,1.266201,1.655413,1.811075,1.804043,1.312819,1.675303,2.148763,2.075839,3.072028,1.734094,1.336887,1.515311,1.098394
MiddleDutch,0.772729,0.397208,1.112683,1.178686,0.593369,1.563821,1.943928,0.582799,2.582717,0.310080,0.709965,0.326395,0.565845,0.608436,1.796850,1.172562,1.079027,0.873473,0.530926,1.174758,1.858848,0.586942,1.306584,2.596807,0.603053,0.783535,0.300474,1.573911,1.198143,0.528634,0.979387,0.496415,0.340179,2.234577,1.052277,1.382048,0.834634,1.764727,0.733004,0.890365,0.539727,0.695817,1.411633,2.243785,0.618303,0.399418,2.232080,1.044119,0.755529,0.634242,0.413299,1.014444,1.405912,0.962936,0.528704,0.674277,0.872223,1.529308,0.590158,1.377953,0.517544,1.807248,0.808171,0.240098,0.262072,0.746852,0.543750,0.443808,0.590718,1.128075,1.086141,0.901975,0.810575,0.623294,0.733012,0.926182,0.639618,0.560417,1.544864,0.275341,1.124390,0.881855,0.648740,0.628322,0.868234,0.587418,0.665039,1.133913,0.939277,1.444418,0.581979,0.489693,0.930017,0.798168,0.985714,0.415286,0.309981,0.584196,0.935943,0.716773,0.716773,0.773991,1.445341,1.203739,0.766346,0.144027,1.479824,0.656248,0.643277,1.310804,1.213088,0.538005,0.944620,0.494048,0.757562,1.860710,0.869260,1.177634,0.892478,1.355226,0.774298,2.066896,1.166811,0.460498,1.092520,2.219068,0.836159,0.305152,1.214486,0.877960,0.663087,0.653417,0.997055,1.178849,1.703533,0.959026,0.507165,1.117949,0.466361,1.336290,0.382004,0.318397,1.660870,1.330994,0.976182,1.575381,0.771493,0.758775,0.761497,0.358098,0.949182,0.531992,0.551204,1.615844,1.303962,0.242099,0.562100,0.449948,0.604307,0.901573,1.855691,1.173360,0.818858,0.387073,2.006643,2.077781,0.670484,1.084842,0.634328,0.715162,1.414057,1.153955,0.655928,0.740781,1.717341,0.589799,0.673008,1.177314,1.926344,1.234601,0.879267,0.970912,0.542598,2.154896,0.551729,1.410960,2.994488,1.349818,0.882138,0.368101,1.052603,0.748627,1.387253,1.363477,2.091678,0.770400,1.535255,0.933813,0.548985,1.531365
Dutch,0.699131,1.853462,1.026244,0.246851,1.207036,1.192411,0.605618,0.413540,0.781643,0.489070,0.660694,0.572301,0.690264,0.457380,0.591619,0.577631,0.491043,0.800077,0.746836,0.465636,0.647605,0.418890,0.334550,0.431294,0.979444,3.891182,0.390316,1.831663,1.510105,1.124780,0.459899,1.022421,1.139461,0.449662,0.432644,0.747080,0.420289,0.315085,0.475643,0.439295,0.447860,0.669338,0.394718,1.005624,0.337619,0.642071,0.485779,0.443993,0.828866,0.657240,1.457005,1.480677,0.773358,0.622615,0.606873,0.486605,0.910100,0.711272,0.570197,0.573922,0.360916,0.717314,0.848245,0.376504,0.543381,1.022552,0.417872,0.638085,0.832602,0.848873,0.453133,0.606299,0.809546,0.523371,0.411617,0.455046,0.729009,0.932855,0.492078,1.287751,0.568079,0.632239,0.446252,1.218328,0.431021,0.774247,0.577333,0.591099,0.340510,0.971258,0.599510,0.599881,1.362248,0.879325,0.590523,0.790258,0.498466,0.318798,1.082938,0.383645,0.363305,0.550599,0.265701,0.530342,1.003082,0.693240,0.442350,0.661268,0.715561,0.586986,1.417586,0.530577,0.361980,0.611402,0.528880,0.705576,0.621234,0.533252,0.602719,0.637735,0.398283,0.764662,0.624612,0.810812,0.332210,0.649592,0.518129,0.239115,0.713006,0.442372,0.547980,0.287838,0.312770,0.755220,1.112973,0.568285,0.508704,0.231008,0.277263,0.441455,0.452418,0.705808,0.501182,0.365727,0.605930,0.253433,0.388782,0.402669,0.403071,0.615941,0.510742,1.041748,0.385267,0.402036,0.456652,1.026538,0.305772,0.541041,1.566545,0.497167,0.835230,0.544603,0.766062,0.706065,0.562333,0.423803,1.526456,0.276994,0.570154,0.352095,0.636191,0.753652,0.563855,1.091238,0.508917,0.786818,0.889112,0.609434,1.112040,0.555840,0.441733,0.441715,0.933788,0.457463,0.411108,1.126963,0.714700,0.525155,0.565765,0.598997,0.529666,0.374687,0.395113,0.581636,0.298236,0.510046,1.331222,0.827273,0.818289,0.538468
Flemish,1.825229,2.354276,0.923580,0.568075,0.608510,0.997321,0.438997,0.551289,0.826831,0.581657,1.055391,1.191278,0.552149,0.809078,0.717858,0.724533,0.364121,0.667488,0.740547,0.426419,0.762749,0.434128,0.323009,0.296760,1.146720,2.607120,0.334960,0.913244,0.770519,0.932685,0.765154,0.776355,0.707675,0.745430,0.370688,0.757487,0.661419,0.467709,0.495777,0.670547,0.697206,0.493301,0.496193,0.717217,0.972174,0.411619,0.651790,0.493799,0.534634,0.713773,1.393088,0.737518,0.735761,0.678596,0.708132,0.700447,1.189747,0.692882,0.534596,0.443041,0.796528,0.746563,0.831838,0.345393,0.589266,0.762982,0.682587,0.551175,0.525835,0.736455,0.511275,0.621017,0.931109,0.408799,0.530093,0.469478,1.392083,1.923444,0.963273,1.354190,0.906265,0.771082,0.746323,0.810821,0.424729,0.305790,0.769828,0.413153,0.714740,1.190398,0.694780,0.695211,1.112591,0.486940,0.718872,0.550778,0.542171,0.302686,0.978118,0.515290,0.505074,0.453176,0.412998,0.464584,1.125138,0.829088,0.325822,0.488147,0.934704,1.224291,1.352945,0.386900,0.527510,0.691596,0.702967,0.863932,1.172656,1.046402,0.660406,0.622178,1.010613,0.926026,0.923673,0.852087,0.549705,0.722660,0.358000,0.319252,0.440275,0.352866,0.564916,0.955355,0.376959,1.018922,1.090732,1.079899,0.589776,0.499305,0.461127,0.523826,0.572715,0.855374,0.542127,0.630042,0.508008,0.771017,0.493578,0.502965,0.514409,0.797618,0.563728,0.511218,0.432835,0.352441,0.424936,1.223714,0.354400,0.363119,0.878717,0.345370,1.040802,0.978832,0.662170,0.509320,1.214258,0.664936,0.428677,0.448772,0.894883,0.422452,0.569866,0.827061,1.200699,1.013494,0.595652,1.006582,2.072437,0.570503,0.810638,0.462912,0.654027,0.311715,0.680582,0.587878,0.423289,1.107818,0.817373,0.671691,0.668949,0.568700,0.408483,0.290863,0.497685,0.374070,0.493190,0.445049,2.030959,0.639745,1.698646,1.260566
OldSaxon,0.886918,1.014119,1.390330,1.811251,0.896619,0.814220,0.412976,1.096760,0.796087,1.309662,0.682220,1.024240,0.846905,0.852951,0.961208,0.840250,1.154348,1.794751,0.833636,1.056036,1.328849,1.186181,1.197623,1.199477,1.153057,1.045933,0.530270,0.686369,0.644176,0.927699,0.837820,1.041323,0.565175,1.688149,0.810301,0.515991,0.890342,0.875835,0.659716,0.638919,0.572405,1.089960,0.752699,0.642036,0.958012,1.379788,2.371208,1.003235,1.008637,1.284618,1.298749,1.343820,0.964582,0.821582,0.423526,0.393730,0.964030,1.118334,1.457179,0.915867,1.013653,0.656674,1.192887,0.792836,0.833651,0.928535,0.611565,0.596217,1.035629,0.908459,1.387682,0.745976,1.332081,0.900772,1.050074,0.914701,1.237059,1.365276,0.789461,2.134018,1.040721,1.347636,0.943195,0.703119,1.538886,0.940558,0.784880,0.689372,0.804246,0.379715,0.454976,0.457494,1.173091,0.765150,0.795030,1.324161,1.496547,0.883170,1.501154,1.193569,1.109725,1.344303,1.070024,1.065902,1.653044,0.771505,0.444014,0.619968,0.990265,0.697489,0.651527,0.740304,1.047331,1.177083,1.380707,1.189783,0.716273,0.682161,0.602658,1.164850,1.808738,1.672889,0.777757,0.748656,1.044460,0.872671,0.923803,0.979917,0.772707,0.754194,0.564617,0.778539,0.347966,0.528424,1.241101,0.873347,0.770195,0.600762,0.983170,0.536811,0.608332,0.883551,0.774096,0.832699,0.631106,1.033625,0.838650,0.800692,0.857436,0.911879,0.725048,0.868981,1.023199,0.624174,0.737918,1.165753,0.896238,0.905685,1.001762,0.747054,0.802320,0.757621,0.824820,1.332208,0.838556,0.528407,1.302080,0.747335,0.687893,0.745796,1.318997,0.715474,0.563432,0.849130,1.115233,0.813476,0.799515,1.073283,1.761744,1.083912,0.466941,0.336886,0.657716,0.628896,0.622808,0.861869,0.804721,0.516939,1.383558,1.088867,1.585331,0.911733,0.590123,1.050545,0.829729,0.530427,1.148104,0.415773,0.618598,1.051111
OldHighGerman,1.007475,1.475218,1.430349,0.618169,0.693524,0.510574,0.488655,0.883785,0.740471,0.753104,0.622950,0.838502,0.870944,0.431005,0.500658,1.046304,0.950725,1.920817,0.638887,0.928213,0.305581,0.418684,0.636981,0.824219,0.684999,0.687878,0.522521,0.646209,0.535661,2.239335,0.555267,0.806989,1.262758,2.490629,1.153607,1.551599,1.962762,0.369393,0.504567,0.840741,0.596696,1.441141,0.935380,1.533406,1.279431,1.054959,2.120049,0.988096,1.793452,1.289990,1.083328,0.738001,0.553266,1.085164,0.441082,1.008455,0.821579,0.476201,1.962859,1.875400,0.791830,0.873371,1.351712,0.552197,0.194579,0.818774,0.632999,0.771362,1.173054,0.591940,2.508503,1.134426,1.487824,1.025913,0.523477,0.301059,0.970074,0.956441,0.710258,1.122624,0.904402,1.087103,0.468036,0.702194,0.337679,1.429350,1.353984,0.595510,0.680799,0.712963,0.317905,0.328475,0.638291,1.107318,0.540291,0.594060,1.430070,0.946691,0.561607,1.004798,0.788357,0.567681,1.119145,0.626599,1.360445,0.837276,0.572096,0.329023,0.672384,0.859783,0.707929,0.421114,1.341501,0.516396,2.289828,0.543289,0.828256,0.653181,0.499631,1.202597,1.203907,1.182344,0.970481,0.470509,0.641464,1.321137,0.668489,1.581593,1.649841,0.372575,0.336454,0.337481,1.578872,1.307652,1.090528,0.538228,0.561727,0.939384,0.898493,0.710498,1.680142,0.835584,1.376173,0.896215,1.647639,0.732596,0.535353,1.119179,1.006471,1.643699,0.837554,1.063940,1.126385,3.059050,1.044718,0.413890,0.626307,0.802793,0.815477,1.125980,0.682167,0.755352,0.497415,0.999845,1.884089,0.564645,1.197524,0.385259,2.071990,0.757224,0.497705,0.544887,0.884419,1.166376,1.135694,0.986493,2.355413,0.879585,0.952004,1.539784,0.734304,0.485390,0.816625,0.379001,1.061340,1.505046,0.664014,0.770360,0.691850,1.528294,0.645947,1.001949,0.444228,1.774207,0.902104,0.814455,1.389439,1.057965,0.408575,0.509453
MiddleHighGerman,0.1075010,0.1222747,0.7237237,1.0877768,0.7213746,0.4909928,0.5295669,0.4896774,1.4891270,0.4000603,0.4255440,0.6040132,0.4690911,0.2771152,1.5500568,0.3656483,0.3478676,0.6004247,0.3492735,0.7876896,0.3522729,0.3260373,0.2097134,0.9974373,0.1990786,0.3458242,0.6954978,1.6045006,0.5357768,0.1497620,0.8021215,1.5964434,0.1515378,1.2744775,0.2294518,0.3380772,0.2083687,0.1918260,1.2208699,2.1119031,3.7800634,2.0960594,1.0409831,1.8631047,0.7621705,1.3549759,0.5640401,0.6346657,0.4606050,0.3421097,0.2401563,0.3203738,0.1955817,0.7327272,0.2839312,0.7393899,0.6971353,0.8053821,0.8210428,0.4403166,0.1076056,0.2622136,0.2353453,0.1869545,0.1032302,0.2718422,0.2235131,0.4993981,0.7125642,0.0816266,0.4269549,0.3115131,0.2961806,0.1969106,1.4734235,0.7642915,0.1066538,0.8736764,0.3983026,1.9208220,0.7354882,0.7431220,0.6899628,1.4235635,0.7277954,0.5853277,0.2511631,0.4150837,1.1082653,1.6743364,1.3418448,0.4628728,1.0120344,0.3076074,0.2728991,1.2854241,0.7912723,0.3577303,0.4152713,0.1399846,0.1423499,0.3874315,0.1421791,0.4245181,0.3148876,0.4021045,0.8517107,0.6618287,0.3460453,1.1314125,0.3854487,0.1973883,0.2506596,0.4279165,1.3610337,0.3442202,0.1727471,0.8332528,0.8137063,0.3025142,0.1768717,0.6322829,1.3046363,0.2990263,0.1172324,0.1137506,0.4319113,0.9285906,1.4129871,1.5421518,0.2132349,0.2184646,0.1275070,0.4440399,0.2541439,0.2757402,0.8237578,0.2117821,1.4634585,1.3485751,0.5398095,0.6881580,1.3638453,0.3809266,0.4692129,0.3796333,0.4422060,0.3540920,0.5321369,1.3154511,0.7863981,0.7472877,2.0312206,0.4698575,0.1467370,0.1598970,0.3826626,0.2594371,0.2091250,0.3686204,0.2074419,0.1841728,0.1848669,1.3529790,0.5891664,0.1496458,0.2950606,1.3049523,0.4481001,0.2810286,0.4957299,2.3414141,0.6058818,0.5126371,0.6127676,0.4253234,0.2673559,0.7071740,1.3117729,1.8679762,0.7296336,0.6909961,0.9806611,0.5910340,0.5253723,0.3432408,1.7120908,1.1210138,0.5096323,0.1628931,0.4435086,0.8278971,0.3037117,0.5699033,0.3391137,2.3678713,0.7107004,0.3668197,0.7587987,0.6800492
Luxembourgish,1.587168,2.235742,1.600190,1.424438,2.275886,2.265597,3.162446,1.736588,1.542682,2.381665,1.319999,2.175540,1.237844,1.913867,1.424670,0.858001,1.602389,1.209200,1.168378,1.286190,1.592897,1.373125,1.332870,1.501770,1.968059,1.553346,1.612086,1.250074,0.700866,1.316050,1.514333,1.605743,1.478055,1.441007,1.100451,1.496463,1.261209,0.721344,1.031623,1.160193,1.187213,1.458714,0.961646,1.672384,1.659148,1.184635,2.375062,1.726233,0.933443,1.781034,1.763846,1.819144,0.904776,1.714834,2.336076,1.468896,1.278609,1.621810,1.161884,1.371485,1.462719,0.683087,0.665537,0.875526,0.870325,1.209654,1.314081,0.732519,1.746905,0.800591,1.374347,1.263600,1.641007,1.151476,2.723552,1.157515,1.526677,0.894613,1.395135,2.173010,1.165554,1.237744,1.238063,3.603881,2.146885,1.979536,1.282417,1.174291,1.174276,1.027225,0.974624,0.981815,1.616601,1.227103,1.163025,2.133244,1.101567,1.486961,1.210894,1.189566,0.920999,1.026769,1.304666,1.182153,2.928538,1.028749,2.010950,1.183768,1.266211,1.042251,1.260592,1.345536,1.270630,1.071717,1.567983,2.620443,1.981335,1.908194,1.476760,0.899160,1.893312,1.074638,1.148860,1.222163,1.696935,1.110131,1.773239,1.990538,1.406376,0.867033,2.807442,2.928470,2.527291,1.826784,1.286343,1.889076,1.297734,1.814944,3.892077,4.075584,1.054401,1.001200,1.199823,1.442394,0.755804,0.812339,0.918337,0.808223,1.120235,1.367005,1.431729,1.532320,1.254793,1.376588,1.302356,1.379418,1.456595,1.465253,0.819060,1.361875,2.144259,1.666876,1.106238,1.595073,1.028529,1.726507,1.903357,1.810935,2.021415,3.239223,2.132594,2.234922,1.741589,1.627097,1.127014,2.179171,0.912321,2.128800,1.672843,2.001329,2.756569,1.238783,1.499229,1.090204,1.986547,1.321418,2.159266,2.044664,1.619997,1.208343,1.329023,1.362192,1.546575,0.883186,0.900780,1.822701,1.918293,2.215413,1.296392,1.102943
German,0.349486,0.383217,0.619496,0.817502,0.462875,0.490181,0.293147,0.465703,1.140272,0.463626,0.694933,0.541667,0.414240,0.189202,1.143280,0.314562,0.702773,0.461687,0.397252,0.251276,0.442729,0.417527,0.233934,0.214688,0.177468,0.328633,0.328169,0.481063,0.298462,0.338741,0.365166,0.290917,0.703468,0.759690,0.251764,0.374696,0.248733,0.181749,0.163481,0.437173,0.323740,0.330059,0.627815,0.320314,0.266927,0.227085,0.495075,0.336146,0.194641,0.254877,0.423790,0.320653,0.199922,0.416621,0.568614,0.407248,1.090888,0.349713,0.766840,0.649576,0.137165,0.277094,0.285085,0.924605,0.654955,0.713331,0.220917,0.428144,0.302705,0.507580,0.400746,0.744387,0.267515,0.171678,0.385116,0.209949,0.296931,0.510823,0.342731,0.364200,0.618796,0.244871,0.452694,0.358898,0.298717,0.461789,0.367506,0.200661,0.215916,0.129949,0.210357,0.203665,0.178752,0.270359,0.374553,0.775759,0.563448,0.325911,0.336598,0.349748,0.302478,0.223757,0.229392,0.424279,0.284103,0.283755,0.239645,0.351966,0.322038,0.212447,0.155507,0.342694,0.226239,0.294649,0.644416,0.405939,0.254942,0.289949,0.349782,0.898814,0.241176,0.340342,0.703014,0.617549,0.349453,0.256579,0.394640,0.191860,0.245707,0.772695,0.380354,0.671741,0.245684,0.367927,0.132753,0.211115,0.234614,0.544980,1.006214,0.598201,0.261722,0.765120,0.611682,0.313694,0.286885,0.502684,0.527652,0.452846,0.234185,0.317762,0.266907,0.469078,0.585462,0.381397,0.348746,0.212400,0.195908,0.188849,0.613323,0.167326,0.537830,0.262186,0.439755,0.397692,0.174227,0.346663,0.376917,0.745086,0.410580,0.379212,0.423204,0.438644,0.540386,0.369783,0.165226,0.266287,0.335718,0.283864,0.503180,0.878392,0.836213,0.352391,0.569573,0.332357,0.389825,0.204038,0.212929,0.543195,0.402855,0.433635,0.404114,0.252553,0.525042,0.532203,0.441877,0.571429,0.312528,0.536423,0.312688,0.163877
GermanBernese,1.788344,2.015506,1.660758,3.977494,1.716391,1.817646,1.232132,1.405409,3.089607,1.680806,1.579463,1.587178,1.015622,1.633984,2.260006,1.422797,1.615229,1.130029,1.606094,2.701748,0.653997,0.965165,0.762723,1.058799,1.691928,1.115302,1.648464,1.421899,1.447423,0.736644,1.336628,2.058660,1.407629,2.097289,0.733685,1.385751,0.886578,1.000762,0.865563,0.969111,0.693379,1.402113,1.162109,1.162339,0.888793,0.895595,2.292691,0.821176,1.047594,0.993208,0.672071,0.793731,0.400260,1.422272,2.051805,1.545962,3.035724,1.961658,1.347946,2.002845,0.793912,0.868568,1.060365,2.209013,2.154654,3.235804,2.170651,1.749392,1.142101,2.380892,1.432865,2.276644,2.544553,0.754088,0.796369,1.135201,2.662540,2.269419,1.349253,1.385884,2.343014,1.135991,0.864896,2.272639,1.248529,1.282943,0.875849,1.052517,0.845522,0.906784,0.472927,0.457882,1.934216,1.195474,1.036159,4.600961,1.681540,0.909054,1.098550,1.088743,1.643944,1.459184,1.644553,1.163479,1.068452,0.675129,0.758872,1.572617,0.896813,0.913798,1.287769,0.771307,0.835636,1.929526,1.732723,1.468482,0.994907,1.311798,1.208551,3.001880,1.021601,2.079986,2.315895,1.357996,1.284276,1.615186,1.283264,0.814493,1.056540,2.412369,1.227947,1.303830,2.107911,0.848855,0.865782,0.972954,1.826536,1.580982,1.842213,1.409694,0.872054,1.527572,1.009977,1.006291,0.726971,2.695969,3.174122,1.054461,1.846987,1.146710,1.607317,1.213725,2.981044,1.053020,1.122460,0.860108,1.344388,1.295949,0.888797,1.567630,1.846217,1.624220,2.400413,1.131237,1.032312,1.411484,1.385635,2.012151,2.292690,1.539438,1.119566,1.275926,2.232045,1.629442,0.799084,1.614800,1.297069,1.406744,0.867584,2.798122,1.342430,1.305131,1.523880,1.016220,1.258860,0.708567,2.633006,1.013097,1.543835,1.014086,1.310722,1.419849,1.675798,1.292951,2.209871,2.725161,1.570649,1.257908,1.052383,0.739782
Latin,0.264195,0.234770,1.899766,1.215628,0.954085,0.883689,1.835506,0.476299,0.348609,0.750126,1.455352,0.589375,0.552198,0.701197,0.626433,1.482628,0.545853,0.224549,0.969730,1.500146,0.862380,0.956489,0.572788,0.824345,0.295768,1.743365,0.558600,0.534671,1.098812,0.318133,0.728931,0.307266,0.332336,0.697502,0.789078,0.455542,0.310679,0.298779,0.840574,1.046873,1.118940,0.307843,1.081943,0.758871,1.542544,0.298593,0.295380,1.101993,1.019151,0.655983,0.601027,1.178029,0.347442,0.848818,0.362698,0.632949,0.710735,0.292432,0.414121,0.982870,0.271971,0.935076,1.010531,0.225956,0.117520,0.491784,0.657453,0.894598,0.368903,0.755895,0.964850,0.861471,0.540518,0.805795,0.290469,1.059421,0.292657,0.641029,0.968676,0.779152,0.684295,0.727397,1.219130,0.795350,0.548710,0.518159,0.419711,0.832875,0.468590,0.525335,0.274301,1.198310,0.731905,0.562601,0.410479,0.732841,0.353291,0.364440,0.796956,0.259218,0.255765,0.257169,0.720301,0.828362,0.625801,0.458817,0.534580,0.720594,0.882128,0.546678,0.384606,0.822008,0.373955,0.455700,1.275505,0.785758,1.141455,0.551861,1.173229,0.532926,0.529113,1.036821,0.645659,0.668971,0.694368,1.004851,0.386329,0.582061,0.311176,0.759021,1.329416,1.329416,0.784507,0.489342,0.492677,0.235514,1.077854,0.799723,0.645717,0.549311,0.578912,1.053853,1.631895,0.469764,0.374920,0.365423,0.557748,0.390942,1.278403,0.492243,0.187018,1.094214,1.427377,0.444316,0.531565,0.787995,0.391423,0.399810,0.611959,1.671644,0.288900,0.499186,0.737952,0.344024,0.584586,0.486148,0.458064,0.466864,0.738092,1.979345,0.689131,0.283734,0.795400,0.592792,0.757081,0.708467,0.832508,0.602162,0.564609,0.474559,0.447963,0.360614,0.429928,0.268401,0.517473,0.623292,0.260973,0.514592,1.098772,0.544270,0.310847,0.960564,0.265026,0.473202,0.497312,0.488954,0.866921,0.560765,0.383337,1.021371
Romanian,0.571205,0.644723,0.772501,0.839260,0.798227,0.810096,0.641265,0.644421,0.846123,1.132752,0.809696,0.664970,0.826783,1.053140,0.647044,0.799099,1.351685,0.496190,0.588737,0.691703,0.695305,0.921001,0.663935,0.738189,0.884574,0.678084,0.893697,0.867031,0.890325,0.871026,0.942519,1.012193,0.704525,0.881541,0.891379,0.666760,0.546551,0.663601,1.014062,1.003945,1.122478,0.822095,1.050077,1.603807,2.303902,0.799645,0.580503,0.429685,0.701212,1.289271,0.879787,0.878257,0.522131,0.721529,0.906264,0.968120,1.041266,0.787794,0.731811,0.708555,0.407986,0.925000,0.450953,0.523083,0.251038,0.661544,0.714129,0.825547,0.560491,0.734315,0.894792,0.915056,0.328872,0.777931,1.548837,0.844246,0.793874,1.080946,0.498663,0.372059,0.771378,0.657553,0.798945,1.303294,0.499990,0.458757,0.409029,0.861282,0.883876,1.217879,1.204078,0.727606,0.906645,0.637589,0.640827,0.832964,0.841696,0.630111,1.100971,0.623517,0.608171,0.604356,0.959597,0.549101,0.985850,0.609787,0.730077,0.926361,0.821721,0.464925,0.444390,0.604485,0.563793,0.844664,0.909003,1.105333,1.500305,0.890677,1.265782,0.760393,0.565920,0.579642,0.784418,0.687629,0.752099,1.029310,0.910095,0.939993,0.502642,0.330488,0.687320,0.683032,0.680271,0.801532,0.817285,0.647189,1.400454,1.423195,0.686618,0.799674,1.187507,1.383090,0.898948,1.342945,0.860294,0.665648,0.732449,0.744714,0.642989,0.750861,0.774487,1.480451,0.860379,0.410546,0.764555,0.979091,1.324680,1.359174,0.995577,0.586858,0.455491,0.576371,1.009807,0.663506,0.942428,0.903872,1.139415,0.792899,0.599519,0.637057,0.633165,0.758101,1.686124,1.568349,0.853230,0.489801,0.890008,1.018295,0.904388,0.635842,0.492460,0.536131,0.586366,0.848888,1.101902,0.665972,0.507953,1.075371,1.012750,1.007413,1.030997,1.803131,0.878817,1.001657,1.003495,0.997706,1.519341,1.024728,0.869196,0.931094
MeglenoRomanian,1.132482,1.173819,1.200586,1.150211,1.153200,0.936203,0.721023,1.190683,0.729917,0.634626,1.150989,0.925240,1.151288,0.775512,0.503170,0.983497,1.476656,0.962688,1.012613,0.971459,1.250847,1.089490,0.986137,1.245651,0.682046,1.213602,1.347913,1.150062,1.239626,1.218961,0.940745,1.336489,1.026003,1.261745,1.563238,0.945913,0.587678,0.796050,1.071192,1.442570,1.981097,0.880731,1.338502,1.992147,2.240071,1.285367,1.249282,0.726286,1.389195,1.330458,0.874225,0.872705,1.060305,0.785373,0.775962,1.030878,0.973260,1.339161,1.242847,0.888324,0.815102,0.934159,0.936031,0.535622,0.528747,0.577009,0.934203,0.927595,0.713426,0.918983,1.088576,1.062687,0.623183,1.298156,1.322443,1.514176,1.089701,1.643221,0.800658,0.972042,0.952788,0.565132,1.110556,1.494632,0.751773,0.751314,0.848554,0.758104,0.777992,2.529973,1.588889,1.585277,1.465606,1.157801,0.679988,1.037346,0.692135,0.679730,0.947818,1.025530,1.000289,0.994014,1.088966,1.133589,1.205327,0.799557,0.536614,0.995784,1.032823,0.726610,0.721313,0.661364,0.648961,2.015882,1.179946,1.745669,1.430965,1.003284,1.624443,1.304361,0.673370,1.051376,1.152774,1.390521,1.397443,1.532382,2.095139,1.287913,0.688426,0.918659,1.046891,1.040360,1.036154,1.121746,0.863974,0.889815,1.969802,1.294959,1.775139,1.489462,1.153955,1.657557,1.641708,1.696541,1.013919,1.269570,1.341858,1.364327,0.769398,1.205904,1.794356,3.245703,1.405166,0.457458,1.428656,1.383829,1.159147,1.189331,1.648717,0.900628,0.959431,0.609694,1.146614,1.054670,1.012962,1.439356,1.503609,1.119376,0.836969,0.889376,1.998498,1.775251,2.748990,1.772514,1.333992,1.031670,0.955599,1.415261,1.046672,0.998124,1.000274,0.845180,1.055116,1.409539,1.364229,1.070356,1.015782,1.338524,0.905236,1.723903,1.977277,1.736507,1.528116,1.343164,1.345628,1.240955,1.798951,1.369025,1.132902,1.924642
DalmatianVegliote,3.512381,3.518135,1.280674,1.540357,1.540899,1.051238,1.077030,1.069164,1.028095,1.619967,1.679698,1.287468,0.999307,1.196383,1.235970,1.780105,1.771234,1.884580,2.457140,0.960114,1.261808,2.001035,2.025139,3.262898,2.525811,2.367177,2.871133,2.134700,2.186804,1.961116,1.939971,1.534929,3.128234,0.879778,1.335561,1.137436,1.598263,1.588038,1.422346,1.448086,1.289399,1.387286,1.306778,1.450897,1.420540,1.428034,0.796572,1.016016,1.044041,1.062757,1.128083,1.150924,1.187955,1.366749,1.208711,1.438541,1.239830,2.281441,1.519516,2.653177,0.730398,2.375574,2.360598,1.479506,1.477262,1.456656,1.424605,2.378619,0.812287,1.759867,1.953610,0.922733,1.196271,1.824295,1.356499,1.560061,2.079106,1.251278,1.100271,2.728389,1.763484,1.314476,0.880759,1.808057,1.039960,1.033941,0.723776,0.762870,0.506952,1.224404,1.160511,1.196392,0.945007,1.170512,1.146340,1.399473,1.434884,1.608210,1.590211,1.081658,1.063969,1.472206,1.402850,1.617769,1.593741,1.469687,2.785205,1.806164,1.219917,1.639803,1.801022,3.179003,1.777467,0.934924,1.272033,1.364750,1.538479,1.476756,2.114141,1.177474,1.651254,1.394696,1.066855,0.906874,1.945156,2.212571,1.652605,1.200189,0.931559,0.770731,0.737664,0.744688,1.267323,0.851423,1.425878,0.709676,1.559021,1.314805,1.491735,1.353651,1.642022,0.961995,0.969840,0.988366,1.308383,1.676717,1.729912,1.690299,1.778976,1.434202,1.511691,3.148201,2.419509,1.271915,0.977388,1.174675,2.081910,2.078943,1.495268,1.654178,1.018007,2.089997,2.416983,1.347775,1.617442,1.943407,1.103537,0.954090,1.935748,1.394699,1.972350,2.008713,1.100909,1.458450,1.105510,1.381922,1.880553,2.621209,2.623884,1.534524,0.760615,1.420400,1.254033,0.714147,1.133567,1.811159,1.333418,1.761282,1.047685,1.027005,1.144036,1.155628,0.919736,1.532159,1.556265,1.572339,1.919964,1.764648,1.382437,1.370216
Neapolitan,0.747108,0.764602,0.425997,1.116413,0.784796,0.789907,0.631256,0.457674,0.441719,1.067190,0.615546,0.816374,0.834799,0.340750,0.546670,0.654022,0.768473,0.751622,0.722231,0.620986,0.692959,0.633736,0.828055,0.606106,0.604915,0.791354,0.778065,0.634704,0.649034,0.673461,0.583297,0.549459,1.130566,0.570320,0.528611,0.824535,0.626947,0.620048,0.594401,0.607442,0.991236,1.625096,1.156454,1.510414,1.158967,0.586473,0.541622,0.578484,0.784650,0.667563,0.516687,0.536406,0.547847,0.593076,0.577238,0.647450,0.617317,0.685718,0.435379,1.004642,0.901876,0.702982,0.759987,0.419702,0.419358,0.690274,0.543993,0.630767,0.724027,0.665866,0.601205,1.071721,0.582435,0.636723,0.729447,0.868166,0.701985,0.590436,0.605736,1.051227,0.865577,0.689934,0.532644,0.915753,0.597869,0.614628,0.583258,0.588087,0.558781,0.690456,0.468489,0.473685,0.550253,0.641025,0.639039,0.565300,0.566460,1.169985,1.017196,0.998150,0.995409,1.001100,0.591096,0.843950,0.823758,0.457625,0.719954,0.576570,0.688505,0.646324,0.473166,0.840673,0.567004,0.898717,0.833053,0.724188,0.880861,0.874180,0.700898,0.523008,0.488110,0.542722,0.528840,0.450007,0.587583,0.590075,0.629660,0.912344,0.594299,0.389861,1.018544,0.997549,1.231081,1.460660,1.492117,1.340041,0.871174,0.736439,0.571851,0.614196,0.529229,0.504816,0.407625,0.669398,0.570724,0.523446,1.180530,0.536609,0.659572,0.480888,0.486160,0.811648,1.015368,0.590346,0.580010,0.896722,0.791622,0.792154,0.949997,0.631610,0.641469,1.027108,0.966508,0.689902,0.678952,0.804335,0.536993,1.175448,0.580610,0.589877,0.982922,0.968556,0.681924,0.400453,0.585279,0.423773,1.033955,1.177907,0.759971,0.788128,0.362486,0.452818,0.435320,1.438974,0.819017,0.599274,0.731054,0.804552,0.905461,0.480509,0.698244,0.673768,0.440145,1.453112,1.179977,0.970776,0.587128,0.646078,0.775845,0.950946
Italian,0.697230,0.538467,0.696375,0.307620,0.470078,0.262684,0.194406,0.135951,0.249424,0.371338,0.172994,0.292216,0.407095,0.265284,0.313059,0.379941,0.328900,0.358773,0.818293,0.191519,0.146299,0.149855,0.439143,0.420194,0.437153,0.366271,0.880594,0.529643,1.156395,0.653145,0.375881,0.262542,0.265588,0.334531,0.232474,0.200104,0.203458,0.735148,0.129025,0.241310,0.253951,0.684934,0.600963,0.668526,0.500762,0.466588,0.641704,0.381096,0.167771,0.225912,0.302594,0.307026,0.395299,0.474691,0.366140,0.980802,0.570355,0.281009,0.349149,0.752902,0.415798,0.413754,0.551365,0.371288,0.372808,0.271587,0.231228,0.552406,0.163989,0.647936,0.620929,0.567690,0.203044,0.482971,0.288052,0.441853,0.506709,0.261687,0.292881,0.429797,0.310457,0.521305,0.303435,0.247398,0.109435,0.116397,0.702704,0.399428,0.478130,0.299357,0.312315,0.319945,0.225911,0.333282,0.213590,0.512986,0.448481,0.413123,0.324884,0.515608,0.404075,0.341162,0.191499,0.257463,0.422440,0.256973,0.464510,0.388003,0.239016,0.197004,0.253333,0.390031,0.435690,0.218457,0.296737,0.572480,0.384780,0.199325,0.465644,1.027561,0.377001,0.304091,0.202056,0.348301,0.397301,0.308589,0.262813,0.626798,0.497588,0.322939,0.336363,0.340925,0.392147,0.586897,0.626312,0.380156,0.322469,0.476038,0.383419,0.260829,0.345842,0.290833,0.335246,0.713450,0.291613,0.301976,0.230543,0.179110,0.239316,0.282348,0.269806,0.299531,0.729574,0.180871,0.193022,0.497422,0.468958,0.432753,0.252169,0.285175,0.496229,0.231522,0.534112,0.422641,0.161534,0.185267,0.390869,0.381950,0.362995,0.296871,0.483853,0.449885,0.187206,0.336605,0.309830,0.302613,0.575464,0.166760,0.320913,0.343566,0.410262,0.392015,0.455209,0.371442,0.416495,0.255367,0.467876,0.198695,0.397663,0.395104,0.251260,0.152734,0.309312,0.278241,0.540167,0.379130,0.544155,0.326692,0.584101,0.353734
Friulian,1.874523,0.894254,0.768018,1.060475,0.636456,0.597000,0.456139,0.463630,0.456853,1.243215,0.656789,1.032561,1.081224,0.537786,0.518638,1.230974,0.885804,1.189824,1.118524,0.885700,0.768394,0.731400,0.790242,1.979842,1.192390,0.754166,0.858586,0.543669,0.617539,0.701287,1.304197,0.738407,0.666979,0.794167,0.412670,0.960861,0.532805,0.879099,0.805233,0.803610,0.788870,0.683765,1.093214,1.097072,0.700206,0.768052,0.742824,0.737926,0.775123,0.787004,0.632226,0.736809,0.546685,0.736058,0.589362,0.781561,0.775317,0.848429,0.772365,1.510164,0.612192,0.924430,0.752288,0.837641,0.464677,0.883090,0.582274,0.552465,0.308438,1.820786,0.840085,0.826968,1.166164,0.751269,0.573346,0.891459,0.867251,0.552974,0.867876,1.000379,0.813380,0.645986,0.770778,1.322511,0.489682,0.561403,0.719190,0.885518,0.851353,0.612658,0.612218,0.617258,0.653570,0.846458,0.862761,0.758962,0.485309,0.771775,1.085164,1.095586,0.693095,0.580591,0.884674,0.721764,0.512125,0.749626,1.135804,0.734444,0.612616,0.980315,0.679775,1.238856,0.954206,1.413478,1.219999,0.485020,0.589310,0.864606,0.793757,1.314351,0.607966,0.904635,0.942765,0.765166,1.049257,0.752147,0.687303,0.695109,0.749067,0.872158,1.145808,1.126025,0.808177,0.880871,1.101054,0.935215,0.639102,1.534657,0.862297,0.638562,0.683924,0.428411,0.691143,0.694813,0.369404,0.494378,0.741559,0.386681,0.526208,1.275371,0.709544,1.035922,1.071727,0.811074,0.545001,0.924835,0.891722,0.920016,0.572419,0.512580,1.222889,1.044324,0.952828,0.784574,0.848849,1.088248,0.954295,0.599441,0.882012,0.900769,0.612322,0.636909,0.532550,0.787831,0.402841,0.476620,0.677594,1.289760,0.966969,0.769482,0.425433,0.538754,0.582794,0.665103,0.696251,0.915741,1.076933,0.663763,0.659948,0.640089,0.884762,0.887842,0.521720,0.696820,0.536276,0.922064,1.775661,1.274064,0.685388,0.825311
Ladin,4.281166,1.671685,1.654850,1.962447,1.216712,1.141284,0.809929,1.098316,1.082262,2.746400,0.710653,1.900781,1.180081,1.042648,0.729706,1.769937,1.044007,1.140274,1.708267,1.571727,1.524715,1.534143,2.968289,4.033458,1.756949,1.583075,1.756285,1.829814,1.892911,1.694226,2.141652,1.895173,1.148683,1.816832,1.163210,1.002365,1.464110,1.859033,1.230616,1.228134,1.205609,1.254955,1.500382,1.598233,1.364186,1.943611,1.364674,1.296617,1.187887,1.206096,1.291916,1.242209,1.231610,1.174609,1.245092,1.398335,1.869211,1.462084,1.360868,1.952464,1.664439,2.850793,2.350839,1.222930,1.221133,1.897016,1.648125,1.287599,0.733070,2.399182,1.937989,1.073786,1.768827,1.164456,1.251013,1.515287,1.399901,0.724591,2.324545,1.762646,1.436052,1.863466,1.394217,1.824634,1.075315,1.043382,1.406801,1.468421,1.411767,1.415150,1.414134,1.425777,1.060243,1.163941,1.186358,1.303677,1.250316,1.333123,1.208263,0.728735,1.075681,1.124353,1.322936,1.200432,0.818544,0.977839,1.338202,1.414876,1.497383,1.643455,1.238602,2.078155,2.085965,3.411365,2.244528,1.255366,1.109310,1.119867,1.180119,1.812942,0.837526,2.144311,1.584709,1.629051,1.308258,1.334860,1.017812,1.031308,2.134303,1.458466,0.823543,0.834267,0.850384,1.185465,0.745651,0.676857,1.255186,2.385228,1.798543,1.095182,1.209712,1.193046,1.227190,1.233708,1.211250,1.213218,1.312326,1.310556,1.209837,2.148938,1.205913,1.736144,1.483426,1.649296,1.136530,1.878105,1.614488,1.665715,0.760787,1.539632,2.502612,1.885040,2.033504,1.793809,1.412058,1.953491,2.145402,1.221761,1.884769,1.924850,1.151229,1.197454,0.909392,1.060619,0.812933,1.044847,1.846782,2.370987,1.876689,1.854833,0.755914,0.893112,1.101318,1.279947,1.115849,2.148123,2.654105,1.299104,1.458295,0.927377,1.419173,1.939483,1.457441,1.214466,1.571442,1.661922,2.647112,2.337281,1.359583,0.956093
Milanese,1.547311,2.216307,1.356738,1.337513,0.896518,2.306718,0.532406,0.908308,0.952870,1.182156,1.137208,1.834810,1.564056,1.112991,1.191692,1.094327,0.734093,1.582411,2.673838,1.179014,1.610011,0.790459,1.273739,2.568694,2.308186,0.973663,2.617553,3.153288,3.117312,1.981507,1.788323,2.199010,3.680636,1.227448,0.745040,1.263537,1.257458,1.538131,0.663577,0.654389,0.910102,2.039504,1.702069,3.340993,1.111553,3.175851,3.187592,2.030415,0.938212,0.927914,0.523277,0.804961,0.709111,1.977073,1.845682,2.579185,1.380804,1.275965,2.344451,1.693116,1.508393,2.157967,2.089352,2.218116,1.985130,1.610592,0.791701,2.932274,0.633787,1.329723,2.405430,1.516150,0.906261,1.455320,1.600983,2.015335,2.671587,1.783714,1.490582,3.933335,1.107081,2.316168,1.016860,1.273961,0.526285,0.536961,3.324652,2.915670,1.947491,1.003521,1.076493,1.102796,0.821938,0.622783,0.602963,2.077024,1.047106,1.477502,2.097182,1.718805,1.534130,1.306278,1.200140,0.918159,1.911063,1.747727,2.357750,1.929182,0.930134,1.279234,1.296489,2.707810,1.196061,1.423090,1.349863,2.757035,1.234373,1.221846,1.527394,2.464192,1.146707,0.970107,0.839603,1.100507,1.863304,1.666258,1.738748,2.403217,1.045862,0.988418,1.664701,1.687279,1.389208,1.588835,1.281514,1.366231,1.530772,1.311084,1.363285,1.497262,1.038638,0.971053,1.659657,2.474791,2.148055,1.294801,1.444833,0.719023,0.637579,1.042509,1.192716,1.197915,1.134077,0.637801,0.694124,1.265253,1.802201,1.663065,0.776386,1.667032,1.035726,1.092112,1.711958,1.243499,0.947663,1.137497,1.803937,2.292373,1.038306,1.346965,2.529362,2.351792,0.934387,1.076994,1.757125,1.005738,1.928802,0.821062,1.053683,1.739097,1.218527,1.624553,1.039925,1.710999,1.927626,1.433887,3.232702,1.826398,1.833606,1.937886,1.831764,1.835086,1.288132,2.183658,2.189695,2.269210,1.037305,1.166738,2.141014,1.761916
SardinianNuoro,0.815518,1.550137,0.964706,1.445998,1.609334,1.740217,2.780759,2.637288,1.654564,0.980524,1.703171,3.552020,2.413743,2.097990,2.335435,1.483855,1.343445,1.239117,1.596518,1.759740,1.889485,1.961973,1.928361,1.597649,0.926141,1.228344,1.694385,1.230032,1.182958,1.089938,1.801294,1.900002,1.172291,1.811323,1.477619,0.958451,1.082524,1.448758,1.837378,1.823602,1.664220,1.600067,2.287674,1.377137,1.435910,0.969756,2.448765,2.324239,4.361051,2.502931,1.954839,1.927850,1.471787,2.071009,2.016747,1.153717,1.575887,1.791589,7.438176,3.109090,2.227954,1.151518,1.136411,0.630686,0.951916,1.007788,2.485756,0.815373,1.539926,1.280940,1.074831,0.861094,0.715423,1.532055,3.082942,2.205017,0.716084,1.472750,3.240085,1.017977,2.823265,1.403703,2.206326,1.233436,1.587188,1.083303,1.583020,1.479271,1.443166,0.834753,0.818817,0.799124,0.831214,1.541509,1.562430,2.872718,2.885179,1.055809,1.264342,1.086318,1.122487,1.893116,1.342826,1.412087,0.841064,1.323100,1.161580,1.887286,1.594615,1.143649,1.301893,0.952125,1.666294,0.693530,0.916072,1.342507,2.098750,2.063479,1.186195,1.127439,0.838999,0.952704,0.895685,0.963624,1.982942,1.786305,2.237692,1.776058,2.290155,1.878935,3.027961,2.989311,2.410456,1.752355,1.691439,0.837414,1.042702,1.464481,2.189391,2.553870,0.595126,0.630171,0.950761,0.932743,1.337216,1.000157,1.130312,1.774681,5.186782,2.871117,2.866765,1.529019,1.264102,1.386755,1.106665,0.856807,1.655903,1.588344,1.195289,1.107002,1.223206,1.167677,2.655648,1.891538,2.993338,2.302296,1.917580,0.784571,1.333236,0.778994,0.921923,0.934806,2.214718,1.941864,2.155190,3.071362,3.123391,2.079343,1.560241,1.341837,0.980414,1.255170,2.612026,1.123539,1.937935,1.143511,1.475824,1.240746,1.175310,1.184558,1.963599,1.485808,1.139906,2.061814,1.907533,1.725017,2.052446,1.484830,0.674396,1.089717
SardinianLogudoro,0.325642,0.329446,0.404810,0.853871,0.887460,0.617665,0.633731,0.782653,0.670781,0.553967,0.354519,0.716798,0.916156,1.029564,0.545835,0.457116,0.614359,0.631296,0.449921,0.649714,0.619656,1.202012,0.746418,0.409054,0.223494,0.298092,0.427530,0.267624,0.257382,0.567170,0.235451,0.574363,0.814467,0.595361,0.725346,0.328028,0.760110,0.526133,0.456823,0.775187,0.471158,0.728186,0.428595,0.544116,0.722009,0.455187,1.188743,0.899180,1.011104,0.656812,0.741397,0.731161,0.816748,0.615074,0.523999,0.520339,0.654923,0.368720,0.732476,1.152944,0.889273,0.573657,0.451211,0.244715,0.480776,0.252413,0.340965,0.333570,0.442198,0.426939,0.621085,0.483617,0.354971,0.810770,0.773685,0.364594,0.466249,0.835190,0.925657,0.576773,0.721167,0.824326,0.392232,0.568670,0.381681,0.382263,0.539781,0.524527,0.429573,0.336440,0.430769,0.420408,0.291713,0.573551,0.581335,1.334039,1.019744,0.250454,0.486009,0.494013,0.510461,0.536418,0.710629,0.355711,0.216714,0.412565,0.394957,0.715640,0.875733,0.493344,0.395243,0.395405,0.644109,0.527885,0.365264,0.524649,0.659679,0.798873,0.470410,0.376959,0.317267,0.468168,0.440148,0.343508,1.207184,0.923131,0.759086,0.644409,0.277112,0.778023,1.172557,0.812926,1.139762,0.679010,0.713113,0.583043,0.267556,0.696184,0.854599,1.077192,0.275722,0.358720,0.555565,0.474439,0.483064,0.426494,0.448394,0.848924,1.744089,1.281147,1.267079,0.736010,0.532533,0.502444,0.328470,0.201332,0.569140,0.545919,0.564146,0.693541,0.371726,0.721631,0.506352,0.801969,0.729824,0.900116,0.662659,0.312161,0.387851,0.440810,0.435669,0.567994,0.784369,0.687734,0.705036,0.738109,1.363682,0.604139,0.422774,0.285744,0.518438,0.217671,0.817109,0.413554,0.426180,0.430990,0.572692,0.371227,0.543913,0.455115,0.736619,0.575866,0.578393,0.713465,0.660078,0.970679,0.917026,0.354048,0.293593,0.449682
OldFrench,0.324772,1.048988,0.414942,0.854501,0.298776,0.695783,0.452140,0.966791,0.775983,0.800115,0.939990,0.653604,0.295156,0.913398,0.678657,0.777045,0.635546,0.568993,0.603392,2.261997,0.813215,0.549423,0.549423,0.726785,1.863487,1.285528,0.576416,0.526431,0.569995,0.632251,1.210986,0.750508,1.595869,0.521511,0.521252,0.456997,0.645073,1.877608,0.453160,0.407266,0.100490,0.707478,0.612567,0.443954,1.103432,1.946790,0.839923,1.670798,2.250649,0.657953,0.580812,0.965592,0.821540,0.421344,0.883858,0.648409,0.975891,0.987695,1.082616,0.418861,1.461599,0.764280,0.598670,0.664353,1.742313,1.330011,0.808093,0.791227,0.522748,0.792928,0.927902,0.859817,2.364812,0.722388,0.747495,0.777886,1.327153,0.517379,2.191504,0.704789,0.875386,1.263317,0.854129,0.916597,1.351672,0.376679,1.355308,0.724708,0.724708,1.851872,1.170630,0.610922,0.630695,0.549236,0.510905,0.347409,0.917461,0.548045,1.261002,0.845867,0.453341,0.414798,1.187950,0.875396,0.517468,0.670589,0.599038,0.850669,1.127180,1.303819,1.304795,0.430802,1.456858,0.501884,0.616221,0.569621,0.890900,0.845898,0.493369,1.117807,0.713226,1.134462,0.872810,0.686846,0.729645,0.947411,0.439721,0.683660,2.247415,0.875876,0.681869,1.865365,1.595130,0.701999,0.579510,0.761064,0.426007,2.765986,1.401136,1.584854,0.809695,0.740692,0.265214,0.988723,1.122786,0.460765,1.176170,0.587349,0.785126,1.226041,1.266575,0.517246,0.584409,0.693787,1.447381,1.223800,0.777770,0.777770,1.212146,0.873036,0.555889,0.538829,0.971557,1.197794,0.597120,2.532857,0.295536,0.980521,1.080641,0.788306,0.530727,1.348562,0.914649,1.690814,1.440141,0.543300,0.768048,0.613172,2.695077,2.695077,0.799712,0.816548,1.286201,2.858970,1.172614,0.799007,1.742481,0.677645,1.003004,1.018741,0.887196,0.319522,0.839772,1.228062,0.510056,1.671746,0.341250,0.372796,1.253817,1.296629
AngloNorman,0.805437,0.465010,1.377666,0.897524,0.878246,0.788814,0.729739,0.365651,1.343833,1.833216,1.312203,1.236118,0.685077,0.780702,0.922666,0.437526,1.396110,0.582379,1.446885,0.894479,0.339479,1.186017,0.561486,1.831059,0.764860,0.551496,0.377239,0.277213,0.327138,1.245487,1.685714,0.509640,0.304287,1.547558,0.712007,2.099219,0.901103,0.864599,0.340384,0.218965,0.474248,0.811399,3.022637,0.536424,0.688859,0.329444,0.293288,0.533778,0.286855,0.453469,0.880168,0.880168,0.594955,0.437699,0.647106,1.224290,0.829551,0.608238,0.779934,0.848665,1.406922,2.279199,1.005296,0.937361,0.298696,0.661579,0.227453,0.273301,0.493864,1.137033,0.258498,0.950133,0.365332,0.586825,1.771657,0.330517,0.592413,0.951351,1.894483,0.556814,0.639442,0.891488,1.062170,0.847114,0.359677,0.508455,1.914212,0.677654,1.059029,0.352353,0.829800,1.330131,0.349305,0.510160,0.296047,0.340068,0.452259,0.593578,0.585910,0.435535,1.009506,0.731780,0.294851,1.978902,0.274053,0.802475,1.583241,1.573389,1.095868,1.145003,0.355141,0.721382,0.887567,0.381216,0.786816,0.432841,1.030491,1.275385,0.425935,0.393491,0.671012,0.832843,0.540880,0.582364,0.990502,0.455563,0.994268,0.771235,1.187227,0.792596,0.500013,0.604671,0.317331,0.507542,0.483370,0.663754,0.433939,0.677082,1.648022,0.514803,0.389223,1.018274,0.833052,0.177283,0.544480,0.445378,0.384782,0.204425,1.148474,0.414151,0.438766,0.378667,0.799840,0.493768,0.415121,0.348495,0.349240,0.401913,1.861034,0.553982,0.576293,0.844513,0.484037,0.698090,1.166232,0.763884,0.775914,0.950234,0.492383,0.377119,0.457286,1.628849,1.516986,0.476765,0.933843,0.681801,0.302224,2.762764,1.131941,1.072364,1.536249,0.844064,0.460030,0.954861,1.724203,0.662522,0.342043,1.035448,0.400926,0.595700,0.816374,0.792334,1.451162,0.891247,0.276984,0.748614,1.666881,0.314200,1.075099,0.479749
French,0.263381,0.404989,0.616450,0.828760,1.152653,0.648111,0.325690,0.400211,0.421181,0.289888,0.318525,0.265066,0.690084,0.403097,0.458450,0.264625,0.602420,0.465491,0.400906,0.342928,0.393629,0.389747,0.693153,0.287182,0.393506,0.761339,0.320092,0.286630,0.207736,0.568772,0.568454,0.920726,0.706533,0.546663,0.688906,0.310144,0.479258,0.241695,0.372015,0.342699,0.261399,0.520515,0.525850,0.285476,0.265108,0.284831,0.408895,0.224467,0.314506,0.335518,0.299505,0.299313,0.348465,0.941126,0.413968,0.571260,0.486302,0.252810,1.067879,0.540378,0.372935,0.215233,0.302110,0.146125,0.225725,0.244203,0.461373,0.551891,0.396172,0.275099,0.462065,0.322471,0.416926,0.492200,0.265126,0.258937,0.423865,0.472568,0.448621,0.528385,0.261440,0.411904,0.422026,0.226329,0.395962,0.400709,0.248441,0.486667,0.445459,0.189577,0.359977,0.354106,0.147185,0.343735,0.572973,0.254317,0.428779,0.426277,0.596756,0.351999,0.650754,0.366016,0.369684,0.282921,0.240373,0.284663,0.492429,0.525816,0.317304,0.434303,0.236401,0.576236,0.211355,0.427411,0.326472,0.225342,0.440514,0.819532,0.338644,0.571522,0.692626,0.963980,0.865250,0.527058,0.467643,0.462504,0.388297,0.332795,0.460794,0.268093,0.345754,0.368378,0.352167,0.729109,0.949847,0.451733,0.409330,0.252016,0.520213,0.306587,0.449800,0.368381,0.489427,0.298686,0.412396,0.244204,0.335951,0.489298,0.532475,0.463782,0.231669,0.928637,0.453948,0.542928,0.288412,0.297214,0.372297,0.310152,0.504638,0.368990,0.183947,0.455419,0.318076,0.382954,0.357676,0.615048,0.482148,0.471097,0.578146,0.268282,0.727077,0.458112,0.478190,0.244194,0.155947,0.174174,0.694090,0.630671,0.618514,0.963923,0.347005,0.404684,0.582145,0.314627,0.374520,0.494905,0.619840,0.226145,0.504972,0.191097,0.178214,0.167013,0.571840,0.285459,0.652790,0.575182,0.787095,0.300585,0.132890,0.322239
Walloon,0.568001,0.557991,0.419209,0.858994,0.977667,0.989374,0.612066,0.857047,0.803166,0.476212,0.269481,0.880100,0.470809,0.567278,0.867988,0.584055,0.829144,0.668256,0.850871,0.851572,0.658623,1.018228,0.945151,0.350952,0.626958,0.584726,0.438750,0.678176,0.719614,0.799963,0.648890,1.152457,0.733521,0.617030,0.559571,0.655495,0.515017,0.707323,0.706252,0.699679,0.666451,0.961121,0.468992,0.787996,0.712391,0.653202,0.831675,0.590664,0.957607,1.080103,0.532337,0.545101,0.603464,0.901238,1.291437,0.630238,0.533730,0.433537,0.776633,0.492465,0.935268,0.601890,0.608366,0.511462,0.513876,0.740750,0.727052,0.492421,0.669122,1.055616,0.635616,0.659684,0.575427,0.468792,0.518465,0.752611,1.000994,1.316510,0.375021,0.797880,0.791739,0.873172,0.825807,0.777188,0.715364,0.667662,1.117571,0.650283,0.863265,0.762843,0.717838,0.930043,0.652034,0.533294,0.541862,0.404548,0.397335,0.426489,0.810529,0.839170,0.882509,1.001132,1.308512,0.392788,0.685875,0.535794,0.981831,0.709018,0.768281,0.628698,0.675291,0.495491,0.932872,0.420733,0.675446,0.703585,1.364934,1.015534,0.655924,0.906049,1.183761,1.033917,1.033701,0.562048,0.724733,0.823332,0.455121,1.338366,0.744459,0.564809,0.740337,0.733578,0.771722,0.850237,0.818362,0.582532,0.581121,0.640009,0.495298,0.481832,0.776289,0.996040,0.545866,0.809963,0.507305,0.424549,0.605367,0.606300,1.064695,0.660228,0.562343,0.887403,1.240953,0.987828,0.408072,0.359494,0.916813,1.020576,0.836912,1.018847,0.591240,0.538934,0.445624,0.730613,1.144359,0.540475,0.929396,0.747554,0.858242,0.747435,0.776159,1.074837,1.684755,1.060492,0.620477,0.681569,1.040879,0.822284,1.609755,1.113978,0.582966,0.401248,0.948567,0.975029,0.557553,0.671458,0.776778,0.610109,0.757485,0.805255,0.634826,0.633876,1.042804,0.763842,0.788607,0.858835,1.342966,0.525450,0.266105,0.794622
OldOccitan,0.828980,0.959011,1.013031,2.412501,3.610545,2.841929,1.723150,1.334659,1.998987,1.572744,1.340333,2.744565,1.829695,1.984916,1.592435,1.952786,0.714129,0.735397,1.231544,1.443688,1.450053,1.023661,2.899341,1.440811,2.737114,2.090544,0.801009,1.720286,0.907707,1.493388,0.546250,2.191736,1.255414,3.479793,1.773903,0.912518,0.957930,1.334378,1.385982,0.636499,1.399175,2.285562,1.825521,1.692918,1.132527,1.664074,1.379478,0.933035,1.220129,1.744662,0.790232,1.267906,1.893723,1.679179,1.573450,1.289616,1.785503,1.515184,1.442589,1.395153,1.644492,1.067139,1.255837,1.205057,0.408910,0.728250,2.312114,1.226102,1.178943,0.963726,0.835845,0.923898,1.235469,1.205557,0.827048,1.895341,0.789541,1.945880,0.697043,1.026906,1.437023,0.812094,1.183860,2.527945,0.759961,2.008112,1.118842,0.866270,1.082943,2.228779,2.527812,2.578734,1.518698,0.782257,0.812747,0.745584,1.151480,1.311038,2.324146,1.470367,2.523334,0.878478,0.871202,1.623411,2.483730,0.592541,1.748060,1.878958,1.197645,2.269883,3.423810,1.381796,1.138232,1.682501,0.793880,2.121037,1.377734,1.533677,1.452808,2.018843,2.235143,3.116724,1.171262,1.967602,0.843075,1.119383,1.543469,2.107850,0.983273,1.164097,1.014584,1.044898,1.328172,1.874128,1.228961,1.204084,2.392935,1.838272,1.667335,1.899449,1.457427,0.894927,1.220606,2.759748,1.649889,0.737570,0.982571,1.069409,0.717323,2.476970,0.687529,1.735195,1.241958,1.151939,1.829013,0.699922,1.089269,1.066012,3.240531,0.887121,1.199297,1.557683,0.805981,1.324685,1.190087,1.521410,2.381499,2.502061,2.115996,1.060193,1.212810,1.244031,0.797745,0.603499,1.626728,1.564142,1.526606,1.072619,1.445769,3.283674,2.196272,1.512564,1.711719,0.932397,1.038901,1.837225,1.297346,0.836551,1.465103,1.788929,1.746498,1.553323,2.501696,1.661993,1.484712,1.246591,2.112374,0.842035,2.129020,1.961468
FrancoProvencal,1.116431,0.712500,1.144161,1.663905,2.512772,2.873961,1.212145,0.866457,0.858667,1.085490,0.746910,1.023520,1.439928,1.175018,1.123872,1.145858,0.850063,1.014292,1.123557,1.499153,1.170592,2.074870,2.342955,1.021274,0.818711,2.954635,1.164822,0.968395,0.693157,1.587639,1.518718,2.050046,2.333066,3.033467,1.377936,0.884575,0.795640,1.083950,1.235638,0.608991,0.899280,1.153165,1.733944,1.655812,1.799231,1.410999,1.271344,1.045589,0.840186,1.895361,1.091264,0.726998,1.037025,2.573407,2.558404,1.189248,1.815918,0.714752,1.966015,1.352434,1.599586,2.024657,0.813070,0.539856,0.531263,0.755030,0.895856,1.099497,1.092648,0.894567,1.424524,1.014661,0.968509,1.173817,0.757722,1.186880,1.168840,1.185872,0.864027,1.242854,1.388155,1.242599,0.808279,0.993073,1.214097,1.148794,0.864153,1.794139,1.642222,0.870360,1.203010,1.183390,0.736089,1.278325,1.561280,0.496753,0.931606,1.644794,1.619763,2.753622,2.220963,1.827680,1.398944,0.767695,0.932552,1.632665,2.073391,1.685319,1.751355,1.693943,1.134367,1.591962,1.284245,1.232213,0.941209,0.843052,1.594013,1.783872,0.892032,1.198265,1.655935,2.068920,2.142893,2.146100,1.531027,1.514200,1.064778,1.646158,2.073412,0.569047,1.132432,1.206531,0.888682,2.358414,2.665491,2.061124,2.229347,0.617227,0.825723,1.226992,1.039684,1.232336,1.569215,0.918916,0.758285,0.359030,0.856185,0.863839,1.023829,1.216716,1.141195,2.032605,1.082989,0.903664,0.776933,0.585007,2.076399,2.126916,1.484490,0.996690,0.667911,1.021799,0.596643,1.191056,1.470251,1.138571,2.320513,1.552256,1.789251,1.170129,2.053626,3.515239,1.876925,1.392389,0.644208,0.684975,1.538111,1.033776,1.739068,1.596689,1.225069,1.683475,1.356050,0.778904,1.284908,2.606801,2.132749,0.569537,1.113212,1.073088,1.299731,1.055845,1.968990,1.813030,1.650182,1.911752,1.717078,0.732494,0.400221,0.722780
OldCatalan,1.477893,1.221679,0.987742,0.630729,1.051743,1.238116,1.302816,0.498621,0.462480,1.170868,0.467173,1.131249,0.630411,0.379638,0.687799,1.299661,0.861466,0.650638,0.933053,0.562825,0.868889,0.845748,0.697645,0.570335,0.335370,1.013638,0.632319,0.891733,1.190743,0.926272,0.718961,0.501000,0.548455,0.724431,1.331456,2.219535,1.016951,1.084840,1.291789,0.796667,0.604318,0.719781,0.701841,0.779630,0.672953,0.668011,1.438188,1.381356,0.915017,1.453956,1.229996,0.935764,0.365825,2.194068,0.850070,0.694200,1.096430,0.698970,0.654296,0.864050,2.426365,0.290386,0.844128,0.610955,0.915156,1.116855,0.375943,1.588859,0.688470,0.976154,0.319466,1.277112,0.477033,1.918668,1.622739,0.935789,0.693933,0.735629,0.669060,1.907940,0.828388,0.314518,0.713895,0.277680,0.598674,1.567810,0.520568,0.986604,1.283666,0.821920,2.185238,1.131152,0.696514,0.945300,0.479486,1.949361,2.470046,1.313574,0.802202,1.838023,1.225384,1.088028,0.774726,0.962667,0.998119,0.630418,0.675796,1.151220,1.245191,1.092302,1.055293,1.076154,1.055871,0.506482,1.118620,0.743646,1.424058,0.583301,0.630493,0.801450,0.436836,0.566890,0.395049,0.510026,0.694148,0.619177,0.305778,0.703480,0.500348,0.353541,1.563847,0.495416,1.803801,0.385753,0.837533,2.485967,1.803880,1.023847,1.093176,1.364840,0.768348,0.448838,0.350300,0.845676,0.674446,0.837574,0.796148,0.691183,0.958362,0.889827,1.969587,0.638189,0.726742,0.607308,1.274981,1.171183,1.628593,2.084684,1.222777,0.662285,0.336518,0.581480,1.151883,0.509102,0.549995,1.078515,0.408953,1.079183,1.634217,1.416377,1.247656,0.631454,0.993715,0.539687,0.585359,0.428849,4.501979,0.272793,0.404608,0.979439,1.306144,1.298756,1.166279,2.121657,1.458452,0.618292,0.978615,1.366217,0.544592,0.460246,1.182263,0.779577,1.261072,1.802055,1.145324,0.772437,1.293918,1.011025,0.554495,0.605308
Catalan,0.463138,0.245385,0.458970,0.289007,0.435616,0.416671,0.276707,0.288571,0.382369,0.483323,0.184937,0.535659,0.195049,0.266806,0.313836,0.232484,0.343094,0.291571,0.350740,0.372915,0.332030,0.358402,0.351131,0.230041,0.381150,0.306319,0.411856,0.294442,0.302802,0.298849,0.353867,0.371523,0.192096,0.238856,0.335090,0.459551,0.295675,0.358514,0.360189,0.286121,0.340955,0.310775,0.271236,0.393174,0.316368,0.324266,0.271901,0.293446,0.544027,0.472338,0.402741,0.397043,0.290131,0.172569,0.257922,0.204675,0.297384,0.334486,0.289896,0.290937,0.331245,0.249475,0.376806,0.335065,0.341108,0.333138,0.361670,0.506459,0.332314,0.303112,0.377390,0.316806,0.325060,0.312609,0.300676,0.333945,0.256413,0.254380,0.230280,0.259043,0.216071,0.293724,0.408625,0.177627,0.238388,0.264376,0.195843,0.216862,0.222421,0.214578,0.236217,0.234519,0.242831,0.260790,0.264517,0.361109,0.357466,0.374395,0.380441,0.332678,0.215364,0.344385,0.279665,0.322657,0.218107,0.384169,0.208293,0.322442,0.243183,0.178309,0.436082,0.256213,0.288243,0.266433,0.324049,0.181321,0.325887,0.331790,0.280068,0.320672,0.323424,0.422922,0.248532,0.182046,0.436585,0.284389,0.333389,0.415390,0.472825,0.242268,0.371650,0.357751,0.257346,0.381388,0.277411,0.433608,0.354192,0.244520,0.372114,0.376216,0.427764,0.278351,0.279059,0.273440,0.427009,0.406913,0.291410,0.285075,0.273762,0.259169,0.327953,0.355399,0.326922,0.271740,0.323290,0.278346,0.436193,0.441531,0.199567,0.385352,0.203028,0.244892,0.258863,0.457845,0.476083,0.219607,0.218378,0.291556,0.391407,0.327377,0.389200,0.413289,0.453699,0.189471,0.267624,0.337589,0.194247,0.248649,0.381640,0.456284,0.417796,0.243504,0.421235,0.455829,0.367945,0.155490,0.330666,0.220593,0.229067,0.221939,0.358962,0.196591,0.229811,0.358978,0.350298,0.310425,0.265316,0.328427,0.461179,0.269894
OldSpanish,1.346848,1.246201,1.576118,1.003657,1.203541,1.172233,0.867023,1.281018,1.610909,0.690175,1.278601,0.928850,0.882387,5.396594,1.176483,0.820094,1.769732,2.104474,1.225087,1.272030,1.360338,1.114641,1.290366,0.853839,1.491628,1.716353,1.326536,1.107356,0.736195,1.285682,1.759474,1.197041,0.688861,1.410466,1.566405,1.310824,0.585831,0.542834,1.429898,1.922447,0.769841,2.431645,2.077692,0.798502,1.888712,1.019369,0.805741,0.509805,0.992658,0.526509,1.534006,1.279286,0.686651,0.928324,1.270140,1.389704,0.791366,0.983170,1.414511,1.047239,0.905663,0.810373,1.844369,0.840829,0.736248,0.856226,0.770651,1.495441,1.696135,1.853669,0.981833,0.610497,2.482610,0.647540,0.955300,1.364845,0.642094,1.180351,0.720253,0.727798,0.879429,0.751988,1.541667,0.663932,1.424439,1.887735,0.706275,1.100806,1.016505,0.460479,1.117079,1.192498,1.300104,0.936620,0.877569,0.546160,0.505477,0.930086,0.507795,0.716268,1.662671,0.850220,0.959410,0.821609,2.017679,1.054884,0.744568,0.811016,1.878510,1.496073,1.436090,1.875144,2.162720,1.201861,1.059371,0.534101,1.051724,1.249228,0.765300,0.677436,2.693589,0.945797,0.984943,0.781154,0.941558,0.984494,1.029865,0.929979,1.401007,1.627057,1.573210,1.542639,0.868549,0.751065,0.722597,0.666701,1.520517,1.988948,1.763980,1.171997,1.049385,1.280952,2.117180,0.959372,2.648002,2.350300,2.558069,0.799410,1.751419,0.876201,1.621509,1.746162,1.833421,1.617619,1.081787,0.870520,1.843212,1.980859,1.083590,0.608219,1.668093,1.389123,0.878436,1.632704,1.096271,1.767039,1.919974,1.673127,2.103260,0.923439,0.752583,0.822906,0.716597,0.996286,0.636941,0.766763,1.191386,1.943736,1.237075,1.114359,1.410145,0.665503,0.810937,2.779977,0.994111,1.011873,0.475026,1.016483,1.065543,1.438749,1.672234,0.868216,1.095584,1.204623,1.500285,2.368757,0.547934,0.579803,0.879307,1.537712
Spanish,0.452142,0.455311,0.304224,0.579657,0.608451,0.455250,0.653656,0.412144,0.282289,0.530924,0.648813,0.833843,0.376164,0.556475,0.335502,0.329361,0.468922,0.374608,0.649340,0.780322,0.448182,0.549671,0.432517,0.540955,0.466734,0.340518,0.386865,0.745564,0.474489,0.704218,0.380759,0.368342,0.404770,0.423613,0.547176,0.390077,0.368910,0.317898,0.251676,0.383953,0.589316,0.523629,0.693060,0.628873,0.644635,0.378153,0.313132,0.332237,0.550212,0.283544,0.434871,0.443387,0.489905,0.336225,0.339328,0.501765,0.306546,0.371982,0.393868,0.376934,0.463237,0.413594,0.491765,0.380492,0.479149,0.362192,0.325511,0.425209,0.309130,0.559098,0.316463,0.323393,0.355082,0.366761,0.528601,0.343329,0.374820,0.476791,0.342361,0.481500,0.431219,0.558696,0.367303,0.337969,0.494760,0.511053,0.491897,0.441717,0.424181,0.315557,0.308413,0.305550,0.380849,0.388507,0.384863,0.443223,0.647854,0.504170,0.338143,0.507689,0.519248,0.467739,0.538129,0.487446,0.337644,0.400160,0.307525,0.327414,0.405960,0.645023,0.378528,0.390477,0.571868,0.394063,0.404337,0.616847,0.328226,0.664225,0.307780,0.340513,0.543205,0.561805,0.233594,0.349400,0.301561,0.291306,0.273715,0.341004,0.478228,0.439600,0.284936,0.436384,0.379295,0.419136,0.498664,0.417545,0.278946,0.364465,0.581095,0.588821,0.255616,0.381289,0.372251,0.360463,0.472999,0.528150,0.517254,0.487204,0.296773,0.348032,0.539647,0.550009,0.227257,0.295322,0.328103,0.370062,0.478067,0.479988,0.266051,0.318639,0.328713,0.337731,0.387049,0.419484,0.226686,0.495223,0.532203,0.362437,0.430100,0.424717,0.566990,0.571689,0.424069,0.308841,0.557746,0.376994,0.563044,0.608531,0.325476,0.480569,0.496841,0.351323,0.589727,0.387398,0.466199,0.375009,0.401790,0.362199,0.397296,0.289589,0.329270,0.538346,0.326814,0.429897,0.229465,0.483080,0.499675,0.254886,0.475006,0.515011
Portuguese,0.730510,0.511501,0.402351,0.558326,0.384168,0.277689,0.844270,0.531177,0.322948,0.742571,0.143492,0.481584,0.685677,0.300997,0.232655,0.399286,0.659492,0.423853,0.198246,0.532952,0.445499,0.402960,0.624179,0.432352,0.266834,0.375908,0.588743,0.182862,0.200542,0.550281,0.472255,0.419782,0.538843,0.318937,0.535641,0.517342,0.312692,0.602047,0.430621,0.576986,0.459551,0.418927,0.184394,0.856760,0.577204,0.255736,0.598096,0.223158,0.400817,0.903735,0.133455,0.203119,0.831522,0.288185,0.189503,0.550797,0.249614,0.499093,0.150595,0.995357,0.443496,0.300502,0.272629,0.213263,0.141303,0.304962,0.244046,0.201218,0.722324,0.256947,0.716183,0.631349,0.335713,0.526196,0.185042,0.245952,0.616676,0.484171,0.269062,0.363272,0.207740,0.360413,0.740614,0.644757,0.545977,0.643837,1.190513,0.325023,0.537253,0.626647,0.105068,0.247690,0.286492,0.601689,0.183270,0.752941,0.406441,0.747051,0.576969,0.764858,0.345713,0.345501,0.399595,0.241990,0.469069,0.301784,0.581086,0.760527,0.598587,0.388916,0.280711,0.284415,0.336626,0.229378,0.623955,0.798422,0.508372,0.692901,0.224767,0.246738,0.689277,0.471994,0.353538,0.714898,0.552684,0.426015,0.190559,0.535141,0.660716,0.595231,0.393066,0.377056,0.271090,0.518340,0.524528,0.470115,0.381244,0.625195,0.271895,0.260114,0.307305,0.557354,0.188164,0.294426,0.333224,0.807532,0.619121,0.832054,0.463927,0.851577,0.875055,0.328892,0.346268,0.395689,0.258593,0.370401,0.639374,0.497256,0.505999,0.416932,0.429248,0.697865,0.483529,0.300810,0.207840,0.572540,0.753872,0.480699,0.621265,0.378596,0.449397,0.651142,0.423425,0.245970,0.306345,0.500930,0.333128,0.313302,0.321075,0.339346,0.332548,0.233078,0.340263,0.395862,0.590245,0.689054,0.332189,0.307202,0.213072,0.315574,0.336164,0.183501,0.191279,1.163169,0.702566,0.721991,0.278542,0.762288,0.447159,0.395194
PortugueseBrazilian,2.044297,2.156757,1.800082,1.164291,0.827302,0.689929,1.495202,1.314674,0.844720,1.329150,0.911730,1.566934,1.080300,1.771024,0.943209,1.161805,2.172769,1.867875,0.937509,2.334030,2.481903,1.110458,1.134856,0.858592,0.408097,1.054221,1.397141,0.891497,1.421702,0.957240,0.927841,1.464759,1.120134,0.564362,1.897511,0.652428,1.288445,1.331604,1.010524,1.028815,0.652846,1.770562,0.731237,1.731129,1.693541,1.313118,2.155095,0.539036,0.800227,1.310870,0.551203,0.439739,2.911030,1.103464,0.995227,1.812707,0.790723,1.399477,0.524972,1.013874,1.015960,0.922472,0.640384,0.504271,0.505446,1.569575,1.552185,0.546548,2.888488,0.897463,2.920351,1.663511,1.220613,2.606856,1.410792,1.038644,1.634368,1.326891,1.648089,1.983427,0.769434,1.527767,0.519359,1.648203,1.714929,2.011398,2.017698,0.992910,1.724750,0.679014,0.721102,0.736617,1.265438,2.847342,1.268021,1.786327,2.094704,1.072402,0.749963,1.465366,1.531992,1.363169,0.638407,1.163984,1.510585,1.425543,0.604766,1.419857,0.744159,1.155732,0.560909,1.057938,1.292234,0.466891,4.726093,1.189495,2.146078,2.066835,0.839601,1.592787,1.007647,0.495469,1.104753,2.615189,0.781963,0.713364,1.313271,0.747158,1.141936,0.993446,0.970071,0.930558,1.276367,1.996838,1.179281,3.071697,2.773546,2.070069,1.449208,1.753606,0.774581,0.883615,0.890338,1.013144,1.495005,1.058014,1.993396,1.834401,0.750679,1.067115,1.428087,3.943210,0.906321,0.810901,1.373824,0.854179,1.245200,1.777678,1.436007,0.923332,0.984805,2.104478,1.113628,1.148675,0.462379,1.322925,3.985928,1.101021,1.381623,1.283276,1.342364,1.616150,0.919684,1.553588,0.812505,1.434040,0.795211,1.760846,0.769511,0.781642,0.796191,1.012657,1.494545,1.251283,0.947820,3.687562,1.265210,1.017659,0.882661,0.596991,0.970353,0.979602,0.731744,1.879061,2.086180,1.290686,0.440673,1.374565,1.026191,1.418424
Oscan,0.984205,0.586989,1.271337,0.580148,0.945920,0.975025,0.724632,1.610428,1.018739,1.782235,0.514648,0.437065,0.674829,1.069446,1.452787,0.466474,1.760427,1.878322,0.509934,0.911975,0.733795,0.366664,1.554952,1.887568,0.472875,1.010037,0.889017,0.673762,0.573487,0.691335,2.224410,0.470365,0.253812,0.935244,0.789876,0.780031,1.003702,0.717985,0.699377,1.386800,1.069943,1.156835,0.219257,0.919752,0.854498,0.688731,0.716742,0.414764,0.536493,1.085146,0.862390,1.210624,0.727806,2.793758,1.872772,1.389442,0.913816,0.574217,0.984788,0.664928,1.307026,3.409639,1.562165,1.966222,0.571740,0.677852,0.693557,0.810169,1.271527,0.813005,0.920147,0.811659,1.169107,1.775920,1.482146,1.232825,0.520095,2.154137,1.093851,0.658867,0.743297,0.808147,0.628965,1.375349,1.502308,1.412408,0.883495,1.257996,1.489541,0.662343,0.687268,0.672150,0.732930,0.678169,0.689947,0.688384,0.420024,0.439156,0.913288,0.441928,0.447227,0.726697,0.801388,0.719781,0.534125,1.170387,0.502856,1.341843,1.330664,1.470402,1.430706,0.963590,0.827940,1.504130,1.338270,0.771603,1.511429,0.948481,1.322011,0.518195,0.734017,0.684565,0.402286,0.885542,0.619644,2.008783,1.265677,1.007302,0.841068,0.811464,0.606661,0.363371,0.628275,0.929479,0.519117,0.658552,1.438970,0.859521,0.798326,0.522618,1.295445,1.144478,1.043147,1.053101,1.224158,0.527001,1.673605,4.924889,0.491344,0.869149,1.827324,1.563824,0.714533,0.501493,1.195217,1.335001,0.550906,1.107140,1.826470,0.771871,0.844431,1.146555,0.993184,0.344579,0.673729,0.489625,2.222593,0.848889,0.846370,0.863851,0.374965,0.716195,1.009882,1.190635,0.513318,1.046718,0.677807,0.674758,1.607971,1.007125,1.012037,0.526413,0.983652,0.521980,0.844778,1.261827,1.331069,1.004473,0.521513,0.759990,0.910474,0.825661,1.861415,1.833530,1.039446,1.104475,1.040291,0.972441,0.751107,1.473737
Umbrian,0.730831,0.624251,0.457832,0.539821,0.667390,1.197758,0.714624,0.580757,0.732643,0.848540,0.264581,0.324100,0.403757,0.478491,0.555241,0.441722,1.970206,0.884458,0.664958,0.642219,0.447173,0.961367,0.850887,0.886520,0.867604,0.935816,0.634765,0.934299,0.990105,0.232377,0.699672,0.345050,0.446548,0.514167,0.514231,0.542821,1.285645,0.384893,0.271773,0.325519,0.518711,1.568195,0.475561,0.706811,0.520416,0.635446,0.317491,0.549084,0.148420,0.472069,0.716687,1.028590,0.720821,0.324979,0.341506,0.324950,1.048797,0.676939,0.779676,0.470130,0.750389,0.624578,0.308987,0.869875,0.592685,1.156491,0.374360,1.490690,0.407097,0.496080,0.513983,0.697210,0.788071,0.546872,1.010805,0.429884,0.529296,0.673530,0.570429,0.748613,1.191269,0.473931,0.145425,0.397466,0.323002,0.550662,0.305368,0.529862,0.965801,0.778656,0.622266,1.071373,0.542738,0.414541,0.409993,0.417566,0.319499,0.292238,0.789761,0.544806,0.283494,0.501511,0.365979,0.411263,0.920367,0.521297,0.280821,0.423392,0.601556,2.664327,0.505947,0.870015,0.375611,0.848345,0.624686,0.655119,0.496491,0.327550,0.575609,0.444741,0.596539,0.719513,0.480009,0.955558,0.524887,0.335628,0.474234,0.191250,0.483476,0.419352,0.597484,0.605374,0.570488,0.413774,1.208067,0.409809,0.491253,0.287265,0.235916,0.303686,0.545369,0.482260,0.529247,0.743282,0.451891,0.777731,1.517251,0.734821,0.854706,0.440495,1.443134,1.227062,0.617939,0.291443,0.895713,0.804681,0.954130,0.641640,0.921813,0.515098,0.445696,0.477893,0.770019,0.540175,0.656322,0.422743,0.509072,1.493324,0.415641,0.792218,0.307188,0.459129,0.935486,1.258268,0.634002,0.578750,0.407344,2.079169,0.842367,0.598266,0.465777,0.474790,0.553768,0.554870,0.760623,0.553078,0.812956,0.439551,0.386657,0.265790,0.469501,0.359144,1.006304,0.439219,0.418974,1.072114,0.789694,0.524966,0.550163,0.730566
Gaulish,0.313266,0.744279,0.842334,0.551619,0.591285,1.122453,0.358910,0.855764,0.529543,0.441147,0.387793,1.572933,1.157705,1.250115,0.669970,0.662969,0.958529,1.051388,0.876112,1.670765,1.301772,1.049137,0.507478,1.175403,0.313045,0.921224,0.572047,1.266293,1.325922,0.819783,0.407815,0.649963,0.416589,0.401659,0.404865,0.721097,0.863961,0.402287,1.667248,1.360477,0.665558,1.049645,1.115153,0.495701,0.921673,1.371897,0.727310,0.815181,1.089902,1.096305,0.705351,0.710633,0.501528,0.460389,0.650891,0.315067,0.798888,0.445316,0.860613,0.382655,1.215098,1.122484,2.427220,1.872261,1.211236,0.553336,0.804131,0.385285,1.033023,1.151817,0.822670,0.576665,0.752608,1.182824,0.799208,1.145515,0.768419,0.787608,1.266359,0.928185,1.327751,0.840750,0.828160,0.976936,1.111278,0.978750,0.643760,0.622955,0.473155,1.620408,0.608993,0.415444,0.950828,1.369166,0.876977,0.825189,1.420816,0.896526,0.585592,0.373420,0.368164,0.572617,0.391965,0.409022,0.456166,0.643003,0.824186,1.067595,0.632287,0.715535,0.634642,0.801381,1.255565,0.586711,0.792845,1.084263,0.970390,0.341071,0.651187,1.080174,0.677276,0.222217,0.353901,0.745634,0.669893,0.668811,0.618970,0.565117,0.174563,0.802982,1.028513,1.010479,1.086830,0.520944,0.775325,1.229442,0.784667,0.346674,0.706158,1.030472,1.154544,1.023382,1.614811,0.910066,0.866925,0.493148,0.551097,0.349123,0.489024,0.788358,0.781774,1.196330,0.762045,0.535466,0.429587,0.631677,0.388638,0.744021,0.387550,0.402213,2.608398,0.984488,1.587402,0.835117,0.876161,0.824120,0.472923,0.882795,1.056526,0.300981,0.351226,0.958249,1.069796,1.080727,1.281372,0.551002,1.036262,0.764528,0.837905,2.207091,1.167359,0.223357,0.601094,1.116608,1.213021,1.243395,1.120461,0.812416,0.495177,0.531216,0.491638,0.494227,1.105993,0.526778,0.256632,1.135222,0.928732,0.347871,0.793522,0.832335
OldWelsh,1.518203,0.849484,0.671388,0.944298,0.892121,0.776740,1.533542,0.911089,1.011630,1.397887,1.261801,0.616050,0.639737,0.532777,1.072628,0.893751,2.532869,0.556727,1.391583,2.962222,0.876594,2.275856,1.662840,2.023070,1.080320,0.688907,0.558302,2.152987,3.746740,0.863014,1.411233,1.084981,1.005609,1.347808,1.728383,0.962419,1.601523,1.148320,0.623876,1.522861,1.872467,1.678270,0.861486,0.753110,1.477825,1.420363,0.565578,1.807775,1.043757,0.746989,0.536719,0.534578,0.582864,0.512857,1.056315,1.155137,1.086860,1.070180,0.907544,0.864286,0.819228,0.755528,1.085992,1.601239,1.223477,0.952555,0.497731,0.620514,2.186405,1.799526,0.753360,0.797900,1.096594,0.601710,0.883863,1.662954,0.729192,1.271280,1.355476,1.509426,1.451587,0.914538,0.636350,2.970258,0.615972,0.503443,0.342663,0.480468,1.046111,0.807476,0.649621,0.637167,0.908260,0.869112,0.924791,0.795913,1.044477,0.918364,1.070532,1.181200,0.951262,1.531666,2.448573,2.063502,0.437350,0.567177,0.945295,0.779466,0.803143,1.907051,0.939776,0.964613,2.960184,0.667967,0.814418,0.651725,1.190933,0.817841,1.138174,1.949148,1.077182,1.403435,0.759922,0.877981,0.646187,0.809969,0.928000,1.220307,3.125102,1.848524,0.475411,0.497422,0.461560,1.567170,1.170049,1.257266,1.929711,1.401184,2.142248,2.282710,1.102071,1.743746,2.557003,1.201730,1.245421,1.137415,0.692622,1.378682,1.987956,0.393459,1.454212,1.922370,1.481419,0.727108,0.957529,1.342051,0.683322,0.657555,0.592068,0.457677,1.324603,0.701991,0.575634,1.272470,0.794476,0.795124,0.841926,2.085493,2.453481,1.099583,1.903248,0.814577,1.954993,0.688825,0.961145,1.538412,0.268169,1.339578,0.988393,1.158758,1.335609,1.640611,1.310732,1.496235,0.731800,1.200965,1.354585,1.533254,1.468617,0.920044,1.067195,1.815535,0.722180,1.019926,0.981131,1.560799,2.055155,0.675821,1.885243,1.240321
MiddleWelsh,0.605664,0.174633,0.764071,0.626065,1.517082,1.702429,0.415844,1.458029,0.856047,0.703507,0.404985,0.669770,0.270772,0.488247,0.381036,0.813730,0.393326,0.376179,1.324129,1.024288,0.621161,1.191445,0.241904,0.230958,0.383197,1.026471,0.187398,0.441463,0.247744,0.637581,0.195142,0.187194,0.502595,0.365803,0.807768,0.281308,0.346765,0.769976,0.316998,0.223579,0.690576,0.468450,0.275121,1.178757,1.061928,0.212862,0.399965,0.700277,0.484127,0.437335,0.469560,0.459608,1.081877,0.491535,0.552134,0.753146,0.850015,0.662729,0.285189,0.413520,0.788829,0.715977,1.018818,1.231713,0.408376,0.833693,0.900068,0.614682,0.400902,2.829632,0.570998,1.187661,1.475717,0.653243,0.862816,0.265605,0.177270,1.272157,0.626145,0.400889,0.918681,0.533240,0.455759,0.324157,1.550652,1.289508,0.341901,0.275456,0.533930,0.208147,1.019702,1.115286,0.220076,0.321597,0.374628,1.112918,0.631796,0.444314,0.203967,0.494646,0.441330,0.476190,0.589316,0.459454,0.910397,0.317930,0.499174,0.859144,1.429781,1.729936,0.632299,0.448572,0.320586,0.135469,0.543326,0.337790,0.915415,0.911469,0.842393,0.266656,0.546253,0.398621,0.536793,0.679429,0.739735,0.441407,0.381051,0.390700,0.188660,0.465894,0.163133,0.164649,0.217202,0.932896,0.388219,0.411612,0.414288,0.667212,0.269406,0.201335,0.880450,0.711218,1.500525,0.505972,0.299490,0.510914,0.613994,0.585553,0.305232,2.254826,0.266348,0.325072,0.451589,0.324575,0.176587,0.320993,0.178161,0.172811,0.753811,0.550306,0.424341,0.317486,0.436903,0.732216,0.255101,0.346389,1.793165,0.896392,0.648640,0.324380,0.226542,0.275245,1.291625,0.485503,1.024569,0.239282,1.048244,0.684528,1.282079,1.216468,0.803579,0.713661,0.754914,0.657899,0.298365,0.528058,0.635999,1.298166,0.172521,0.496720,0.274435,0.286122,0.247673,0.526434,0.582432,0.325111,0.764197,0.824993,1.985203,0.610535
WelshNorth,0.447841,0.434796,0.555473,0.845695,0.927005,0.922221,0.571317,0.627688,0.571232,0.533892,0.386110,0.425089,0.483249,0.626137,0.502584,0.862187,0.360349,0.290509,0.622657,0.524576,0.554608,0.741102,0.467399,0.420585,0.309749,0.848579,0.342679,0.358429,0.353593,0.502042,0.405616,0.318256,0.783383,0.483518,0.636024,0.411603,0.396861,0.603527,0.440346,0.449536,0.650540,0.587233,0.378392,0.509850,0.579365,0.459316,0.452941,0.544833,0.479499,0.492067,0.476257,0.471312,0.691829,0.500369,0.513404,0.556648,0.476978,0.369848,0.530428,0.432368,0.411144,0.480562,0.726550,0.530788,0.540918,0.553778,0.614740,0.376056,0.478721,0.678615,0.710199,0.558591,0.657784,0.744675,0.640132,0.555760,0.359416,0.829034,0.482631,0.581233,0.454820,0.653562,0.494894,0.500639,0.531802,0.525032,0.379085,0.375939,0.374957,0.435177,0.511176,0.514766,0.446008,0.420845,0.410290,0.773253,0.804670,0.537290,0.545567,0.653358,0.322546,0.587528,0.731462,0.451366,0.487177,0.445233,0.425123,0.507729,0.619134,0.497625,0.572620,0.337402,0.319697,0.425654,0.415693,0.458026,0.466035,0.465624,0.546257,0.351805,0.515026,0.539847,0.435413,0.578720,0.407223,0.600737,0.508263,0.322518,0.410748,0.498577,0.318935,0.320137,0.469337,0.545800,0.546133,0.394209,0.559566,0.606286,0.468588,0.463528,0.687856,0.677452,0.851136,0.478575,0.347780,0.494417,0.674499,0.673011,0.356190,0.407628,0.382076,0.525740,0.387185,0.292210,0.373982,0.685315,0.356935,0.353374,0.615346,0.466785,0.422756,0.401484,0.375865,0.470905,0.491461,0.399454,0.779453,0.556496,0.418763,0.489872,0.393845,0.449887,0.560547,0.772776,0.573455,0.356906,0.454096,0.480042,0.639107,0.626716,0.677390,0.411225,0.804889,0.733586,0.450742,0.537357,0.464539,0.858752,0.340646,0.336633,0.576046,0.339114,0.579923,0.514839,0.518374,0.469497,0.564546,0.415150,0.463408,0.468810
MiddleCornish,2.258200,1.580396,0.938380,1.036795,1.054146,0.976628,1.319903,0.845399,1.143112,1.137425,2.268368,1.022471,1.640330,2.493107,1.861944,0.683640,1.294959,1.122091,1.555439,1.961735,2.083225,2.528800,2.934920,1.366888,1.652586,2.301202,0.933585,2.489324,1.568514,0.742041,1.007088,1.307021,1.894951,1.808370,1.223351,0.704734,1.184203,2.215162,0.842021,0.790677,1.308564,1.567853,1.340173,1.461622,1.117286,1.164729,1.910237,0.438433,1.042576,0.996488,3.215517,0.984371,1.596826,2.514224,1.476437,0.733924,1.683937,1.991380,1.444277,1.705825,2.915809,0.918118,2.361568,2.420151,3.618379,1.538252,1.306170,2.658456,1.385949,1.164435,1.311287,1.855025,0.497881,1.885179,0.902527,1.912404,1.029923,0.900544,0.635252,2.256853,0.748789,0.771984,1.374895,2.078626,3.646575,1.668444,0.611506,0.620937,0.731303,1.926099,1.325480,1.318763,1.370246,1.093457,1.015000,1.419430,1.850382,0.788544,1.510465,2.954409,2.807783,1.997560,1.320515,3.272140,1.108147,0.412726,1.498936,1.320608,1.769273,0.771434,1.494542,3.472905,1.568444,2.258744,1.324954,0.509105,0.679870,0.700572,0.711544,1.194323,1.406524,1.849765,1.416993,1.034229,2.808838,2.378551,1.971318,0.838905,1.956561,1.156369,1.112537,1.664081,1.571268,1.163923,1.156224,0.493858,0.885992,0.966366,1.242721,1.460352,1.989103,2.000290,0.823933,1.231722,1.790577,0.759743,1.453593,1.301117,1.474000,0.714555,2.150997,3.320926,1.752983,2.670925,0.885923,1.907935,1.804205,1.675144,1.256472,1.523767,1.084210,0.870898,2.604957,0.773694,1.690334,1.395884,0.969663,2.485922,2.085855,0.952114,1.497123,1.621565,1.120926,2.364374,3.086812,1.577444,1.935492,1.029216,1.473076,0.998744,1.142030,1.128742,1.277837,1.450445,1.203532,3.375896,1.734887,0.984794,0.913015,1.095807,2.071978,1.729661,1.818531,0.560503,1.070553,1.030156,1.078019,1.619714,1.054581,1.049140
LateCornish,0.612234,0.665247,0.725167,0.582558,0.283486,0.468730,0.767794,0.753397,0.560637,0.311542,0.845642,0.615520,0.669558,0.575269,1.203770,0.340653,0.775307,0.733823,1.159962,0.639568,0.461460,0.783147,0.865890,1.432065,0.546150,0.884472,0.587229,0.632779,0.626622,0.746888,0.757252,0.684500,0.568080,0.759604,0.456057,0.675899,0.755597,0.579305,0.553575,0.350405,0.462098,0.966552,0.544377,0.469914,0.539827,0.848265,0.636532,0.445008,0.649532,0.674670,0.647017,0.637789,0.455367,1.167510,1.063407,0.770639,0.713687,0.579947,0.938144,0.875564,0.782718,0.718830,0.731566,1.113288,0.989061,0.633841,0.723387,1.023156,0.682591,0.653052,0.571860,1.557064,0.566547,0.615483,0.499024,0.781223,0.803575,0.984485,0.456424,0.646805,0.640906,0.476012,0.369535,0.737903,0.855702,0.819142,0.846962,0.496787,0.736394,0.861575,0.498754,0.674956,0.467020,0.359321,0.351453,0.610182,1.118387,0.663908,0.647574,0.721479,0.729629,0.738462,0.705816,0.697574,0.513015,0.479085,0.510227,0.960427,0.721018,0.539962,0.415493,0.785471,1.127084,0.467455,0.515349,0.599215,0.486338,0.486875,0.422545,0.320795,0.486445,0.398586,0.846340,0.387315,0.873703,0.698541,0.670352,0.524921,0.605930,0.441048,0.693223,0.689138,0.767527,0.878522,0.642185,0.443055,0.563856,0.450867,0.355341,0.651198,0.641803,0.563247,0.608983,0.594868,0.505443,0.393969,0.748357,0.776723,0.723618,0.702798,1.275791,1.319144,0.842862,0.584368,0.491389,0.643084,0.339131,0.326100,0.543035,0.782317,0.606965,0.618598,0.807504,0.598223,1.040064,0.939313,0.514750,0.637668,0.549427,0.456143,0.546017,0.563513,0.752830,0.363852,0.766190,0.426225,0.821009,0.738066,0.572080,0.734865,0.545682,0.705774,0.740124,0.782269,0.556162,0.383846,0.649113,0.653275,0.792282,0.892898,0.642234,0.841192,0.515655,0.482651,0.478456,0.686589,0.434210,0.709821,0.503616,0.420960
OldBreton,0.535102,0.780245,0.745723,0.311027,0.312552,0.317516,0.490053,0.197821,0.512048,0.377267,0.566924,0.420824,0.322635,0.463774,0.733736,0.521414,0.377934,0.867478,0.292752,0.851698,0.505904,0.834440,0.416398,1.064802,0.744583,0.409583,0.596492,0.968284,0.803558,0.351496,0.272011,0.450194,0.480757,1.014719,0.551762,0.546935,2.201401,0.504301,0.649185,0.377073,0.390246,0.263301,0.899010,0.549264,0.304281,0.681663,0.330965,0.451935,0.509466,0.795991,0.255268,0.258058,0.487458,0.311621,1.109830,0.762207,0.937864,0.554749,0.473757,0.488885,0.765169,1.292475,0.497059,0.458472,0.824683,0.399769,0.360858,0.909485,0.448651,0.582504,0.224426,0.454629,0.566670,0.535725,0.540011,0.447886,0.566127,0.427522,0.383727,0.279981,0.878199,0.241572,0.603316,0.433100,0.602695,0.425706,0.893193,0.327852,0.322573,0.907703,0.954562,0.990281,0.539138,0.678465,0.314217,0.434404,0.671284,0.237227,0.712418,0.742171,0.463336,0.526592,0.353112,0.758701,0.762438,0.327562,0.731632,0.624189,0.580265,0.427660,0.245453,0.370379,0.537115,0.728484,0.770929,0.612899,0.339181,0.663555,0.502626,0.401396,0.956706,0.438942,0.352303,0.494111,0.801438,1.437959,0.501678,0.364655,1.413754,0.362636,0.869126,0.876135,0.413462,0.894074,0.445891,0.411604,0.897120,0.584501,0.666391,0.615377,0.771226,0.565224,0.530694,0.353810,0.669205,0.582388,0.628997,0.543632,0.770524,0.619963,0.560364,1.205978,0.961022,0.363476,0.842297,0.644843,0.244839,0.246724,1.366493,1.338050,0.720530,0.218405,0.487288,0.317663,0.377999,0.514498,0.376842,1.753487,0.763664,0.542439,0.317102,0.322302,1.323377,1.055775,0.688510,0.469064,0.892432,0.415606,0.896546,0.780485,0.266323,0.577816,0.513227,0.549483,0.526626,0.148722,0.446968,0.686774,0.433749,0.368001,0.389359,0.216167,0.315337,0.405986,0.412988,0.762145,1.048114,0.292860,0.194810,0.256778
MiddleBreton,0.898832,0.795361,0.474279,0.528112,0.605194,0.596419,0.662225,0.692655,1.050252,0.472669,0.768775,0.323442,0.829426,1.008321,0.779295,0.856300,0.747414,0.765792,0.361248,1.608442,0.945991,1.068164,1.151052,0.717747,0.604912,1.281064,0.728834,0.809508,0.568426,1.410517,0.588988,0.322630,0.600484,0.294636,1.344875,0.580202,0.814293,0.725335,0.528978,0.487405,1.215771,0.526865,0.655321,0.790011,0.908773,0.603538,1.740206,0.810552,0.550951,2.005320,0.655951,0.714415,0.777735,0.695373,0.695300,0.726236,0.643413,0.696622,0.708182,0.563096,0.792013,0.883900,1.015881,0.731477,0.840675,1.289370,0.491664,0.922175,0.715288,0.301352,0.622468,0.312438,1.199622,0.911891,1.387769,0.964940,0.644761,0.894139,1.069222,0.402343,0.490358,0.695969,0.536953,0.557666,0.583273,0.933123,0.505144,0.749120,0.754312,0.993480,0.789532,0.765627,0.691571,0.489444,0.363966,0.855252,0.953753,0.287010,0.311392,1.064433,1.064819,1.611883,0.571669,0.676966,1.857707,0.227429,3.407660,1.024779,0.581562,0.818409,0.990909,0.658458,0.503628,0.435986,1.081152,0.361675,0.586600,0.580714,0.903654,0.254239,0.844267,0.485571,0.970640,0.668142,1.483297,0.672903,0.532450,0.528508,0.297703,1.207671,0.986082,0.939038,0.600871,0.511092,0.575152,0.334615,0.937737,0.816374,0.469875,0.241719,1.251510,2.882388,0.621448,0.628307,0.858367,0.894962,1.367771,0.691409,0.548824,0.461127,0.569413,1.070057,0.469721,0.595308,0.552865,0.941527,1.907806,1.609718,0.362613,0.486435,0.607476,0.659958,0.718734,0.617295,0.404779,0.338149,0.490077,0.425633,0.352431,0.699690,1.172088,2.130219,0.458953,0.634189,1.020358,1.469202,0.669696,0.363976,1.180888,0.395074,0.529743,0.427663,1.099045,0.516986,0.756937,0.518284,1.542705,0.872424,0.397641,0.771151,0.590709,0.543501,0.352957,0.554246,0.511844,0.256816,0.467632,0.489412,0.464307,0.863816
BretonGwened,0.932400,0.901774,0.997003,1.083981,0.881370,0.888190,0.812210,1.018111,1.270869,1.185389,0.716480,1.555586,1.458344,0.804562,1.907363,0.898455,1.200444,1.478373,0.991476,1.091627,1.232513,1.086433,1.106400,1.209863,1.421564,1.267458,1.388829,1.653821,3.151433,1.690396,0.468608,1.055067,0.731453,0.564302,1.528872,2.198240,1.501837,1.668844,1.402064,1.424491,1.290748,1.317649,0.924507,1.371861,1.013626,0.738879,0.699011,1.196428,0.688828,0.901488,0.945849,0.963380,0.932721,0.874686,0.908956,1.201621,1.358523,0.900093,0.861254,1.991985,1.535288,1.329896,1.042057,1.507791,1.562262,1.628819,1.238575,1.315104,1.116664,1.057406,0.890261,1.148428,0.675604,1.728812,1.663942,0.958504,1.448889,1.026130,0.778953,0.701728,0.717652,1.611920,1.418709,2.305206,0.884782,1.331945,1.321432,1.285304,0.797478,1.106188,1.971319,1.859901,0.833655,1.883201,1.876858,1.721999,1.597335,0.989382,1.617351,0.988650,0.976073,0.958870,0.984512,1.879950,1.881838,0.675292,1.398519,0.899947,1.057940,1.414315,1.278438,1.305317,1.492388,1.752375,1.861297,1.044232,0.852301,0.847846,0.929659,1.123105,1.422743,0.787318,1.163392,1.236444,1.143970,1.527245,2.501233,1.887816,1.512591,1.688236,0.758760,0.761526,0.712077,1.188514,0.836280,0.678516,1.550361,0.862303,0.649775,0.658005,1.029311,1.131573,1.021448,1.620522,1.164701,0.697584,0.991398,1.056259,1.757620,0.800891,0.789465,1.592040,1.770933,0.926164,0.692192,2.953419,1.221281,1.195966,0.832479,0.870153,0.820669,0.842870,1.327737,1.179379,0.706933,1.278740,1.256370,0.762244,1.349601,0.699485,2.153467,2.385277,0.897833,1.810898,0.992467,0.632146,0.922280,0.855652,0.952891,0.703721,0.887123,0.728114,1.208708,1.574842,0.893197,0.754654,1.101443,0.996329,0.943947,0.998369,1.056076,1.250357,1.043054,1.377685,1.476723,1.219764,1.588027,1.981592,1.485341,1.884986
BretonTreger,0.599636,0.575603,0.483205,0.512032,0.568179,0.572576,0.676574,0.611595,0.413362,0.670468,0.508985,0.773956,1.044094,0.454173,1.177754,0.456662,0.612149,1.162346,0.699361,0.842262,0.754520,0.617128,0.628470,0.782380,0.448861,0.789234,0.672631,1.115173,1.532071,0.717274,0.358601,0.488106,0.504682,0.398984,0.705735,1.864480,0.672964,0.888646,0.482276,0.679321,0.615541,0.873692,0.534743,0.488163,0.554807,0.624188,0.392776,0.845821,0.575598,0.751490,0.794332,0.809056,0.509528,0.682170,0.499693,0.560683,0.642261,0.514368,0.583382,0.804603,0.740018,0.420446,0.610690,1.144766,1.156802,0.631234,0.840898,0.430706,0.975044,0.382598,0.311305,0.595859,0.553860,1.419587,1.124359,0.597811,0.999012,0.606738,0.544074,0.372014,0.499603,0.951335,0.857051,1.889383,0.597733,1.223649,0.865278,0.434876,0.434085,0.609593,1.025016,0.967083,0.730313,1.094153,1.581665,0.644902,0.716059,0.554438,0.833753,0.360121,0.495594,0.462120,0.514430,1.087925,1.663818,0.390778,0.630123,0.648987,0.778813,1.139587,0.910222,0.740103,1.475259,0.623105,0.959816,0.417857,0.449876,0.587876,0.426534,0.723349,0.836552,0.705585,0.705080,0.777644,0.837246,0.678502,1.226988,1.508899,0.619227,0.656537,0.651566,0.653941,0.415076,0.919540,0.502941,0.285598,0.610773,0.521749,0.406786,0.411938,0.674697,0.763068,0.468161,0.757429,0.751243,0.645078,0.506496,0.796186,0.703853,0.653743,0.637456,0.589854,0.667832,0.496668,0.280983,1.680491,0.514947,0.504273,0.443810,0.515153,0.888559,0.469400,0.830700,0.542396,0.717574,0.594293,0.853523,0.483992,0.987610,0.569184,1.113364,1.650454,0.701936,0.770452,0.545196,0.377190,0.563161,0.414659,0.402757,0.640318,0.624886,0.289988,0.908232,0.627760,0.575125,0.781328,0.467588,0.847106,0.474334,0.619311,0.912669,1.031254,0.495832,0.775875,0.831650,0.746723,1.269603,1.009018,0.862323,1.168733
OldIrish,0.535369,0.581847,0.723319,0.875593,1.085405,0.737764,1.962705,1.276246,0.778767,1.197075,1.112728,0.688781,0.495405,0.919463,0.350969,0.239309,1.089406,1.495510,0.382131,0.420826,0.604798,0.200834,2.084779,0.675228,0.388389,0.473603,0.521636,3.168634,0.896703,1.090309,0.777891,0.452996,0.301106,0.271321,1.420918,0.385495,0.902307,0.905415,0.803146,0.627644,0.881303,0.641078,0.373057,0.445756,0.851705,0.656506,0.479212,1.007626,0.419068,0.439198,1.619921,0.722609,0.855796,0.573136,0.567589,0.413915,0.686145,2.912333,0.940235,1.125004,0.307819,0.966360,1.164035,1.421744,0.615301,1.020296,0.554159,1.005987,0.405759,0.361809,0.376482,0.543270,1.025065,1.893586,1.911618,0.577100,0.304609,0.651775,0.516695,1.043757,0.950197,1.843524,1.589915,0.613124,0.747921,0.577075,1.022445,1.050945,0.476741,1.228267,0.366284,0.357286,0.852307,0.729174,0.761869,0.599274,1.486137,1.060100,0.356052,0.807351,0.775507,0.731057,0.243887,1.006475,0.515382,0.922738,1.146174,0.791297,1.411637,0.729023,1.015500,0.470307,1.512966,0.733912,0.623357,0.966714,0.616756,0.320731,0.318381,0.577300,0.340852,0.863441,1.139645,0.494248,0.549332,0.436211,0.972283,0.655266,0.253544,0.731341,0.740360,0.738955,1.954959,2.404710,0.481617,0.508701,0.461954,0.306681,0.554168,1.076916,1.349264,0.537439,1.048807,0.286292,1.830681,0.607246,1.112156,1.481998,0.817159,2.974878,1.653597,0.996049,0.672116,1.983390,0.713100,1.322252,0.576039,0.517454,0.523696,1.395831,0.540132,1.121003,0.370836,0.812528,0.338214,0.573916,0.507145,1.519669,0.571572,0.424455,0.793832,1.089860,0.674316,0.690538,0.676172,1.067177,0.391091,1.016958,2.103885,0.624203,0.636617,0.534124,0.619888,0.708512,1.306991,1.362065,0.883078,0.578375,0.448104,0.357369,0.729012,0.624725,0.282005,0.894370,1.056249,0.687614,0.609645,1.174834,0.303522,0.208251
GaelicScottish,1.204156,1.178053,1.085945,0.928420,1.056029,1.072962,0.865590,0.902568,0.923636,0.879077,0.598727,1.238433,0.876648,0.892862,1.175945,1.216298,0.670427,1.280381,1.006656,1.289661,1.361891,1.375089,1.206247,0.897883,0.573189,0.972656,0.700245,1.433536,1.056643,1.248404,0.811821,0.604457,0.737241,0.464534,0.810710,1.010198,1.270662,0.596701,0.900832,0.902032,0.925632,0.597829,1.127955,0.816182,0.621067,1.036310,0.514200,0.964395,0.827046,0.974672,1.046711,1.021456,0.496449,0.994633,0.839207,0.784238,0.738928,0.671817,1.237649,0.543869,1.346845,1.157822,0.930111,0.873060,1.118980,0.730762,1.009947,1.048148,2.163108,1.789729,0.944255,0.802948,0.641855,0.908103,0.929004,0.712429,0.537324,0.703790,1.041982,0.662208,0.692960,0.680017,1.106986,1.205296,0.960244,0.810518,0.694992,0.533135,0.524451,0.886569,0.831721,0.829301,0.794798,0.910812,1.509802,0.796531,0.971452,1.036997,0.680562,1.005751,0.640548,0.784636,0.449984,0.759462,0.920033,1.119207,1.126031,0.702176,0.772824,0.738085,1.104966,0.769676,1.096623,1.026450,1.101113,0.949736,0.791437,0.801045,1.126079,1.005858,0.895291,1.109538,0.855317,0.599876,0.895846,0.950603,0.844536,0.932843,0.924041,0.834739,1.072128,1.019618,0.684330,1.242571,0.809585,0.764848,0.960252,0.845285,0.913980,0.902019,1.491150,0.590496,0.624582,0.481018,0.830378,0.876589,0.955394,1.121419,0.598059,1.075447,0.917776,0.663387,1.068069,0.691509,0.740633,1.065426,0.794454,1.155871,0.721505,0.934826,0.726592,0.620202,1.018318,0.880695,0.920487,0.817160,1.486814,1.037246,0.710706,0.691134,0.590961,0.600265,0.815123,0.860274,0.856654,0.856733,1.052629,0.795324,1.139560,0.691197,1.143050,0.570858,0.651459,0.909147,1.760149,0.814491,0.866425,0.964229,0.896218,0.932819,1.439276,0.804199,0.674726,0.483948,0.711753,1.276166,1.099065,0.834519,0.261715,0.748334
GaelicManx,1.151541,1.821827,1.554252,1.365216,1.431575,1.472685,1.297918,1.200653,1.180357,0.893603,0.991174,2.134294,1.530530,1.307399,1.168923,1.786250,1.211514,2.147828,1.263631,1.267745,1.550099,1.845931,1.456051,1.687238,0.851501,1.102758,0.973480,1.464105,2.086531,1.351440,0.768589,0.935420,0.773484,0.802823,0.989000,1.208009,1.704462,1.379436,0.864718,1.746640,1.185298,0.978984,1.612422,0.984958,0.886486,1.321500,0.664123,1.098331,1.053661,1.727905,2.363566,2.256589,0.995608,1.438481,0.901251,1.120673,0.735601,0.849268,1.180722,0.626675,1.384458,1.141041,0.824425,1.553030,1.597811,1.551913,1.110962,1.185312,3.020555,2.189279,1.471368,1.069005,0.983318,1.134868,1.766356,1.290783,0.731601,1.208508,0.735516,1.221007,0.872461,0.689535,1.412392,1.924586,1.252088,1.267751,0.602692,0.741357,1.388617,1.078050,1.107525,1.102874,1.006070,2.102374,2.078162,1.403257,2.213193,0.881818,1.323369,1.117381,1.136333,1.061945,0.626067,0.963743,1.129795,1.025240,0.959474,0.760472,0.775027,3.107328,1.295855,0.903501,1.633597,1.517069,2.563131,1.442322,1.132457,1.319075,1.414457,1.393399,2.005857,1.591680,1.214014,0.638194,1.915307,1.692473,1.203071,1.040731,1.088796,1.666307,2.049481,1.055182,0.740921,2.015891,1.568905,1.869122,1.820682,2.322035,2.078241,1.147531,1.008440,0.732493,0.817868,0.694438,1.227875,0.811957,1.100693,1.251325,0.855349,1.484264,1.357860,1.339628,0.905154,1.344058,0.708923,0.908967,1.743394,1.068462,0.925045,1.833469,1.186908,0.770646,2.312766,1.178853,0.992817,2.125164,2.161438,1.408615,0.820781,1.269866,0.780773,0.800101,1.537567,1.105106,0.919773,1.264854,2.095393,1.776552,0.949818,1.155619,2.585043,0.783129,1.001889,1.581690,4.486271,0.921031,1.801826,0.784432,0.684632,2.130030,1.718609,0.920012,1.203266,0.852237,0.894194,2.503016,1.698791,1.487540,0.265830,0.949475
GaelicIrish,0.505343,0.376888,0.394410,0.285576,0.311596,0.312102,0.477104,0.486130,0.312055,0.539081,0.355802,0.380553,0.427306,0.423504,0.455506,0.334301,0.246239,0.395896,0.471254,0.634992,0.411098,0.651976,0.433853,0.422013,0.436618,0.434747,0.444741,0.665281,0.393161,0.371213,0.326503,0.218772,0.272539,0.316375,0.353001,0.285114,0.630294,0.387008,0.265611,0.437325,0.417441,0.289958,0.402100,0.374365,0.312470,0.496376,0.272597,0.333959,0.441031,0.303801,0.683438,0.368739,0.527030,0.459954,0.413082,0.413206,0.321045,0.251300,0.235949,0.308588,0.245535,0.301780,0.570194,0.413149,0.416811,0.390010,0.391279,0.404071,0.384773,0.368681,0.449870,0.324789,0.318693,0.537897,0.737857,0.451104,0.351792,0.376627,0.281186,0.404824,0.398484,0.288387,0.434565,0.388814,0.219113,0.198498,0.288660,0.284294,0.334993,0.412788,0.415806,0.418302,0.332037,0.501415,0.483610,0.337333,0.370311,0.274609,0.415869,0.395001,0.397298,0.266263,0.291960,0.367230,0.385411,0.378560,0.344298,0.430647,0.292596,0.403305,0.658530,0.356721,0.482207,0.536337,0.491078,0.391911,0.271830,0.270892,0.288464,0.427776,0.322996,0.453010,0.548498,0.333963,0.301339,0.410676,0.267572,0.302563,0.338268,0.406673,0.755149,0.754627,0.456294,0.311611,0.388413,0.502645,0.305486,0.436634,0.346724,0.363712,0.279692,0.338666,0.327362,0.254234,0.380096,0.440013,0.332017,0.334663,0.338745,0.421372,0.586770,0.267335,0.311262,0.404410,0.283518,0.372024,0.590178,0.597291,0.329177,0.725093,0.305308,0.437966,0.522280,0.381031,0.628191,0.331374,0.451235,0.371882,0.548564,0.453347,0.274290,0.276269,0.247825,0.381559,0.342200,0.333655,0.295542,0.325609,0.453800,0.334406,0.521202,0.311281,0.311583,0.417312,0.456799,0.445879,0.502288,0.292814,0.461867,0.449595,0.455261,0.306142,0.322733,0.221904,0.262689,0.413436,0.238859,0.414042,0.206234,0.160281
