ID,Language,param1,param10,param100,param101,param102,param103,param104,param105,param106,param107,param108,param109,param11,param110,param111,param112,param113,param114,param115,param116,param117,param118,param119,param12,param120,param121,param122,param123,param124,param125,param126,param127,param128,param129,param13,param130,param131,param132,param133,param134,param135,param136,param137,param138,param139,param14,param140,param141,param142,param143,param144,param145,param146,param147,param148,param149,param15,param150,param151,param152,param153,param154,param155,param156,param157,param158,param159,param16,param160,param161,param162,param163,param164,param165,param166,param167,param168,param169,param17,param170,param171,param172,param173,param174,param175,param176,param177,param178,param179,param18,param180,param181,param182,param183,param184,param185,param186,param187,param188,param189,param19,param190,param191,param192,param193,param194,param195,param196,param197,param198,param199,param2,param20,param200,param201,param202,param203,param204,param205,param206,param207,param208,param209,param21,param210,param211,param212,param213,param214,param215,param216,param217,param218,param219,param22,param220,param221,param222,param223,param224,param225,param226,param227,param228,param229,param23,param230,param231,param232,param233,param234,param235,param236,param237,param238,param239,param24,param240,param241,param242,param243,param244,param245,param246,param247,param248,param249,param25,param250,param251,param252,param253,param254,param255,param256,param257,param258,param259,param26,param260,param261,param262,param263,param264,param265,param266,param267,param268,param269,param27,param270,param271,param272,param273,param274,param275,param276,param277,param278,param279,param28,param280,param281,param282,param283,param284,param285,param286,param287,param288,param289,param29,param290,param291,param292,param293,param294,param295,param296,param297,param298,param299,param3,param30,param300,param301,param302,param303,param304,param305,param306,param307,param308,param309,param31,param310,param311,param312,param313,param32,param33,param34,param35,param36,param37,param38,param39,param4,param40,param41,param42,param43,param44,param45,param46,param47,param48,param49,param5,param50,param51,param52,param53,param54,param55,param56,param57,param58,param59,param6,param60,param61,param62,param63,param64,param65,param66,param67,param68,param69,param7,param70,param71,param72,param73,param74,param75,param76,param77,param78,param79,param8,param80,param81,param82,param83,param84,param85,param86,param87,param88,param89,param9,param90,param91,param92,param93,param94,param95,param96,param97,param98,param99
0,ProtoUralic,100000,100,0000000000000001000,???????????????????????,??????????????,?????????????,0100000000000000,???????????????????????,??????????????????????????,??????????????????,0000000000010000,00000100,1000000,010000,?????????????????????,1000,1000,????????????,0100000,00000000000000010,000001,1000,1000000000000000000,??????????????,0010000,????????????????????,000000000001,10000000000,100000000,1000000,???????????????????,00000010000000,10,????????????????????????,1000000000,0000010000000000,????????????????????,?????????,010000000000000,10,???????,000100000,??????????,?????????????,100000,1,110000,1000,1000000,????????????????,???,0010000000000000000,???????,???????????,0100,???????,1000,???????????????,1000,0010000000000000000,1000000,00010000000,10000000000000000,???????????????????????,?????????????????,?????????????,???????????????,1,???????????????,?????????????????????????,????????,???????????????,1000000000,000000000000001,?????????????????????,?????????????????????????,00000010000000,????????,???????????,??????????????,????????,??????????????????,?????????????,??????,??????????,????????,00010000,?????????????????????,000000010000000,????????????,1000000,????,?????????????????????,????????????????????????????,?????????????????,???????????????,????????,??????????????????,1000,1000100000,10,??????,???????????????????,????????????????,10,???????????????????????????????,????????????????,1,???????,00100000000000,0000000100000,0010000,??????????,0010000,1,????????????????,????,??,??????????,000000000000100,?????????????????,0000000000010,?????????????,1000,??????????????,00001000,?????????????,100,????????????,10000000000000,????????????????,??????,??????????????????,01000,010,?????????????,????????????????,??????????????????,?????????????????????,?????,0000000000000010,????????,00100000,???????????,010000001000,?????????????,???????????????????,?????,??????????????????????,?????????????,?????????????????,???????????????,??????????????,???????????,????????????????????,????????????????,??????????,00100000000000000,????????,?????????????????????,??????????????????????,??????????,??????,??????????????????????????,????????????,?????????????,10000000000000,1000000000000000,0000000000000000010,?????????????????????,??????????????????????,00100000000000000,????????????????????,????????????????,?????????????????,?????????????,???????????????,?????????????????,000000000010,?????????????,???????????????????,????????????????????,?????????????,?????????????,???????????????,????????,????????????,????????????,???????????????,10000,???????????,???????????????,?????????????????????????,???????????????,?????????????,????????,???????????,?????????????????,???????????????,?????????????,??????????????????,?????????,????????????,?????????????,01000,???????????,???????????????????,???????,1000,?????????????,???????????????,0001000000000000000000000,0100000,???????????????,010000000,???????????????,????,???????????,???????,01000000,100000000001000,01000000,10000000,0100,???????,????????,?????????????????????,??????????,??????????????????,????????????,????????,???????,??????????????????,?????????????????????????,000010000000,????????????????????????,????,????????????,10000,000000010000,100,???????,11,00000000000000010000000000000,100000000,1000000000,10,100,100,1000000,??????,?????????,10000,??????,?????,0000000010,10000100,100000000,0000100,????????,100,????????????????????,10000000,??????????,00001,1000000,???????????,00010000000,100,1000,100000,?????????????????,10000,????????????,10000000,1000000000000,???????????,1000,?????????????????????,00000000000100,1000,1000000,10000000000,??????,??????????????,?????????,?????????????????,10000,?????????????,???????????????,?????,1000000,01000,1000,01000000000000000,00000000000000000000010,1,?????????,0100000,001000000,??????????????,????????????,0001000,??????????,??????????????,???????????,00000000000000010,?????,????????????,?????????????????,??????????,00000010000,0010000
101,SouthSaami,100000,100,0000000100010000000,00000000000001000000100,10000000000000,0100010000000,0000010000100000,10000000000000000000000,00000000000001100000000000,000001010000000000,0000000000010000,10000000,0100000,010000,000000000001000000000,1010,1000,100000100000,0010001,00000000000010000,100000,0010,0000000011000000000,00000000000010,0010000,00000000110000000000,001000100000,10000000000,100000000,0010000,0000000000000010000,00000010000000,10,000000000000000001000000,0001000000,0000000000100000,00000000000000000110,000000001,000000000100000,10,0100000,100000100,1000000000,0000001000000,000001,1,010000,0100,1000000,0000001000100000,010,0000001000000000000,0100000,00100000000,1000,1000000,1000,000001000000000,1100,0000000001000000000,0000001,00000110000,00000001001000000,00000000000000000001000,00000010000000000,0000011000000,000000001000010,1,000001000100000,0000000000000001100000000,00010000,000000001000000,1000000000,000000100000000,000000000000000010000,0000000000000000100000000,10000100100000,10000001,00001000000,??????????????,01000000,000000000001000000,1000000000000,010000,0010000000,00010000,00010000,000000001000100000000,010000000000000,000001000000,1100000,1000,000000000100000100000,0000000000000000000100001000,00000000100000000,000000000001000,01000000,??????????????????,1000,1000000000,10,100000,0000010000000010000,0000000000001000,10,0000000000000000000011000000010,0000001000100000,1,1000001,00000010000000,0000000100000,1000000,0010000001,1000000,1,0000000000100000,0100,01,1000000000,???????????????,00000011000000000,0000010000000,0001000000000,1000,00000000010000,00010000,0000000100000,100,000000011000,10000000000000,0000001000000000,100000,000000000000001000,01000,010,0000010000000,0000000001000000,000000000100000000,000000000000000110000,?????,????????????????,10000000,01000010,00001000000,000000010000,1000000000000,0000000000000100000,01000,0000000000000100000000,0000000000100,00000001000000000,000010000000000,??????????????,10010000000,00000000011000000000,????????????????,0010000000,00000001000100000,10000001,000000000000000000100,0000000000000000001000,1100000000,??????,??????????????????????????,000010000000,?????????????,??????????????,0000001100000000,0000000001000001000,000000000000000001100,0000000000000000110000,00000000001000000,00000000000000011000,????????????????,00000001000010000,?????????????,000000000001000,10000000000000000,001010000000,1000000000000,0000000001000000000,10000000010000000000,1001000000000,0001000000000,000000000010100,00100000,????????????,000000010000,000000000010000,01000,???????????,???????????????,0000000001000000000000000,000000000100000,0000010000000,10000000,00010000000,10000011000000000,000000001000000,0000001000000,000000001000000010,100000000,000001000000,0000000001000,10000,00100000000,???????????????????,???????,1000,0000000011000,000000100000000,0000000000000000000000010,0100000,000001000000000,000000001,???????????????,????,00010000000,0100000,01000000,100000010001000,10000000,10000001,0001,???????,10000000,000000000000000011000,1000000000,000000000000010000,000001000000,10000000,???????,000000000000110000,0000000000000001000000000,001010000000,????????????????????????,????,100000000000,10000,100000000000,100,1000010,01,00000000000000000000000100000,100000000,1000000000,10,010,100,1000000,010000,010000000,10000,100000,10000,0100000000,00100000,000100000,0100000,10000000,100,00000000000100000000,10000000,1000000000,10000,1000000,00010000000,00001000000,100,0100,100000,00000000000010000,10000,010000000000,01000001,0000001000000,00000100000,1010,000000000000100010000,00000100000000,1000,1000000,10000000000,001000,00000000100000,010000000,00000000010100000,01000,0000000011000,000000100000000,01000,0000001,10000,0100,00000000000000100,00000000000011000000000,1,001000000,0100000,001000000,00000001000000,000100000000,0100000,0001000000,00001000000000,10000000000,00000001000000000,10000,000000100000,00000000000110000,0001000000,01000000000,1000000
102,UmeSaami,100000,100,0000000000010000000,???????????????????????,10000000000000,0100000000000,0000000000100000,10000000000000000000000,00000000000000000000001000,000000000001000000,0000000000010000,10000000,0100000,010000,000000000001001000000,1000,1000,000000110000,0010000,00000000000001000,100000,0010,1000000000010000000,00000001000000,0010000,????????????????????,000000110000,10000000000,100000000,1000000,0000000000000010000,00000010000000,10,000000000000000000001000,0000100000,0000000000100000,00000000000000000100,000000001,000000001000000,10,0100000,100000000,1000000000,0000001000000,100000,1,010000,0100,1000000,0000000000100000,100,0000001000000100000,0100000,00001100000,1000,1000000,1000,000000000100000,0100,0000000000000000010,0100000,00000110000,00000000001000000,00000000000000000011000,00000000010000000,0000011000000,000000000000010,1,000000000100000,0000000000000000000001100,00010000,000000001000000,1001000000,000000000100000,000000000000000011000,?????????????????????????,00000000100000,01000000,00001000000,01000000000000,01000000,000000000001000000,1000000000000,010000,0011000000,00010000,00010000,000000000000001000000,010000000010000,000001000000,0100000,1000,000000000000000100000,0000000000000000000000001000,00000000000010000,000000000011000,01000000,000000000000100000,1000,1000000000,10,100000,0000000000000110000,0000000000001000,10,0000000000000000000000000000110,0000000000100000,1,1000000,00000010000000,0000000100000,1000000,??????????,1000000,1,0000000000100000,0100,01,1000000000,???????????????,00000000000000100,0000011000000,1000000000000,1000,00000000010000,00010000,0000000100000,100,000000001000,00000000100000,????????????????,100000,000000000000011000,01000,010,0000010000000,0000000001000000,??????????????????,000000000000000110000,10000,0000000000100000,10000000,01000001,00001000000,000000010000,0000010000000,0000000000000100000,01000,0000000000000000010000,0000000000100,00000000000010000,000000000100000,??????????????,10000000000,00000000000001000000,0000000000001000,0010000000,00000000000100000,01000000,000000000000000100100,0000000000000000001000,1000000000,??????,00000000000000000000001100,000010000000,?????????????,00000000001000,1000000000000000,0000000000000011000,000000000000000001100,0000000000000000110000,00000000001000000,00000000000000001110,0000000000000100,?????????????????,0000001000000,000000000001000,10000000000000000,000010000000,0000000100000,1000000000000000000,00000000000000010010,1000000000000,0000010000000,000000000000100,00100000,????????????,????????????,000000000010000,01000,???????????,000000000001000,0000000000000000000000100,000000000100000,0000010000000,10000000,???????????,00000000000100000,000000000110000,0000001100000,000000000000001000,?????????,000001000000,?????????????,10000,???????????,???????????????????,???????,1000,0000000011000,000000000010000,0000000000000000000000110,0100000,000000000110000,000100000,000000000001000,????,00010000000,???????,01000000,100000010001000,????????,10000000,0001,???????,11000000,000000000000000010100,1010000000,??????????????????,????????????,01000000,0010000,000000000000110000,0000000000000000000000100,001010000000,000000000000010000000010,????,100000000000,10000,100000000000,100,1000000,01,00000000000000000000000101000,100000000,1000000000,10,010,100,1000000,010000,010000000,10000,100000,10000,0010000000,00110000,000100000,0100000,10000000,100,00000000000101000000,10000000,1000000000,10000,1000000,00010000000,00001000000,100,0100,100000,00000000000010000,10000,000001000000,01000000,0000001000000,00000100000,1010,000000000000000010000,??????????????,1000,1000000,10000000000,001000,00000000010000,010000000,00000000011100000,01000,0000000011000,100000000000000,01000,0010000,10000,0100,00000000000000100,00000000000000001000000,1,001000000,0110000,001000000,00000001100000,000010000000,0100000,0001000000,00000001000000,10000000000,00000000000001000,10000,000000100000,00000000001110000,0001000000,01000000000,1000000
104,PiteSaami,100000,100,0000000100010000000,???????????????????????,10000000000000,0100000000000,0000001000000000,00000000000000010000000,00000000000000001000000000,000000000001000000,0000000000010000,10000000,0100000,010000,000000000001000000000,1000,1000,100000100000,0010000,00000000000011000,100000,0010,0000000000010000000,00000001000000,0010000,00000000000100000000,000000100000,10000000000,100000000,1000000,???????????????????,00000010000000,10,000000000000000000001000,0000100000,0000000000100000,00000000001000000000,000000001,000000001000000,10,0100000,100000000,1100000000,0000001000000,100000,1,010000,0100,1000000,0000000000100000,110,0000000001000000000,0100000,00001000000,1000,1000000,1000,000000000100000,0100,0000000000100001000,0100000,00000110000,00000000001000000,00000000000000000001000,00000000010000000,0000011000000,000000001000010,1,000000000100000,?????????????????????????,00010000,000000101000000,1000000000,000000000100000,000000000000000010000,0000001000000000000001000,00000000100000,11000000,01001000000,01000000000000,01000000,000000000001000000,1000000000000,010000,0010000000,00010000,00010000,?????????????????????,010000000000000,000001000000,0100000,1000,000000000010000000000,0000000000000000000010000000,00000000000100000,000000000010000,01000000,000000000000100000,1000,1000000000,10,100000,0000010001001000000,0000001000001000,10,0000000000000000000000000010000,0000000000100000,1,1000000,00000010000000,0000001110000,1000000,??????????,1000000,1,0000000000100000,0100,01,1000000000,???????????????,?????????????????,0000001000000,1000010000000,1000,10000000000000,00100000,0000000100000,100,000000111000,10000010000000,0000001001000000,100000,??????????????????,01000,010,0000010000000,0000000001000000,000000000000001000,000000000000000110000,10000,0000000000100000,10000000,01000000,00001000000,000100000000,1000010000000,0000000000000100000,01000,0000000000000000001000,0000000001100,00000000000100000,000000000100000,??????????????,10000000000,????????????????????,0000000100000000,0100000000,00000000000100000,10000000,000000000000000100000,0000000000000000001000,1000000000,??????,00000000000000000100000000,000010000000,0001000000000,10000000001000,1000000000000000,0000000000010100000,000000000000000001000,0000000000000000010000,00000000001000000,00000000001000001000,????????????????,?????????????????,?????????????,000000000001000,10000000000000000,000100000000,1000000000000,1000000000000000000,00000000010000010000,1000000000000,1001000000000,000000000000100,00100000,????????????,100000000000,000000000010000,01000,00000000100,???????????????,0000000001000000000000100,000000000100000,0000010000000,10000000,???????????,10000000000100000,000000001000000,0000001000000,000000001000000000,100000000,000001000000,0000000001000,10000,???????????,???????????????????,0000010,1000,0000000010000,000000001010000,0000000000000000110000000,0100000,???????????????,000100000,000000000001000,????,00010000000,0100000,01000000,100000010001000,10000000,10000000,0001,???????,11000000,000000000000000001000,1000000000,000000000000010000,000001000000,10000000,0010000,000000000000100000,0000000000000000000000100,000010000000,000000000000010000000010,????,100000000000,10000,100000000000,100,1000000,01,00000000000000000000000100000,100000000,1000000000,10,010,100,1000000,010000,010000000,10000,100000,10000,0100000000,00100000,000100000,0100000,10000000,100,00000000000011000000,10000000,1000000000,10000,1000000,00010000000,00001000000,100,0100,100000,00000000000010000,10000,000001000000,01000000,0000001000000,00000100000,0010,000000000000000010000,00000001000000,1000,1000000,10000000000,001000,00000000010000,010000000,00000000001100000,01000,0000000110000,???????????????,01000,0010000,10000,0100,00000000000000100,00000000000000101000000,1,001000000,0100000,001000000,00000001100000,000110000000,0100000,0001000000,00000001000000,10000000000,10000000000000000,10000,000000100000,00000000000110000,0001000000,01000000000,1000000
105,NorthSaami,100000,100,0000000000010000000,00000000000000000001100,00000001000000,0100000000000,1000000000000000,10000000000000000000000,00000000000000000000010010,000000000001000000,0000000000010000,10000000,0100000,010000,000000000001000000000,1000,1000,100000100000,0110000,00000000000010000,100000,0010,1000000000000000000,10000000000000,0010000,00000000000000010000,000000100000,10000000000,100000000,1000000,1000000000010100000,00000010000000,10,000000000000000000001000,0001000000,0000000000100000,00000000000000001010,010000000,000000001100000,10,0100000,100000000,1000000000,0000001000000,100000,1,010000,0100,1000000,0000000001000000,110,0000000000001000000,0100000,00001000000,1000,1000000,1000,000000000100000,1000,0000000000000001100,0100000,00000100000,00000000001000000,00000000001000000000010,00000000010000000,0000011100000,000000001000010,1,000000000100000,0000000000000000000010000,00010000,100000001000000,1001000000,000000001000000,000000000000000010000,0000001000000000000001000,00000010100000,10000000,00001000000,10000000000000,01000000,000000000001100000,1000000000000,010000,0010000000,10010000,10010000,000000000000000000001,010000000000000,000010000000,0100000,1000,000000000000000100000,0000000000000000000000010000,00000000000100000,000000000010000,01000000,100000000000100000,1000,1000000100,10,100001,0000000000001000000,0000000000010000,10,0000000000000000000000000011000,0000000000100000,1,1000000,00000010000000,0000001000000,1000000,0010000000,1000000,1,0000000001000000,0100,01,1000000000,000000001000000,00000000000011000,0000010000000,0000010000000,1000,10000000000000,00100000,0000000100000,100,000000110000,10000010000000,0000000001100000,100000,000000000000010000,01000,010,0000010000000,0000000010000000,000000000000001000,000000000000000100000,10000,0000000000100000,10000000,01000000,10000000000,000000011000,1000000000000,0000000000000100000,01000,0000000000000000100000,0000000001000,00000000000100000,000000000100000,00000000100000,10010000000,10000000000000000000,0000000000001000,0010000000,00000000000100000,10000000,000000000000000100000,0000000000000000001000,0000100000,??????,00000000000000000000001000,000010000000,0000001000000,10000000010000,1000000000000000,0000000000000100000,000000000000000100000,0000000000000001100000,00000000001001000,00000000000000110000,0000000000011000,10000000000010000,0000001000000,000000000010000,10000000000000000,100000000000,1000000000000,1000000000000000000,00000000000000011000,0000000010000,1000000000000,000000000011000,00100000,000000000100,000000010000,000000000011000,01000,00001100000,000000000110000,0000000000000000000001000,000000001000000,1000010000000,10000000,00010000000,00000000001000000,000000001000000,0000001000000,000000000000001000,100000000,000001000000,0000000001000,10000,00000100000,0000000101000010000,???????,1000,0000000110000,000000000010000,0000000000000000000011000,0100000,000000001000000,001100000,000000000110000,????,00010000000,0100000,00100000,100000010001000,10000000,10000000,0001,0010000,01000000,000000000000000011000,1000000000,000000000000110000,000001000000,10000000,0010000,000000000000100000,0000000000000000000000110,001010000000,000000000000001000001100,0100,100000000000,01000,100000000000,100,1000010,01,00000000000000000000000110000,100000000,1000000000,10,010,100,1000000,010000,010000000,10000,100000,10000,1000000000,00100000,000100000,0100000,10000000,100,00000000000100000000,10000000,1000000000,10000,1000000,00010000000,10000000000,100,0100,010000,00000000000010000,10000,000011000000,01000000,0000001000000,00000100000,0100,000000000000000010000,00000000100000,1000,1000000,10000000000,001000,00000000010000,010000000,00000000011000000,01000,0000000110000,000000010000000,01000,0010000,10000,0100,00000000000000100,00000000000000001000000,1,001000000,0100000,001000000,00000001000000,000010000000,0100000,0001000000,00000001000000,10000000000,00000000000010000,10000,000000100000,00000000001110000,0001000000,01000000000,1000000
106,InariSaami,100000,100,0000000000010000000,00000000000000000001000,00000101000000,0100000000000,1000000000000000,10000000110000000000000,10000000000000000000000010,100001000001000000,0000000000010000,10000000,0100000,010000,000000000000000100000,1000,1000,100000000000,0100000,00000000000010000,100000,0010,1000000000000000000,10000000000000,0010000,00000000000000010000,000000100000,10000000000,100000000,1000000,1000000000000100000,00000010000000,10,000000000000000001000000,0001000000,0000000000100000,10000000000000000010,010000000,000000000100000,10,1100000,100001000,1000000000,0000001000000,100000,1,010000,0100,1000000,0000000001100000,100,0000001000000000000,0100000,00001000000,1000,1000000,1000,000000000100000,1000,0000000000000000100,0100000,00000100000,00000000001000000,00000000000000000001000,00000000000100000,0000010100000,100000001000010,1,000000000100000,0000000000101000000010000,10010000,000000001000000,1000000000,000011001000000,000000000000000010000,1000000000001000000001000,00000010100000,10000000,00001000000,10000000000000,01000000,000000100000000000,1000000000000,010000,0010000000,00010000,00010000,000000000000010000001,000100000000000,000010000000,0100000,1000,000000010000000100000,0000000000000000000000010000,00000000000100000,000000000010000,01000000,000000100000000000,1000,1000000000,10,100000,0000000000001000000,0000000000010000,10,0000000000000000000000000000001,0000000000100000,1,1000000,00000010000000,0000001000000,1000000,1000000000,1000000,1,0000000001000000,0100,01,1000000000,000000001000000,00000010000001000,0000010000000,1000000000000,1000,10010000010000,00100000,0000000100000,100,000000100000,10000010000000,0000000001000000,100000,000000001000001000,01000,010,0000010000000,0000000010000000,000000000000001000,000000000000000010000,10000,0000000000100000,10000000,01000000,10001000000,????????????,1000000000000,0000000000000110000,01000,0000000000010000001000,1000000001000,10000000000100000,000000000100000,00001000000000,10000000000,10000000000000000000,????????????????,0010000000,00000000000100000,10000000,000000000000000100000,0000000000000000001000,0000100000,??????,00000000000000000000001000,000010000000,?????????????,10000000000000,0000100000000000,0000000000000101100,000000000000000000100,0000000000000001100000,00000000001000000,10000000000000100000,????????????????,00000010000010000,0000000100000,000000000001000,00000010000000000,100000000000,1000000000000,1000000010000000000,00000000000000010000,0000000010000,0100001000000,000000000000100,10000000,????????????,????????????,000000000010000,01000,???????????,000000000010000,?????????????????????????,000000001000000,1000000000000,10000000,00010000000,00000000001000000,000001001000000,0000001000000,000000000000001000,100000000,000001100000,0000000001000,10000,00000101000,???????????????????,???????,1000,0000010000000,010000000000000,0000000000000101000000001,0100000,100000000000000,001000000,000000000001000,????,00010000000,0100000,01000000,100000010001000,10000000,10000000,0001,???????,01000000,000000000000000011000,1000000000,000000000000110000,000001000000,10000000,1000000,000000000000100000,0000000000000000000000100,001110000000,000000001000001000000000,????,100000000000,10000,100000000000,100,1000000,01,00000000000000000100000010000,100000000,1000000000,10,010,100,1000000,010000,010000000,10000,100000,10000,1000000000,00100000,000100000,0100000,10000000,100,00000000000000100000,10000000,1000000000,10000,1000000,00011000000,10000000000,100,0100,000001,00000010000000000,10000,000010000000,01000000,0000000100000,00000100000,0100,000000000000000010000,00000000100000,1000,1000000,10000000000,001000,00000000010000,010000000,00000000010000000,01000,0000000100000,000001000000000,01000,0010000,10000,0100,00000000000000100,00000000010000000000000,1,001000000,0100000,001000000,00000001000000,000010000000,0100000,0001000000,00000001000000,10000000000,10000000000000000,10000,000000100000,00000000001000000,0001000000,01000000000,1000000
107,SkoltSaami,100000,100,0000000000010000000,00000000000000000000100,00000001000000,0100000100000,1000000000000000,00000000000000000100000,10000000000000000000001000,000000000001000000,0000000000010000,10000000,0100000,010000,000000000000000100000,1000,1000,100000100000,1010000,00000000000010000,100000,0010,1000000000001000000,10000000000000,0010000,00000000000000001000,000000110000,10000000000,100000000,1000000,0000000000000101000,00000010000000,10,000000000000000001000000,0001000000,0000000000100000,00000000000000000010,010000000,000000000010000,10,1100000,100000000,1000000000,0000001000000,100000,1,010000,1000,1000000,0000000001000000,100,0000000000000010000,0101000,00001000000,1000,1000000,1000,000000000011000,1000,0000000000000000100,0100000,00000100000,00000000001000000,00000000000000000000110,00000000001100000,0000010100000,000000000000001,1,000000000100000,0000000000000000000010000,00010000,100000000000000,1000000000,000000001010000,000000000000000010000,0000000000000000000001100,00000000010000,10000000,00001000000,10000000000000,01000000,000000000001000000,1000000000000,100000,0010000000,00010000,01010000,100000000000000100000,000100000001000,000010000000,0100000,1000,000000000000000100000,0000000000000000000000010100,00000000000100000,000000010000000,01000000,000000000000010000,1000,1000000000,10,100000,0000000000001000000,0000000000000100,10,0100000000000000000000000000001,0000000000110000,1,1000000,00000010000000,0000001010000,1000000,0010000000,1000000,1,0000000001000000,0100,01,1000000000,000000001000000,10000000000000000,0000010000000,1000000000000,1001,10000000001000,00100000,0000000100000,100,000000010100,10000000000000,0000000001000000,100000,000000000000011000,01000,010,0000010000000,1000000000000000,000000000000001100,000000000000000100000,10000,1000000000010000,10000000,10000000,10000000000,000000001000,1000000000000,0000000000000010000,01000,0000000000000000001000,0000010000000,00000000000001100,000000000110000,00000010000000,10000000000,10000000000000000000,????????????????,0010000000,00000000000100000,10000000,000000000000000100000,0000000000000000001000,1000100000,010000,00000000000000000000000010,000010000000,0000000100000,00000000011000,0100000010000000,0000000000000000100,000000000000000000110,0000000000000000001000,00000000001100000,01000000000000000001,????????????????,00000000000001000,0000000100000,000000000001000,10000000000000000,000000010000,1000000000000,1000000000000000000,00000000000000010000,1000000010000,1000001000000,100000000000000,10000000,000000000100,????????????,000000000010000,01000,00000010000,000000000010000,0000000000010000000000000,000000001010000,1000000000000,10010000,00010000000,00000000001010000,100000000000000,0000001000000,000000000000000110,100000000,000001000000,0000000001000,10000,00000100000,???????????????????,???????,1000,1000010000000,010000000000000,0000000000000000000000001,0100000,100000000000000,001000000,000000000001000,????,00010000000,0100000,10000000,100000010001000,10000000,10000000,0001,???????,01000000,100000000000000001000,1000000000,000000000000010000,000001000000,10000000,1000000,000000000000001000,0000000000000000000000001,000110000000,000000000000010000000001,????,100000000000,00100,100000000000,100,1000000,01,00000000000000000000000010100,100000000,1000000000,10,010,100,1000000,010000,010000000,10000,100000,10000,1000000000,00100000,000100000,0100000,10000000,100,00000000000000100000,10000000,1000000000,10000,1000000,00011000000,10000000000,100,0100,100000,00000000000001000,10000,000010000000,01000000,0000000100000,00000100000,0100,000000000000001010000,00000000100000,1000,1000000,10000000000,001000,00000000010000,010000000,00000000011000000,01000,0000000010000,100000001000000,01000,0010000,10000,0100,00000000000000100,00000000000000000100000,1,001000000,0100000,001000000,00000000010000,000010000000,0010000,0001000000,00000001000000,10000000000,00000000000000100,10000,000000010000,00000000001000000,0001000000,01000000000,1000000
108,KildinSaami,100000,100,0000000000010000000,00000000000000000001000,00000001000000,0100100000000,0000000010000000,00000010000000000000000,00000001000000000000000000,100000000000000000,0000000000010000,????????,0100000,010000,000000000000000100000,1000,1000,100000000000,0100000,00000001000010000,100000,0010,1000000000000000000,10000100000000,0010000,00000001000000000000,000000100000,10000000000,100000000,0010000,0000000001000000000,00000010000000,10,000000000010000000000000,0001000000,0000000000100000,00000000000000000010,010000000,000001000000000,10,0100000,100000000,1000000000,0000001000000,100000,1,010000,0011,1000000,0000000000100000,010,0000000000000010000,0001000,00001000000,1000,1000000,1000,000010000000000,1000,0000000000000001000,0100000,00000100000,00001000000000000,00000000000000000001000,00000000000100000,0000010000000,000000000000001,1,000000000100000,0000000000000000000010000,00010000,100000000000000,1000000000,000000001000000,000000000000000010000,1000000000000000000000000,00001000000000,10000000,00001000000,10000000000000,01000000,000000000001000000,1000000000000,100000,0010000000,00010000,00010000,000000001000000000000,000100000000000,000010000000,0000001,1000,000000000000000100000,0000000000000000100000000000,?????????????????,000000000010000,01000000,100000000000000000,1000,1000001000,10,100000,0000010000000000000,0000000000010000,10,0000000000000001000000000000000,0000010000000000,1,1000000,00000010000000,0000000010000,1000000,0010000000,1000000,1,0000000001000000,0100,01,1000000000,000010000000000,00000000000001000,0000010000000,0000000000001,1000,10000000000000,00100000,0000100000000,100,000000010000,00000010000000,0000100000000000,100000,000000100000000000,01000,010,0000010000000,1000000000000000,000000100000000000,000000000000000100000,10000,0000000000010000,10000000,10000000,10000000000,001000011000,1000000000000,0000001100000000000,01000,0000000000000000001000,0000010000000,00000100000000000,100000000000000,00000010000000,10000000000,00000010000000000000,0000000000001000,0010000000,00000000000100000,10000000,100000000000000000000,0000001000000000000000,1000000000,000001,00000000001000000000000000,001010000000,0000001000000,00000000010000,0001000000000000,0000000000010000100,000000000000000000010,0000000000000000001000,00000000001000000,00000000000001000000,0000100000000000,10000000000000000,0000000100000,000000000001000,10000000000000000,000000010000,1000000000000,0001000000000000000,00000000000000010000,1000000000000,0000001000000,000001000000000,10000000,000000000100,100000000000,000000000010000,01000,00000000100,000010000000000,0000000000010000000000000,000010000000000,0100000000000,10010000,00010000000,10000000000000000,100000000000000,0000000100000,000000000000000010,100000000,000001000000,0000000100000,10000,00000001000,0000000000000010000,???????,1000,0001000000000,010000000000000,0000000000000000000000001,0100000,000000000001000,001000000,???????????????,0010,00010000000,0100000,10000000,100000010001000,10000000,10000000,0001,???????,01000000,100000000000000000000,1000000000,000010000000000000,000001000000,10000000,1000000,100000000000000000,0000000000000000000000001,000110000000,000000000000010000000001,????,100000000000,10000,100000000000,100,1000000,01,00000000000000000000000000100,100000000,1000000000,10,010,100,1000000,010000,010000000,10000,100000,10000,1000000000,00100000,000100000,0100000,10000000,100,00000000000000100000,10000000,1000000000,10000,1000000,00011000000,10010000000,100,0100,100000,00000000000001000,10000,000100000000,00000010,0000000100000,00000100000,0100,000000000000000010000,00010000000000,1000,1000000,10000000000,001000,00000000010000,010000000,00000000010100000,01000,0000000010000,000001000000000,01000,0010000,10000,0100,00000000000000100,00000000100000000000000,1,001000000,0100000,001000000,00001000000000,000100000000,0010000,0001000000,00000001000000,10000000000,00000000010000000,10000,000000010000,00000000001000000,0001000000,01000000000,1000000
203,StandardFinnish,100000,100,1000000000000000000,10000000000100000000000,10000000000000,0100000000000,1000000000000000,10000000000000000000000,10000000000000000000000000,100000000010000000,1000000001000000,10000000,1000000,100000,100000000000000000000,1000,1000,100000000000,1000000,10000000000000000,100000,1000,1000000000000000000,10000000000000,1000000,10000000000100000000,100010000000,10000000000,100000000,1000001,1000000000010000000,10000000000000,10,010000000000100000000000,1000000000,1000000000000000,10000000000000000000,100000000,100000000000000,10,1000000,100000000,1000000000,0100000000000,100000,1,100000,1000,1000000,1000000000000000,110,1000000000000000000,0100000,10000000000,1000,1000000,1000,100000000000000,1000,1000000000010000000,1000000,10000000000,10000000000000000,10000000000000000000000,10000000000000000,1000010000000,100000001000000,1,100000000000000,1000000000000000000000000,10000000,100000000000000,1000000000,100000000000000,100000000000000000000,1000000000010000000000000,10000000000000,10000000,10000000000,10001000000000,10000000,100000000000000000,1000000000000,100000,1000000000,10000000,10000000,100000000000000000000,010000000000000,100000000000,1000000,1000,100000000000000000000,1000000000000000000000000000,10000000000000000,100000000000000,10000000,100000000001000000,1000,1000000000,10,100000,1000000000000000000,1000000000000000,10,1000000000000000000000000000000,1000000000000000,1,1000000,10000000000000,1000000000000,1000000,1000000000,1000000,1,1000000000000000,1100,10,1000000000,100000000000000,01000000000000000,1000000000000,1000000000000,1000,10000000000000,10000000,1000000000000,100,100000000000,10000000000000,1000000000000000,100000,100000000000000000,10000,100,1000010000000,1000000000000000,100000000000000000,100000000000000000000,10000,1000000000000000,10000000,10000000,10000000000,100000000000,0000001000000,1000000000000000000,10000,1000000000010000000000,1000010000000,10000000000000000,100000010000000,10000000000000,10000000000,10000000000000000000,1000000000000000,1000000000,10000000010000000,10000000,100000000001000000000,1000000000000000000000,1000000000,100000,10000000000100000000000000,100000000000,1000000000000,10000000000000,1000000000000000,1000000000000000000,100000000000000000000,1000000000010000000000,10000000000000000,10000000000000000000,1000000000000000,10000000000000000,1000000000000,100000010000000,10000000000000000,100000000000,1000000000000,1000000000000000000,10000000000000000000,1000000000000,1000000000000,100000000000000,10000000,100010000000,010000000000,100000000000000,10000,10000000000,100000000000000,1000000000000000000000000,100000000000000,1000000000000,10000000,10000000000,10000000010000000,100000010000000,0100000000000,010000000000010000,100000000,100000000000,1000000000000,10000,10010000000,1000000000000000000,1000000,1000,0000000100000,010000000000000,1000000000000000000000000,1000000,100000000000000,100000000,100000000000000,1000,10000000000,1000000,10000000,100000010000000,10000000,10000000,1000,1000000,10000000,100001000000000000000,1000000000,100000000000000000,100000000000,10000000,1000000,100000000000000000,1000000000000000000000000,110000000000,100000000000000100000000,1000,100000000000,10000,100001000000,100,1000000,11,10000000000000000000000000000,100000000,1000000000,10,100,100,1000000,100000,100000000,10000,100000,10000,1000000000,10000000,100000000,1000000,10000000,100,10000000000000000000,10000000,1000000000,10000,1000000,10000000000,10000000000,100,1000,100000,10000000000000000,10000,100000000000,10000000,1000000000000,10000000000,1000,100000000001000000000,10000000000000,1000,1000000,10000000000,100000,10000010000000,100000000,10000000000000000,10000,1000000000000,100000000000000,10000,1000000,10000,1000,10000000000000000,10000000000000000000000,1,100000000,1000000,100000000,10000000000000,100000000000,1000000,1000000000,01000000000000,10000000000,10000000000000000,10000,100000000000,10000000000000000,1000000000,01000000000,1000000
204,KarelianProper,100000,100,1000000000000000000,00000000000100001000000,10000000000000,0000001100000,1000000010000000,10000000000000000000000,10000000000000000000000000,100000000010001000,1000000000000000,10000000,1000000,100000,100000000000000000000,1000,1000,100001000000,1100000,10000000010000000,100000,1000,1000000000000000000,10100010000000,1000000,10000000000100000000,100011000000,10010000000,010000000,1100001,1000000000010000000,10000010000000,10,000100000000000001000000,1010000000,1000000000000000,10000000000000000000,100000000,100000000001000,10,1000000,100000000,1000000000,0100011000000,110000,1,100000,1000,1000000,1000000000000000,110,1000000000000000000,0110000,10000000000,1000,1000000,1000,000000010000000,1000,1000000000011000000,1000000,00010000000,10000000000000000,00000000000100000000000,10000000000000000,1000010000000,100000000100000,1,100000000000000,1000000000010000000000000,10000000,100000000000000,1000000000,101000000000000,100000000000000000000,1000000000000000001000000,10000010000000,10000000,10000000000,10000000000000,10000000,100000000000000000,1001000000000,100000,1000000000,01100000,10000000,100000000000000000000,010000011000000,100000000000,1000000,1000,100000000000000000000,1000000000010000000000000000,10000000000000000,100000010000000,01000000,000000000001000000,1000,1000000000,10,100000,0000000000010000000,0000000010000000,10,0000000000010000000000100000000,1000000000000000,1,1000000,10000000000000,1000000000000,1000000,1000000000,1000000,1,1000000000000000,0100,01,1000000000,100000000000000,00000000010000000,1000000000000,1000000000000,1000,10000000000000,10000000,1000000000000,100,100000000000,10000000000000,0100000000000000,100000,100000000010000000,10000,100,0000010000000,1000000000000000,100000000000000000,100000000001000000000,10000,1000000000000000,10000000,10000000,10000000000,100010000000,0000000100000,1000000000000000000,01000,1000000000010000000000,0000011000000,10000000000000000,100000010000000,00000010000000,10000000000,10000000000000000000,0000000011000000,1000000000,10000000000000000,10000000,000000000001001000000,1000000000000000000000,1000000000,010000,00000000000000000001000000,100000000000,1000000000000,10000000000000,1000000000000000,0000000000010000000,100000000001000000000,1000000000010000000000,10000000000000000,10000000000000000000,1000000010000000,00000000011000000,1000000000000,000000001100000,10000000000000000,100000000000,1000010000000,1000000000000000000,10000000000000000000,1000010000000,1000000000000,000000010000000,10000000,100001000000,????????????,100000000000000,10000,00010000000,100000010000000,0000000000010000000000000,000000010000000,1000000000000,10000000,10000000000,10000000010000000,100000000000000,0100000000000,010000000010000000,110000000,100000000000,1000000000000,10000,10010000000,1000000001010000000,0100000,1000,1000010000000,010000000000000,1000000100000000000000000,1000000,100000000000000,100000000,100000000000000,????,10000000000,1000000,10000000,000000000000100,10000000,10000000,1000,???????,01000000,100000000001000000000,1000000000,100000000000000000,100000000000,10000000,1100000,100000000000000000,1000000000010000000000000,110000000000,000000000001000100000000,????,100000000000,10000,100000100000,100,1000000,11,10000000000100000000000000000,100000000,1000000000,10,100,100,1000000,100000,100000000,10000,100000,10000,1000000000,10000000,100000000,1000000,10000000,100,10000000000000000000,10000000,1000000000,10000,1000000,10000000000,10010000000,100,1000,100000,10000000000000000,10000,100000000000,10000000,1000010000000,00001000000,1000,000000000001001000000,00000010000000,1000,1000000,10000000000,100000,10000001000000,100000000,10000000000000000,10000,1000000000000,100000000000000,10000,1000000,10000,1000,00000000011000000,10000000000000000000000,1,110000000,1000000,100000000,10000000000000,100000000000,1000000,1000000000,01000000000000,10000000000,00000000010000000,10000,000011000000,10000000010000000,1000000000,01010000000,1000000
207,Veps,110000,100,1000000000000000000,00000000000100000000000,10000000000000,0000000100000,0000000010000000,00000000000100000000000,00000000000100000000000000,000000000010000000,1000000000100000,01000000,1000000,100000,100000000000000000000,1000,1000,000001000000,0100000,10000000001000000,100000,1000,1000000000000000000,10000000000000,1000000,10000000000100000000,100010000000,00010000000,010000000,1000000,1000000000010000000,00000010000000,10,100000000000000000000000,1010000000,0000000010000000,01000000000100000000,100000000,100000000000000,10,1000000,100000000,1000000000,0100000000000,110000,1,100000,1000,1000000,1000000000000000,110,0000000000010000000,0100000,00010000000,1000,1000000,1000,100000000000000,1000,0000000000001000000,1000000,00001000000,00000000010000000,00000000000100000000000,10000000000000000,1000000000000,000000000010000,1,100000000000000,0000000000000000001000000,10000000,100000000000000,1000000000,101000000000000,000000000000001100000,1000000000000000000100000,00000010000000,10000000,00010000000,10000000000000,10000000,100000000000000000,1000000000000,100000,1000000000,01000000,01000000,100000000000000000000,000000001000000,100000000000,1000000,1000,100000000000000000000,0000000000000000000001000000,00000000010000000,000000010000000,01000000,000000000001000000,1000,0001000000,10,010000,0000000000010000000,0000000001000000,10,0000000000000000000000000100000,1000000000000000,1,1000000,10000000000000,1000000000000,1000000,1000000000,1000000,1,1000000000000000,0100,01,1000000000,100000000000000,10000000000000000,1000000000000,1000000000000,1000,10000000000000,10000000,0000010000000,100,000010000000,10000000000000,0000000010000000,100000,000000000001000000,10000,100,0000011000000,1000000000000000,000000000010000000,100000000001000000000,10000,1000000000000000,10000000,10000000,10010000000,000001000000,0000000100000,1000000000000000000,01000,0000000000000001000000,0000010000000,10000000000000000,100000001000000,00000001000000,10000000000,10000000000000000000,0000000000100000,1000000000,10000000001000000,????????,000000000000000100000,0000000000010001000000,0010000000,??????,10000000000000000001000000,100000000000,?????????????,00000010000000,1000000000000000,0000000000010000000,000000000000001000000,1000000000000000000000,10000000010000000,10000000000000000000,0000000001000000,10000000000000000,1000000000000,???????????????,10000000000000000,000010000000,0000001000000,0000000000010000000,00000000010000000000,0000001000000,1000000000000,000000010000000,10000000,000000100000,????????????,000000010000000,10000,10000000000,000000001000000,0000000000010000000000000,000000010000000,1000000000000,10000000,10000000000,10000000000000000,100000000000000,0100000000000,000000000010000000,100000000,100000000000,1000000000000,10000,???????????,1000000000100000000,0100000,1000,0000001000000,010000000000000,1000000000000000000000000,0100000,100000000000000,100000000,000000010000000,1000,10000000000,1000000,10000000,000000000000100,01000000,10000000,1000,???????,01000000,100000000000001000000,1000000000,100000000010000000,100000000000,10000000,???????,100000000010000000,0000000000010000001000000,110000000000,000000000000000001000000,????,100000000000,10000,100000000000,100,1000000,01,10000000000000000000000000000,100000000,1000000000,10,100,100,0001000,100000,100000000,10000,100000,10000,1000000000,10000000,001000000,1000000,10000000,100,10000000000000000000,10000000,1000000000,10000,1000000,10000000000,10000000000,100,1000,100000,00000000010000000,10000,100000000000,10000000,0000010000000,00001000000,1000,000000000000001000000,00000010000000,1000,1000000,10000000000,100000,00000001000000,100000000,10000000000000000,10000,0000010000000,100000000000000,10000,1000000,10000,1000,00000000001100000,10000000000000000000000,1,100000000,1000000,100000000,10000000000000,100000000000,1000000,1000000000,01000000000000,10000000000,00000000001000000,10000,000001000000,10000000000000000,1000000000,00010000000,1000000
208,Ingrian,100000,100,1000110000000000000,00000000000100000000000,10000000000000,0100001100000,1000000000000000,10000000000000000000000,10000000000000001100000000,000000000010001001,1000000000000000,10000000,1000000,100000,100000000000000000000,1000,1010,100010000000,1000000,10000000100000000,100000,1000,1000000000000000000,10000000000000,1000000,10000000000000000000,100000000000,00100000000,010000001,1000001,1000000000000000000,10000000000000,10,????????????????????????,1010000000,1000000000000000,10000000000000000000,100000000,100000010001000,10,1000000,100000000,1000000000,0000001000000,100000,1,100000,1000,0100000,1000000000000000,010,1000000000000000000,0100000,01000000000,1000,1000000,1000,???????????????,1000,1000000000000000000,1000000,00011000000,00000000010000000,00000000000100000000000,00000000010000000,1000000000000,000000011000000,1,100000101000000,0000000001000000000100000,10000000,100000000000000,1000000000,100000000000000,100000000001000000000,1000000000000010000000000,10000000000000,10000000,10000000000,10000000000000,10000000,100000010000000000,1000000000000,100000,1000000000,11000000,????????,100000000100000000000,000010001000000,100000000000,1000000,1000,100000000000000000000,1000000000000000001000100000,10000000000000000,100000010000000,01000000,100000000000000000,1000,1000000000,10,100000,0000001000010000000,0000010000000000,10,1000000000000000000000000000000,1000000000000000,1,1000000,10000000000000,1010010000000,1000000,1000000000,1000000,1,1000000000000000,1100,01,0010000000,100000000000000,01000000010000000,1000000000000,1000000000000,1000,10000000000000,10000000,1000000000000,100,100000000000,10000000000000,1000000000000000,100000,100000000000000000,10000,100,0000010000000,1000000000000000,??????????????????,100000000001000000000,10000,1000000000000000,10000000,10000000,10000000000,000001000000,0000000100000,0000000000001000000,01000,0000000000010000000000,0000011000000,00000000001000000,000001010000000,??????????????,10000000000,00000001000000000000,????????????????,1000000000,10000000110000000,10000000,000000000010001000000,0000000010000000000000,??????????,??????,00000000000000100000000000,100000000000,?????????????,??????????????,1000010000000000,0000000000001000000,?????????????????????,1000000000000000000000,10000000000000000,10000000000000000000,0000010000000000,10000000000000000,1000000000000,000000110000000,10000000000000000,110010000000,1000000000000,1000000000000000000,00000000000001000000,1000000000000,1100000000000,100000000000000,10000000,001000010000,????????????,000000001000000,10000,10000000000,100001000000000,0000000000010000000000000,000000010000000,1000000000000,10000000,00000100000,00000000010000000,100000000000000,0100000000000,??????????????????,100000000,100000000000,1000000000000,10000,10010000000,1000000000000000000,0100000,1000,0000010100000,000000001000000,1000000000000010000000000,1000000,000000010000000,100000000,???????????????,????,10100000000,1000000,10000000,000000010000100,10000000,10000000,1000,???????,01000010,100000000000000000000,1000000000,??????????????????,100000000000,10000000,???????,100000000000000000,0000000000010000000010000,110000000000,000000000100000100000000,????,100000000000,10000,100000000000,100,1000010,11,10000000000100000000100000000,100000000,1000000000,10,100,100,1000000,100000,100000000,10000,100000,10000,1000000000,10000000,100000000,1000000,10000000,100,10000000000000000000,10000000,1000000000,10000,1000000,10000000000,10000000000,100,1000,100000,00000000001000000,10000,100000000000,10000000,0000001000000,10000000000,1000,000000000000001000000,10001010000000,1000,1000000,10000000000,100000,10000100000000,100000000,10000000000000000,10000,1000000000000,100000000000000,10000,1000000,10000,1000,00000001000000000,10000000000000000000000,1,010000000,1000000,100000000,10000000000000,100000000000,1000000,1000000000,01000000000000,10000000000,10000000000000000,10000,000010000000,10000000000000000,1000000000,01000000000,1000000
209,WesternVotic,100000,100,1000001000000000000,00000000000100000000000,10000000000000,0100001000000,1000000001000000,00000000000011001000000,00000000000000011000000000,100000000010000000,1000000001000000,10000000,1000000,100000,100000000000000000000,1000,1010,100100000000,1000000,10000000000000000,100000,1100,1000000000000000000,10000000000000,1000000,10000000000001000000,100000000000,10000000000,101000000,1000000,1000000000000000000,10000000000000,10,000000000000001000000000,0010000000,1000000000000000,10000000000000000000,100000000,000000000001000,10,1100000,100000000,1000000000,0100001000000,100000,1,100000,1000,1000100,1000000000000000,110,1000000000000000000,0001000,11000000000,1000,1000000,1000,000000001010000,1000,1000000000000000000,1000000,00011000000,00000000010000000,00000000000000000100000,00001100010000000,1000010000000,000000001001000,1,100000001000000,0000000000000110000000000,01000000,000110000000000,1000000000,100000000000000,000000000001000000000,0000000000000001000000000,10000010000000,10000000,10000000000,10001000000000,10000000,100000000000000000,1000000000000,100000,1000000000,01000000,????????,100000000010000000000,000000001000000,100000000000,1000000,1000,000000000001000000000,0100000000000000000000100000,10000000000001000,000000001000000,01000000,100000010001000000,1000,1010000000,10,??????,0000000110010000000,0000000010000000,10,1000000000000000110000000000000,????????????????,1,1000000,00000100000000,0001010000000,1000000,1000000000,1000000,1,1000000000000000,0100,01,0010000000,100001000000000,01000000000000000,1000000000000,1000000000000,1000,00000100000000,01000000,1000000000000,100,100000000000,10000000000000,1000000000000000,010000,000000000010000000,10000,100,0000010000000,1000000000000000,??????????????????,100000000000000100000,10000,1000000000000000,10000000,????????,10000000000,000001000000,0000001000000,0000000001001000000,01000,0000000001110000000000,?????????????,?????????????????,???????????????,??????????????,10000000000,00000001000100000000,????????????????,1000000000,10000000010000000,10000000,000000000010001000000,0000000001000000100000,??????????,010000,00000000000000010000000000,100000000000,0000010000000,10001100000000,1000000000000000,0000000000001000000,000000000000000100000,1000000000000001000000,10000000000000000,10000000000000000000,0000001000000000,10000000001100000,1000000000000,000000110000000,10000001000000000,100010000000,1000000000000,1000000000001000000,10000000000001000000,1000000000000,0100000000000,001000010000000,10000000,001000010000,????????????,100000000000000,10000,10000000000,100000000000000,0000000000010000001000000,000000010000000,1001000000000,10000000,00000100000,10000100010000000,000000010000000,0100000000000,??????????????????,100000000,100000000000,1000000000000,11000,00001000000,0000011001100000000,0100000,1000,0000010000000,000000001000000,0000000000010000000000000,1000000,000010010000000,100000000,000000001000000,????,10000000000,0000001,11000000,000000010000100,00100000,11000000,1100,???????,00000010,100000000000000000000,1000000010,??????????????????,000000000001,10000000,0100000,100000000000000000,0000000000000000100000000,100000000000,000000000010000000000000,????,100000000010,10000,100000000000,100,0100000,01,10000000000000000011000000000,100000000,1100000000,10,100,100,0010010,100000,100000000,10000,100000,10000,1000000000,11000000,100000000,1000000,10000000,100,10000000000000000000,10000000,1000000000,10000,1000000,11000000000,10010000000,100,1000,100000,00000000001000000,10000,100000000000,10000000,0000101000000,10100000000,1001,000000000110000000000,10000000000000,1000,1000000,10100000000,010000,10000010000000,100000000,10000000000000000,10000,1000001000010,100000000000000,10000,1000000,10000,1000,00000000001000000,10000000000100000000000,1,100000000,1000000,010000000,10000000000000,100000000000,1000000,1000000000,01000000000000,10000000000,10000000000000100,10000,100000000000,10000000000000000,0010000000,00010000000,1000000
210,StandardEstonian,100000,100,1000000000000000000,00000000000100000100000,10000000000000,0100000000000,0000000001000000,00000000000000001000000,00000000000000000001000000,000000000010000001,1000000000100000,10000000,1000000,100000,100000000000000000000,1000,1000,100000000000,0100000,10000000000000000,100000,0100,1000000000000000000,10000000000000,1000000,00000000000001000000,100000000000,10000000000,001000000,1000000,1000000000000000000,00000001000000,10,000000000000000000100000,1010000000,0000000001000000,00000000000001000000,100000000,000000010000000,10,1000000,100000000,1000000000,0000001000000,100000,1,100000,1000,0100000,0000000010000000,010,1000000000000000000,0001000,10000000000,1000,1000000,1000,000000001000000,1000,0000000000000110000,1000000,00010000000,00000000010000000,00000000000000001000000,10000000010000000,1000010000000,000000000001000,1,100000001000000,0000000000000000000100000,01000000,100000000000000,1000000000,100000000000000,000000000001000000000,1000000000000000000010000,10000000000000,10000000,10000000000,10000000000000,10000000,100000000000000000,1000000000000,100000,1000000000,01000000,10000000,100000000000000000000,000000000100000,100000000000,1000000,1000,000000000001000000000,0000000000000000000000100000,10000000000000000,000000001000000,01000000,100000000000000000,1000,1010000000,10,001000,1000000000000000000,0000000000100000,10,1000000000000000000000100000000,0000000010000000,1,1000000,10000000000000,0000010000000,1000000,1000000000,1000000,1,1000000000000000,1100,01,1000000000,100000000000000,00000000001000000,1000000000000,1000000000000,1000,00000001000000,01000000,1000000000000,100,100000000000,10000000000000,1000000000000000,010000,000000010000100000,10000,100,0000010000000,1000000000000000,000000000001100000,100000000000000000000,10000,0000000010000000,10000000,10000000,10000000000,000001100000,0000001000000,0000000000010000000,01000,1000000000000000000000,0000000100000,00000000011000000,100000000000000,00000001000000,10000000000,00000000000100000000,1000000000000000,1000000000,10000010000000000,10000000,000000000000001000000,0000000000000000100000,1000000000,100000,10000000000100000000100000,100000000000,1000000000000,10000000000000,1000000000000000,0000000000001000000,100000000000000100000,1000000000000001000000,10000000000000000,00000000001000000000,1000000000000000,10000000001000000,1000000000000,000000010000000,10000000000000000,000001000000,1000000000000,0000000000001000000,00000000000001000000,1000000000000,1000000000000,000000001000000,10000000,000100010000,000001000000,100000001000000,10000,10000000000,100000000000000,0000000000000000001000000,000000010000000,1000000000000,10000000,10000000000,10000000000000000,000000010000000,0100010000000,000000000001100000,001000010,100000000000,1000000000000,01000,00011000000,0000000001001000000,1000000,1000,0000011000000,000000001000000,0000000000010000000000000,1000000,000000010000000,010000000,100000000000000,????,10000000000,1000000,01000000,000000010000000,00100000,11000000,1000,0100000,10000000,100000000000000100000,1000000000,100000000001000000,000000000001,10000000,1100000,100000000000000000,0000000000000000000010000,110000000000,000000000000000100100000,1000,100010000000,10000,100000000000,100,0100000,01,10000000000000000000000000000,100000000,1000000000,10,100,100,0010000,100000,100000000,10000,100000,10000,1000000000,01000000,100000000,1000000,01000000,100,10000000000000000000,10000000,1000000000,10000,1000000,10000000000,10000000000,100,1000,100000,00000000001000000,10000,100000000000,10000000,1000000000000,10000000000,1000,000000000000001000000,00000001000000,1000,1000000,10000000000,010000,10000000000000,100000000,10000000000000000,10000,1000000000000,100000000000000,10000,1100000,10000,1000,00000000000010000,10000000000000000000000,1,100000000,1000000,010000000,00000010000000,100000000000,1000000,1000000000,01000000000000,10000000000,10000000000000000,10000,100000000000,00000000010000000,0010000000,01000000000,1000000
211,VoroSouthEstonian,100000,100,1000000000000000000,00000000000100000100000,10000000000000,0100000000000,1000000000000000,00000001000000000000000,00000000000000000001000000,000000000010000000,0000000000100000,10000000,1000000,100000,100000000000000000000,1000,1000,100000000000,0100000,10000000000000000,100000,1000,1000000000000000000,10000000000000,1000000,00000000000001000000,100000000000,10000000000,100000000,1000000,1000000000000000000,00000001000000,10,000000000001000000100000,0010000000,0000000010000000,00000000000001000000,100000000,000000010000000,10,1000001,100000000,1011000000,0000001000000,100000,1,100000,1000,0100000,0000000010000000,010,1000000100000000000,0001000,10000000000,1000,1000000,1000,000000001000000,1000,0000000000000010000,1000000,00010000000,00000000010000000,00000000000000001100000,10000000000000000,1000000000000,000000000001000,1,000000001000000,0000000001000000000000000,00100000,100000000000000,1000000000,100000000000000,000000000001000000000,1000000000100000000000000,10000000000000,10000000,10000000000,10000000000000,10000000,100000000000000000,1000000000000,100000,1000000000,01000000,01000000,100000000000000000000,001000100000000,100000000000,1000000,1000,000000000000001000000,0000000000000000000000100000,10000010000000000,000000011000000,01000000,100000000000000000,1000,1000000000,10,001000,1000000000000000000,0000000000100000,10,1000000000000000000000100000000,1000000010000000,1,1000000,00001000000000,1000000000000,1000000,1000000000,0010000,1,0000110000000000,0100,01,1000000000,100000000000000,00000000000100000,1000000000000,1000000000000,1000,00000011000000,01000000,1000000000000,100,100000000000,10000000000000,1000000000000000,010000,000000010000000000,10000,100,0000100000000,0000010000000000,000000000000100000,000000000000000100000,10000,0000000010000000,10000000,10000000,10000000000,010001000000,0000001000000,0000000000001000000,01000,1000000000000000000000,0000000100000,00000000001000000,100000000000000,??????????????,10000000000,00000000000100000000,0000000000010000,1000000000,10000000000000000,10000000,000000000000001000000,0000000000000000100000,1000000000,100000,10000000000000000000000000,100000000000,?????????????,10000000000000,1000000000000000,0000000000001000000,100000000000000000000,0000000000000001000000,10000000000000000,00000000010000000000,1000000000000000,10000000001000000,1000000000000,000001010000000,10000000000000000,000001000000,1000000000000,0000000000001000000,00000000000001000100,1000000000000,1000000000000,000000001000000,10000000,000100010000,000001000000,000000001000000,10000,10000000000,100000000000000,0000000000000000001000000,000000010000000,1000000000000,10000000,10000000001,10000000010000000,000000010000000,0100000000000,000000000000100000,000000010,100000000000,0000010000000,01000,10000000000,0000100001101000000,1000000,1000,0000010000000,000000001000000,0000000000010000000000000,1000000,000000010000000,010000000,000001000000000,????,10000000000,0000010,01000000,000000010100000,01100000,11000000,1000,0100000,10000000,000000000000000100000,1000000000,000000000001000000,000000000001,10000000,1100000,100000000000000000,0000000000000000000010000,110000000000,000000000000000100100000,1000,100000000000,10000,100000000000,100,0100000,01,10000000000000000000000000000,100000000,1000000000,10,100,100,0010000,100000,100000000,10000,100000,10000,1000000000,10000000,100000000,1000000,10000000,100,10000000000000000000,10000000,1000000000,10000,0000100,10000000000,10000000000,100,1000,100000,00000000001000000,10000,100000000000,10000000,0000001000000,00000000010,1000,000000001000000000000,10000001000000,1000,1000000,10000000000,011001,10001000000000,100000000,10000000000000000,10000,1000000000000,000000000000001,10000,1000000,10000,1000,00000000000010000,10000000000000000000000,1,100000000,0100000,100000000,10000000000000,001000000000,1000000,1000000000,01000000000000,01000000000,10000000000000000,10000,100000000000,00000000010000000,0010000000,01000000000,1000000
212,CourlandLivonian,100000,100,1000000000000000000,00000000000100000010000,00000010000000,0100000000000,0000000001000000,00000000000000001000000,00000000000000000000100100,100000000010000001,1000000001000000,10000000,1000000,100000,100000000000000000000,1000,1000,100000000000,0100000,00000000000100000,100000,1000,1000000000000000000,10000000000000,1100000,00000000000001100000,100000000000,10010000000,001000000,1000000,0000000000011000000,10000000000000,10,000000000000000000010000,1010000000,0000000010000000,00000001000000110000,100000000,000000010000000,10,0100000,100000000,1000000000,0000000110000,100000,1,100000,1000,1100000,1000000000000000,110,1000000000000000000,0100000,10000000000,1000,1000000,1000,100000000000000,1000,1000000000000000000,1000000,00010000000,00000000010000000,00000000000000000100000,10000000000000000,1000010000000,000000000001000,1,100000000000000,0000000000000000000100000,01100000,100000000000000,1000000000,000000010000000,000000000001000000000,1000000000000000000000000,00000001000000,10000000,10000000000,10000000000000,10000000,000000000010000000,1000010000000,100000,1000000000,01000000,00100000,000000000001000000000,000000000100000,000010000000,1000000,1000,000000000001000000000,0000000000000000000000100000,00000000001000000,000000000100000,01000000,100000000000000000,1000,0010000000,10,001000,0000000000010000000,0000000000100000,10,1000000000000000000000100000000,0000000001000000,1,1000000,10000000000000,1000000000000,1000000,1000000000,1000000,1,0000000010000000,0100,01,1000000000,000000010000000,00000000000100000,1000000000000,1000000000000,1000,00000000100000,01000000,0000001000000,100,100000000000,10000000000000,????????????????,010000,??????????????????,10000,100,0000000100000,1000000000000000,000000000000010000,000000000000001000000,10000,0000000001000000,10000000,10000000,10000000000,000001000000,0000001000000,0000000000001000000,01000,0000000000010000000000,0000000010000,?????????????????,100000000000000,00000001000000,10000000000,00000000000100000000,0000000000010000,1000000000,00000000011000000,10000000,000000000000000011000,0000000000000000010000,1001000000,??????,10000000000000000000010000,100000000000,0000010000000,00000001100000,1000000000000000,0000000000001000000,000000000000000010000,1000000000010000000000,10000000000000000,00000000000001000000,0000000000100000,00000000000100000,0000010000000,000000010000000,00000000010000000,000010000000,1000000000000,0000000000001000000,00000000000000100000,1000000100000,1000000000000,000000000100000,01000000,000000001000,000000100000,000000001100000,10000,???????????,100000000000000,0000000000000000000110000,000000010000000,1000000000000,01100000,10000000000,10000000000000000,000000010000000,0100000000000,000000000001010000,000100000,000010000000,1000000010000,01000,00001000000,0000000000000100000,1000000,1000,0000010000000,010000001100000,0000000000000000001100000,0100000,100000000000000,010000000,000000001000000,????,10000000000,1000000,01000000,000000000010000,01000000,01000000,1000,???????,10000000,100000000000000000000,1000000000,100000000000000000,000010000000,10000000,0100000,000000000001000000,0000000000000000000011000,100000000000,000000000000000100010000,????,100000000000,10000,100000000000,100,0100000,01,00000000000000000000001000000,100000000,1000000000,10,100,100,1010000,100000,100000000,10000,100000,01000,1000000000,01000000,100000000,1000000,10000000,100,10000000000000000000,10000000,1000000000,10000,1000000,10000000000,10000000000,100,1000,100000,00000000000100000,10000,100000000000,10000000,0000001000000,10000000000,1000,000000000000000100000,00000001000000,1000,1000000,10000000000,010000,00000000100000,100000000,10000000000000000,10000,0000001000000,000000000000001,10000,1000000,10000,1000,10000000001001000,10000000001000000000000,1,100000000,0100000,010000000,10000000000000,100000000000,1000000,1000000000,01000000000000,10000000000,10000000000100000,10000,100000000000,00000000010001000,0010000000,01000000000,1000000
301,Erzya,100000,100,0000000000001001000,00000000000100000000000,00000000010000,0000001100000,0000000000010100,00000000000000000010010,00000000110000000010000000,000000000010000100,0000000000001000,10000000,0010000,001000,000000000000000011010,1000,1100,100000000000,0100000,00000000000000110,010000,1000,0000000000000101000,00010000100000,0010000,00000000000000001001,010001000100,00001000000,100000000,1000000,0000000000000000100,00000010000000,10,000010000000000000000000,0000010000,0000000000010000,01000000000000000001,001000000,100000000001000,10,1100010,010000000,0000100000,0000000000100,100000,1,001000,1000,1000000,0000000000010000,010,0000000000000001000,0000100,00000011000,1000,0100000,0100,000000000000100,0001,0000000000000000001,1000000,00000001000,00000000000100000,00000000000000000000001,00000000000010000,0001000010000,000000000000100,1,000000000010000,0000000000000000000000010,10000000,100000000000000,0000100000,000000000001000,000001000000001000000,0000000000000000000000110,00010000001000,00100000,00000100000,00000010000000,00100000,000000001000010000,0000001000000,100000,0000100000,00010000,00001000,000000000000000010000,000000010000100,000000100000,1000000,1000,000000000000000010000,0010000000000000000000000011,00000000000001100,000000010000000,00100000,000000000000001000,1000,1010000000,10,101000,0000000000000000100,0000000010000010,10,0011000000000000000000000000000,0100000000001000,1,1000000,00000001000000,1000000000000,0100000,1000000000,0100000,1,0000000001000000,0001,01,0010000000,000000000100000,00000000000000001,0000000100000,0000001000000,1000,00000000010000,00100000,0000000010000,100,000000000010,00000000011000,0000000000010000,100000,000000000000000110,10000,010,0000010000000,0000000000100000,000000000000001000,000000000001000001000,10000,0000000000001100,10000000,00100000,00000100000,000000001100,0000000010000,0000000000000001100,01000,0000000000000000000110,0000000000010,00000000000000010,000000000001000,00000000011000,00001000000,00000000000000100000,0000000000000100,0001000000,00000000000001000,10100000,000000000000000000010,0000000000001000000110,0000010000,001000,01000000000000000000000001,000001000000,0000000010000,00000000000100,1000000000000000,0101000000000000010,010000000000000000001,1000000000000000000110,00000000000010100,00100000000000000000,????????????????,10000000000000100,0000000010000,000000000000100,00000000000111000,000010000000,0000000010000,0000000000000110000,01000000000000000001,0000000001000,0000000100000,000000000000010,00010000,000000000010,000000001000,000000010000100,10000,00000001000,000000000000110,0100000000000000000000011,000000000001000,0000001000000,00001000,00011100000,00000000000001100,000000000000100,0100000010000,001000100000000001,100000000,000000100000,0000000000110,10000,00000010000,0000000000000001000,0011000,1000,1000010000100,100000000000000,0010000000010000000000000,1000000,000000010000000,000010000,000000000000100,????,00001000000,1000000,01000000,000000000100100,01001000,00010000,0100,???????,00100000,000000000000000000110,1001000000,000000000000001000,010000000000,10100000,0001000,000000000000000100,0110000000000000000000000,000001000100,011000000000000000000000,0010,100000000000,00010,000000000010,100,1000000,01,00000000000000000000000000011,010000000,0010000000,10,100,100,1000000,001000,001000000,01000,010000,10000,0001000001,00001100,000010000,0010000,00100000,100,00000000000000011010,01000000,1000000000,01000,1000000,00010000000,00000100000,100,1000,100000,00000000000000100,10010,001000100000,00100000,0000000010000,00000010000,1000,000000000001000000000,01000000010000,1000,0100000,10000000000,001000,00000000001000,001000000,00000000000011000,10100,0000000000100,000000000100000,01000,1001000,01000,0010,00000000000000010,00000000000000000010000,1,000000001,0101000,000100000,00000000001000,100000000000,1010001,1000000000,00000000100000,00010000000,00000000000000010,10000,000000001000,00000000010000000,0000100000,00001000010,1000000
401,MeadowMari,100000,100,0001000000000100001,00000000000100000000011,00000000100000,0000000011000,0000000000001000,00001000000000000001010,00000000001010000000000000,000000000010000010,0000000000000100,00101000,1000000,000100,000000010000000000100,1000,1000,000000001000,0100010,00000000000000011,010000,1000,0000000000000010001,00001000010000,0001000,00000000000000000100,000001000000,00000100000,000100000,0011000,0100000000000000010,00000000100000,10,100000000000000000000000,0000001000,0000000000001000,00000010000000000000,000100000,000000000000100,10,1100000,101000000,0000010000,0100000000000,100000,1,010000,1000,1000000,0000000000001000,111,0000000000000000100,0001000,00000000100,1000,1000000,1000,000000000000010,1000,0101000000000000000,0010000,00000001000,00000000000010000,01000000000000000000000,10000000000000000,0000010001000,010000000000000,1,000000000001000,0000001000000000000000001,01000000,000000000100000,0000010000,000000000000100,000000110000000000100,0000000110000000000000000,00000000000100,00010000,00000010000,00100001000000,00010000,000000000000001000,0000001000000,001000,0000010000,00001000,00010000,000000100000000001100,000000010000000,000000110000,1000000,1000,000000000000000001000,0100000000100000000000000000,00000000000000010,000000010000001,00100000,000000000000000100,1000,1000000010,10,100000,0000000000000000010,0000000000000001,10,0000100000000100000000000000000,0000000000000100,1,1000010,00000000100000,1100000000000,0010000,1000000100,0010000,1,0000000001000000,0100,01,0010000000,000000000010000,00000000000000010,0000000011000,0000000100000,0100,00000000010000,00100000,0001000001000,100,010000000000,00000000000001,0000000000000010,001000,010000000000000000,01000,010,0000000000100,0000000000000100,011000000000000000,001100000000000000000,10000,0000000000100000,10000000,00010000,00000000100,000000001010,0000000001100,0100000000000000000,01000,0000110000000000000000,0110000000000,00110000000000000,000000000001000,00000001000000,00000001000,00000000000000100000,0100000000000000,0010000000,00000000000000110,00000100,000010000000100000000,0010000000000000000001,0000000010,010010,00000100000000000000000000,000000001000,0000000000001,01000000000000,0000000001000000,0000000000000000001,000001100000000000000,0001110000000000000000,00001000000000001,00001000000000000000,0100000000000000,10100000000000000,0000000000110,000000000000001,01000000000000000,000000100000,0000000010000,0000000000000000001,00100100000000000000,0000000000001,0000000100000,000000000000001,00001000,000001000000,000000000100,000000001100000,10000,00000000100,000000000000101,0011100000000000000000000,000000000000100,0000000110000,10000000,00000011000,00000000000000010,000000000000011,0100000001000,010000000000000000,100000000,000000010000,0000000000101,00100,00000001000,0000000000000000100,0100000,1000,0100010000001,000000000000010,0001000000001000000000000,0010000,001000010000000,000001000,010000000000011,????,00000100000,0010000,01000000,100000000000001,00000100,10001000,0100,???????,00010000,010000000000001000001,0000110000,000000000000000100,000000100000,00010000,1000000,000000000000000011,0001000000000000000000000,000010000100,000100000000000000000000,0010,000001000000,10000,000000001000,100,0010000,11,01000000000000100000000000000,100000000,1000000000,10,100,101,1000000,000100,000100000,10000,001000,00100,0000100000,10000000,000001000,0001000,00010000,100,00000001000000000100,10000000,0010000000,00100,1000000,00010100000,00100010000,100,0010,100000,00000000000000010,10000,000000010000,10000000,0000000001000,00000010000,1000,000100000000000001000,00000000001000,1000,0010000,10000000001,001000,00000000100000,000100000,00100000000000100,00010,0000000010000,000000000010000,00100,1000000,01000,1000,00000000000000001,00000000000000000001000,1,000010000,0100000,000010000,00000000000100,000001000000,0001000,0000100000,00000000010000,00001000000,00000000000000001,10001,000000000100,00000000000000110,0001000000,00000100000,0100000
501,KomiZyrian,001000,100,0000000000000010000,01100000000000000000000,00100000000100,0000001100000,0010000000010000,00000000000000000001100,00000000000000000000000001,010000000000100000,0000000000000010,00010000,0001100,000010,000000001000000000000,1000,0100,000000000100,0100000,01100000000000000,001000,1000,0000000000000000100,00000000001000,0001000,00000000000000000010,000000001000,00000011000,100000000,0000100,0000000100000000001,00000000011000,10,000000000000000000000100,0000000100,0000000000000100,00000000100000000000,000010000,000000000000010,10,0100000,000100000,0000001000,0100000000000,100000,1,000100,1000,1010000,0000010000000100,010,0000000000000000010,0001000,00000000011,0100,1010000,1000,000000000000010,1000,0010000000000000000,0010000,00001000000,00000000000001000,00110000000000000000000,00000000000001000,0000010000000,001000000000000,1,000000000000100,1000000000000000000000000,00001000,000000000010000,1000000000,100000000000000,000000000000000000010,0100000000000000000000001,00000010000010,10001000,00000001000,00000000110000,00010000,000000000000000110,0000000100000,000100,0010000000,00000100,00010000,000000000000000010010,000000010000000,000000001000,1000000,1000,000001000000000000100,0001100000000000000000000000,00000000000000001,000000000000100,00010000,000000000000000011,1100,1010000000,10,001100,0000000000000000001,0000000011000000,10,0001010000000000000000000000000,0000000000000011,1,1100000,00000000010000,0000000001000,0010000,0001000000,0010000,1,0000000000010000,0100,01,0001000000,000000000001000,10000000000000000,0110000000000,0000000010000,1000,00000000000100,10000000,0000001000000,100,000100000000,00000000000110,0000000000001000,010000,??????????????????,00100,010,0000000010000,0000000000010000,000000000000000010,000000000000000000111,10000,0000000000000010,01000000,00100000,00000010000,000001000000,0000000000010,0000000000000000010,01000,0100000000000000000001,0000000001000,00000000000000001,000000000000100,00000000000100,00000100000,00000000000000010000,0000000000000010,0010001000,00000000000000001,00010000,010100000000000000001,0100000000000000000000,0000001000,010000,00100000000000000000000000,000000100000,0000000001100,00000000000010,0000000000110000,0010000000000000000,001000000000000000000,0100000000000000000001,00000000010000010,00000000000000000001,0000000000000010,00000000000000011,?????????????,000010000000000,00000000000000110,000000001000,0000000001000,0000000000000001100,00011000000000000000,0000000000100,0000000010000,000000001000000,00000110,000001000000,????????????,000000000100000,00100,00000000100,010000000000000,0000011000000000000000000,000000000000010,0000000001000,????????,00010000000,00000000000000001,010000000000000,0000000000100,000000000000010000,100000000,000000001000,0100000000000,00010,00000001000,0000000000000000010,???????,1000,1000000000000,000000000000001,0000110000000000000000000,0100000,000000010000000,010000000,???????????????,????,00000010000,0001000,00001000,100000000000000,01000000,10000000,0100,???????,00100000,001000000000000000000,1000000000,000000000000000100,000000010000,10000000,0100000,010000000000000000,0000110000000000000000000,000000110000,000010000000000000000000,????,100000000000,10000,000000000100,100,1000000,11,00110000000000000000000000000,001000000,0001000000,01,100,100,1100000,000100,000010000,10000,000100,00100,0000010000,00000010,100000000,0000100,00001000,100,00000000100000000000,00100000,0001100000,00010,1000000,00010010000,00010001000,100,1000,001000,00000000100000000,10000,000000001000,10000000,0000000000100,00000001000,1000,000000000000000000110,00000000000100,1000,0001000,01010000000,001100,00000000000100,000010000,10000000010000000,10000,0000000010000,011000000000000,00100,1000000,00100,1000,01000000000000000,00000100000000000000000,1,000001000,0100000,000010000,00000000000010,000000100000,0001000,0000010000,00000000001000,00000110000,01000000000000000,10000,000000000010,00000000000000011,0000011000,00000010000,0010000
503,KomiPermyak,001000,100,0000000000000010000,01000000000010000000000,00000000000100,0000001100000,0000100000000000,00000000001000100000000,00000000000000000000000001,000000101000000000,0000000010000000,00000001,0000100,000010,000000000000100000000,1000,0100,000000000100,0100000,01100000000000000,001000,1000,0000000100000000000,00000000001000,0001000,00000000000000000010,000000001000,00000001000,100000000,1000100,0000000100100000000,00000000010000,10,000000000000010000000000,0000000100,0000000000000100,00000000100000000000,000010000,000000000001000,10,0100000,000100000,0000001000,0000010000000,110000,1,000100,1000,1010000,0000000000000100,010,0001000010010000000,0001000,00000000001,0100,0010000,1000,000000000000010,1000,0010000000000000000,0010000,00001000000,00000000000000100,00000000000001000000000,00000000000001000,0000010000000,001000000000000,1,000000000000100,1000000000000000000000000,00001000,000001000000000,1000000000,100000000000000,000000000000000000010,0100000000000100000000001,00000010000000,00001000,00000001000,00000000110000,00010000,000000000000000100,0000000100000,000100,0010000000,00000100,00000100,000000000000000010000,000001000000000,000000001000,1000000,1000,000000001000000000000,0000000000000000010000000000,00000001000000001,000000000000100,00010000,000000001000000000,1000,0010000000,10,001000,0000000000000000001,0000000010000000,10,0000000000000000001100000000000,0000000000000010,1,1000000,00000000010000,0000000001000,0010000,0001000000,0010000,1,0000001000010000,0100,01,0100000000,000000000001000,10000000000000000,0000100000000,0000000010000,1000,00001000000000,10000001,0000001000000,100,000100000000,00000000000110,0000000100000000,010000,000000000000000010,00100,010,0000000010000,0000001000000000,000000001000000010,000000000000100000000,10000,0000100000000010,01000000,00100000,00000010000,010000000000,0000000000010,0000000000000000010,01000,0000100000001000000000,0000000001000,00000010000000000,000000000000100,00000000000110,00000100000,00000000100000000000,0000000000000010,0000001000,00000000000000001,00010000,010100000000000000000,0000000000100000000000,0000001000,010000,00000000000001001000000000,000000100000,0000000000100,10000000000000,0000000000010000,0000000010000000000,000000000000100000000,0100000000000000000000,00000000010000000,00000000000100000000,0000000000000010,00000000100000000,0000100000000,000010000000000,00000000100000000,000000001000,0000000001000,0000000000000001000,00000010000100000000,0000000000100,0000000010000,000000010000000,00000010,000001000000,100000000000,000000000100000,00100,00000000001,000000100000000,0000000000000011000000000,000000000000010,0000000000100,00010000,01010000000,00000000000000001,010000000000000,0000000000100,000000000000010000,100000000,001000001000,0000001000001,00010,10000000000,0000000010000000000,???????,1000,0000001000000,000000000000001,0000110000000000000000000,0100000,000000010000000,010000000,000000100000000,0001,00000010000,0001000,00001000,000000000000100,00000001,10000000,0100,0000001,00100000,001000000000000000000,0000001000,000000100000000000,001000000000,00000110,0100000,010000000000000000,0000010000000000000000000,000000110000,000000000000100000000000,0010,000000000001,10000,000000000100,100,1000000,01,00100000000000000000000000000,001000000,0001000000,01,100,100,0100000,000100,000010000,10000,000100,00100,0000010000,00000010,100000000,0000100,00001000,100,00000000101000000000,00100000,0000100000,00010,1000000,00010000000,00010000000,101,1000,001000,00000000000000100,10000,000000001000,10000000,0000000000100,00000001000,1000,000000000000000000010,00000000000100,1000,1000000,00010000000,000100,00000000000100,000010000,10000000010000000,10000,0000000010000,001000000000000,00100,1000010,00100,1000,01000000000000000,00000100000000000000000,1,000001000,0100000,000010000,00000100000010,000000100000,0001000,0000010001,00000000000100,00001000000,01000000000000000,10000,000000000010,00000000000000010,0000010000,00000010000,0010000
504,Udmurt,100000,100,0000000000000010000,00010000000000000000000,00001000000000,0000001100000,0001000000000000,00000000000000000001100,01000000000000000000000000,001000000000000000,0000000000100000,00000100,0001100,000011,000000000100000000001,1000,1000,000000000100,0100000,01100000000000000,001000,1000,0000000000000000110,00000000000100,0001000,00000010000000000000,000001000000,00000001001,000011000,1000000,0000000010000000000,00000000000100,10,000001000000000000000000,0000000100,0000000000000011,00000000000000000001,000010000,000000000000001,10,0100000,000100000,0000001000,0100000000000,100000,1,000100,1000,1000000,0000000000000100,010,0000000000000000001,0001000,00000000001,0100,0010000,1000,000000000000010,1000,0000010000000000000,0010000,00001000100,00000000000000100,00000000000010000000000,00000000000001000,0000010000000,000100000000000,1,000000000000100,0100000000000000000000000,01000000,000000000001000,0000001000,000000000000010,000000001000000000001,0010000000000000000000001,00000000000001,00001000,00000001000,00000000110000,00010000,000000000000000100,0000000010000,000100,0010000000,00000100,00000100,000000000000000010000,000000010000000,000000100000,1000000,1000,000000000000000000010,0000010000001000000000000000,00000000000000001,000000000000010,00010000,010000000000000010,1000,0010000000,10,000010,0100000000000000000,0000000001000000,10,0001000000000010000000000000000,0000000000000010,1,1000000,00000000011000,0000000001000,0010000,0001000000,0010000,1,0000000000001000,0100,01,0000100000,000000000000100,00100000000000000,0000000000100,0000000001100,1000,00000000000100,00001000,0000000000100,100,001000000000,01000000000000,0000000000000001,100000,001000000000000000,00100,010,0000000000010,0000000000000010,000000000000000010,000011000000000000000,01000,0000000000000010,01000000,00001000,00000010000,000000001100,0000000000001,0010000000000000010,01000,0000100000000000000000,0000000001000,?????????????????,000000000000100,01000000000000,00000000100,00000000000000000011,0010000000000000,0000100000,00000000000000101,00001000,000100000000000000001,0001000000000000000000,??????????,000010,00000010000000000000000000,000000100000,0000000000100,00100000000000,0000000000011000,0000001000000000000,000000010000000000000,0000001000000000000000,00000100000000010,00000000000000000001,????????????????,00000000000000010,0000000000001,010000000000000,00000000000000100,000000001000,0000000000001,0100000000000000000,00001000000000000000,0100000000000,0000000010100,000000000000100,00000010,000000000001,000000000001,000000000100010,00100,00000000001,000100000000000,0000000010000000000000000,???????????????,0000000000011,00000001,00010000000,00000000000000001,000100000000000,0101000001000,000000000000010000,100000000,000000001000,0100000000000,00010,00000000010,0100000000000000000,???????,1000,1000001000000,001000000001000,0000011000000000000000000,0100000,000000010000000,010000000,???????????????,????,00000001000,0001000,00000100,001000000000000,01000000,10000000,0100,???????,00100000,001000000000000000000,0000001000,000000000000000001,000000010000,????????,0100000,000010000000000000,0000100000000000000100000,000000110000,000000100000000000000000,????,100000000000,10000,000100000000,100,1000000,01,00001100000000000000000000000,001100000,0001000001,01,100,100,1000000,000100,000010000,10000,000100,00100,0000100000,00000010,100000000,0000100,00001000,100,00000000010000000001,00010000,0000010000,00010,1000000,00000001100,00010000000,100,1000,001000,00000000100000000,10000,000000001000,10000000,0000000000010,00000001000,1000,000000000000000000001,00000000000100,1000,0001000,00010000000,000100,00000000000100,000010000,10000000010000000,10000,0001000000000,000100000000000,00100,1000000,00110,1000,01000000000000000,00000000000000000000100,1,000001000,0100000,000010000,00000000000010,000000110000,0001000,0000010000,00000000000100,00000000001,01000000000000000,10000,000000000010,00000000000000001,0000010000,00000010000,0010000
601,Hungarian,000100,100,0000000000000001000,00001100001000000000000,00000000010010,0000000000100,0000000000000010,01000000000000000000001,00100000000000000000000000,000000000000010000,0100000000000001,01000000,0000010,000010,010000000000000000000,0100,1000,000000000010,0001000,01001000000000000,000100,1000,0100010000000000000,00000000000010,0000100,01000000000000000000,000001000100,00000000100,100000000,1000000,0010000000000000000,00000000000010,10,000000100000000000000010,0000000010,0100000000000000,00100000000000000000,000001000,010000000000000,10,0010000,100000000,0000000100,0000000000010,001000,1,100000,1000,0010000,0000000000000011,010,0100000000000000000,0001000,00000000001,0100,0001000,1000,000000000000001,1000,0000100000000000000,1000000,00000000010,00000000000000010,00001100000000000000000,00000000000000100,0000010000100,000010000000000,1,000000000000011,0010000000000000000100000,00000100,000000000000110,0000000100,000000000000001,010000000100000000000,0001000000000000000000000,01100000000000,00010000,00000000100,00000000001000,00010000,000001000000000001,0000000001100,000010,0000000100,00010000,00000010,010000010000000000000,000000010000000,000000000100,0010000,0100,000000000000000000001,0000001100000000000000000000,01000000000001000,010000000000000,00001000,000000000100000000,1000,0000100000,10,000010,0100000000000000000,0100000000000000,10,0001001000000000000000000000000,0000000000001000,1,0010000,00000000000110,0000000000100,0001000,0000100000,0010000,1,0000000000000100,1000,11,0000010000,000000000000010,00010000000000000,0001000000010,0000000000010,1000,00000000000010,00100000,0000000001000,100,000000000001,00000010000000,0000000000000100,100000,000000000000000001,00100,010,0000000001000,0000000000001000,000000000000000001,010000000000000000000,00001,0000001000000001,00100000,00100000,00000001000,000000001000,0110000000000,0000000000000000001,01000,0011000000000000000000,0000000000001,01000000000000000,000000000000010,00000000000011,00000010000,00000000000000001100,0000000000000001,0000010000,01000000000010000,00001000,001000000000000000000,0000000000000000000010,0000000100,000100,00011000000000000000000000,000000010000,0000000000010,10000000000000,1000000000000000,0000100000000000000,000110000000000000000,0010000000000000000000,01000010000000000,00010000000000000000,0000000000000001,01000000000000000,0000000001000,000000000000010,00000000000000001,000010000000,0000000000110,0000000000000000010,00000100000000000000,0000000000010,0000000101000,010000000000000,00000001,010000000000,000000000010,000001000100000,10000,00000000010,001000000000000,0000000000000000100000000,000000000000001,0010000000000,10000000,00000000100,01000000000000000,001000000000000,0010000000000,000100000000000000,000000001,000000000010,0010000000000,00001,00000000100,0000000000000000001,0100000,1000,0000010000000,000100000000000,0001000000000000000000000,0001000,000000000000100,000000010,000010000000000,0001,00000000100,0010000,00100000,010000000000000,01000000,10000000,0100,0001000,00001000,000110000000000000000,0000010000,000000000000000010,000000001000,00001000,0001000,001100000000000000,0000001110000000000000000,000000001001,000001000000000000000000,0001,000001100000,10000,000000000001,010,1000000,01,00000011000000000000000000000,000010000,0000100000,10,100,100,0100000,000100,000001000,10000,000010,00100,0000001000,00000010,000000100,1000000,00000100,100,01000000000000000000,00001000,0000001000,10000,1000000,00000000010,00010000000,010,0010,000100,00000000000000001,00001,000000000100,00010000,0000000000001,00000000110,1000,010000100000000000000,00000000000010,1000,0000110,00001000100,000100,00000000000011,000001001,00001000000000010,10000,0100000000000,000000000001000,00100,0000100,01000,1000,01000000000000000,00000000000000000000011,1,000100000,0000100,000001000,00000000000001,000000001000,0000100,0000001000,00000000000010,00000001000,00100000000000000,01000,000000000001,01000000000000000,0000000100,00000001000,0001000
701,SosvaMansi,000011,010,0000000000000000100,00000010000000000000000,00000000000001,0000001000010,0000000000000001,00100000000000000000000,00010000000000000000000000,??????????????????,0011000000000000,01000000,0000010,000010,001100000000000000000,1000,0010,000000000001,0100000,00010000000000000,000010,1000,0010000000000000000,00000000000010,0000010,00100000000000000000,000000010000,10000000010,100001000,1010000,0001000000000000000,00000000000001,10,000000000000000000000001,0000000001,0010000001000000,00010000000000000000,000000100,001000000000000,10,0010000,100000000,0000000100,0000000000001,000100,1,100000,1000,1000000,0100000000000000,010,0011000000000000000,0000010,00000000001,0010,0001000,1000,000000000000010,0010,0000100000000000000,0001000,01000000001,01000000000000001,00000010000000000000000,00000000000000011,0000010000000,000001000000000,1,010000000000000,0001100000000000000000000,00000100,000000000000001,1000000000,010000000000000,001000000000000000000,0000100000000000000000000,00000010000000,00001000,00010000010,00000000000100,00001000,010000000000000000,0000000000010,000001,0000000011,00000010,00010000,001000000000000000000,000000000000010,000000000010,0001000,1000,010000000000000000000,0000000010000000000000000000,00100000000000000,001000000000000,00000100,001000000000000000,1000,0000010000,10,100000,0010000000000000000,0010000000000000,10,0000000100000000000000000000000,0010000000000000,1,0001000,01000000000001,0000000000110,0000100,0000010000,0001000,1,0000000000000010,0100,01,0000001100,000000000000001,00001000000000000,0000000000010,0000000010000,0100,00000000000010,00000100,0000000000010,010,000000000001,00100000000000,0010000000000000,100000,000100000000000000,01000,010,0000000000001,0000000000000001,000100000000000000,000000110000000000000,?????,0100000000000000,00010000,00100000,00000000011,000000001100,0001000000000,0001000000000000000,00100,0000010000000000000000,0100000000000,?????????????????,000000000000101,00000000000010,00000000010,01110000000000000000,0001100000000000,0010000000,00110000000000000,00010000,000011100000000000000,0000100000000000000000,??????????,??????,00000001000000000000000000,000000000100,0100000000000,00010000000000,0000000000000100,0000010000000000000,000000001100000000000,0000000111000000000000,00100000000000000,00001110000000000000,0011000000000000,00010000000000000,0100000000000,000000010000000,00110000000000000,000000000100,0100000000000,0010100000000000000,00000001010000000000,?????????????,0000000000010,000000010000000,00000010,????????????,????????????,010000000000001,00010,???????????,???????????????,0000000000100000000010000,010000000000000,0000000000100,00000100,???????????,00100000000000000,000010000000000,0000100000000,000010000000000000,000010000,000000000001,0100000000000,01000,01000000000,0010000000000000000,0000100,1000,0000000000010,000010000000000,0000000010000000000000000,0000010,000000000000010,000000100,001000000000000,????,00000000010,0010000,00010000,100100000001000,00010000,10000100,0100,0000100,00000001,000000001100000000000,0000000001,000000010000000000,000100000000,00000001,0000001,000000001000000000,0000000001000000000000000,000010000100,000000000000110000000000,????,000100000100,10001,000000010000,100,1000000,10,00000000110000000000000000000,000001000,0000010000,10,100,010,1000000,000010,000100000,10000,000001,00010,0000000100,10000000,000000010,1000010,00000100,100,00110000000000000000,10000000,0000000100,00001,0100000,00000000010,00000001100,100,0010,000010,01100000000000000,10000,000000000100,10000000,0100000000000,00000000011,1000,001000000000000000000,00000000000001,1100,0000001,00000110000,000010,01000000000000,000001000,01000000000000001,10000,0010000000000,???????????????,00100,1000000,01000,0001,00100000000000000,01000000000000000000000,1,000100000,0000010,000000100,01000000000000,000000000100,0000010,0000000100,00000000000001,00000000100,10000000000000000,10000,010000000000,00110000000000000,0000000010,00000100000,0000100
807,VakhVasyuganKhanty,000100,010,0000000000000000010,00000001000000000000000,01000000000000,0001000000001,0000000000000001,00010000000000000000000,00001000000000000000000000,000100000000000000,0000110100000000,00000100,0000011,000010,000010000010000000000,1000,1000,010000001000,0100000,00010010000000000,000010,1100,0001000000000000000,00000000000010,0000110,00010000000000000000,000000010000,01000000010,100000000,1010000,0000100000000000000,01001000000000,10,000000011000000000000000,0100000000,0000001001000000,00000000010000000000,000000100,001000000000000,10,0001000,100000000,0000000100,0010000000000,100000,1,000010,1000,1000000,0010000000000000,010,0010000000000000000,1000000,00000000001,0001,0001000,1000,010000000000000,0010,0000001000000000000,0000100,01100000000,00100100000000000,00000001000000000000000,01000000000000000,0000100000010,000001000000000,1,001000000000000,0000010000000000000000000,00000100,???????????????,1000000000,010000000000000,110000000000000000000,0100000001000000000000000,00000010000000,00001000,00000000001,00010000000010,00001010,001000000000000000,0000000000011,000001,0000000010,00010000,00010000,001100000000000000000,000000000000001,000000000001,0000100,1000,001000100000000000000,0000000001000110000000000000,00010000000000000,000100000000000,00000010,000100000000000000,1010,1000000000,10,100000,0001000000000001000,0010000000000000,10,0000000011000000000000000000000,0000000001000000,1,0001000,00000000000001,0000000000100,0000100,0000010000,0001010,1,0001000000000001,1100,01,0000000010,010000000000000,00000100000000000,0000000000010,0000010000000,1000,00000000000001,10000000,0000000000001,010,000000000001,00010001000000,0000010000000000,100000,000000011000000000,00010,010,0011000000000,0000100000000000,000000010000000000,000000000010000000000,?????,0010000000000000,00000010,00000100,00000010000,000000001000,?????????????,0000000010000000000,00100,0000000010000000000000,?????????????,?????????????????,000100000000000,00100000000000,01000000000,????????????????????,0100000000000000,0010000001,00001000000000000,00010000,000000000100000000000,0000000100000000000000,??????????,??????,00000000000010000000000000,000100000000,0100000000000,??????????????,0000000000000100,0000000000000000010,000000001000000000000,0000000000000100000000,00100001000000000,00000000100000000000,????????????????,00000100000000000,0001000000000,100000000000000,00000000001000000,000010000000,0100000000000,0010000000000000000,00000001010000000000,?????????????,0010000000000,???????????????,00000010,????????????,000010000000,000010000000000,10000,01000000000,???????????????,0000000000000100000000000,000001000000000,?????????????,10000000,???????????,00001000000000000,???????????????,0000000000001,000001000000000000,000010000,000000000100,0100000000000,01000,???????????,0001000000000000000,???????,1000,0000000000010,000010000000000,0100000001000000000000000,0000010,000000000000001,010000000,000100000000000,????,00010000001,0010000,01000000,000000000000010,00000010,10100000,0100,0000010,00000100,000000001010000000000,??????????,000001000000000000,????????????,????????,0000001,000000010000000000,0000000000100010000000000,000010000100,000000010000010000000000,????,000000000100,10001,010000010000,100,1000000,10,00000000001010000000000000000,000000100,0000001000,10,001,010,1000000,000011,000001000,10001,000001,00010,0000000100,10000000,000000010,0000001,00000010,100,00001000000000000000,00000100,0000000010,00001,0010000,00000000010,01000000010,100,0010,000010,00010000000000000,10000,000000000010,10000000,0010000000000,00000000010,1000,000000010000000000000,00000000000001,1000,1000000,00000101000,000010,01000000000000,000001000,00000100010000000,10000,0000000010001,000000000000100,01000,1000000,01000,0001,00010000000000000,00100011000000000000000,1,000100100,0000010,000000100,00100000000000,010000000010,0000010,0000000100,00100000000000,00000000100,00010100000000000,10000,001000000000,00010100000000000,0001000000,10000000000,0010000
901,Nganasan,100000,100,0000000011100000000,00000000000000110000000,00000000010000,?????????????,0000000100000000,???????????????????????,00000100000000000000000000,000010000100000000,0000000000010000,00000100,1000000,010000,000000000000010000000,1000,0001,001000000000,0000100,00000100000000000,000001,1001,0000000000100000000,00001000000000,0010000,00000000001010000000,000100000010,10000000000,100000000,1000000,0000011000000000000,00000110000000,01,000000000000000110000000,1000000000,0000000100000000,00000000000010000000,000000010,000000100000000,01,0000100,000000011,0000000001,0001100000000,??????,1,010000,1000,0000011,0000000100000000,010,0010000000100000000,???????,00000000010,0100,0000001,????,000000100000000,1000,0000000100000000000,1000000,00010000000,00000000100000000,00000000000000110000000,00000001100000000,0110000000000,000000100000000,1,000000010000000,0000000000000000010000000,00000010,000000010000000,0110000000,000100000000001,000000000000110000000,0000000000000000010000000,00000010000000,00000010,00010000000,??????????????,00000101,000100000100000000,0000100000000,000001,0100000000,00000001,00000001,?????????????????????,???????????????,000100000000,1000010,0010,000000000000110000000,0000000000000000000010000000,00001000000000000,000000100000000,00000100,000000000010000000,0001,1100000001,01,100100,0000100000100000000,0000000100000000,01,0000000000000000000000011000000,0000000100000000,1,???????,00100000000000,0000100000001,0000001,0100000000,0000101,1,0000000100000000,0100,01,0000000001,000000100000000,00000000100000000,0000000000010,0000100000000,0010,00100000000000,00000010,0100000000000,100,000000000001,10001100000000,0001000000000000,000100,000000000100000000,00001,001,0100000000000,0000000100000000,000010000000000000,000000000000010000000,00100,0000000100000000,00000001,00100000,01000000000,010000000000,0000100000000,0000000000100000000,00010,0000000000000010000000,0000100000000,00000000100000000,000000100000000,00000100000000,00100000001,00000100000010000000,????????????????,0000000100,00000100000000000,00000010,000000000000010000000,0000000000000110000000,??????????,??????,00000000000000000010000000,000000000010,0000100000000,00000000000001,0000000000000001,0000000000100100000,000000000000010000000,0000000000000010000000,00010000100000000,00000000000010000000,0000000100000000,?????????????????,0010000000000,???????????????,00001000000000000,000000000001,0000100000000,0000000100100000000,00000000000010000000,0000100000000,0000100000000,000000100000000,????????,????????????,100000000000,000000100000000,00001,???????????,???????????????,0000000000000000010000000,000000100000000,0000100000000,10000000,00100000000,00000000100000000,000000100001000,1000000000000,000000000100000000,?????????,010100000000,?????????????,01000,???????????,???????????????????,0000001,0001,0000110000000,000000010000100,0001000000000000000000000,0100001,000000100000000,010000000,???????????????,0100,01000000000,0000100,00000001,100011100000000,01000000,10000000,0010,???????,????????,000000000000110000000,0100000100,000000001100000000,000000000100,????????,???????,000000000100000000,0000000000000000010000000,000010000000,000000000000000010000000,????,011000010000,?????,000010000000,001,0000001,01,00000000000000000000010000000,000000010,0000000100,10,100,010,0000001,000100,000000001,00010,000010,00001,0000000010,00000001,010000000,0000100,00000001,100,00000100000000000000,10000000,??????????,00001,0000010,00100000000,00000000001,100,1000,100000,00000001000000000,00100,000000000001,10000000,1000000000000,00010000000,1000,000000000000010000000,00000000000100,0010,???????,00000000010,??????,00100000000000,000000001,00000001100000000,00001,?????????????,???????????????,00001,1000000,01000,1000,00000100100000000,00000000000000010000000,1,000000001,0000001,001000000,00010000000000,000000000001,0010000,0110000000,00000110000000,00100000000,00000000100000000,00100,000100000000,00000001100000000,0100000000,00100000000,0000001
902,TundraNenets,100000,001,0010000000000000000,00000000100000000000000,00000000001000,1000000000000,0100000000000000,00000100000000000000000,00000100000000000000000000,000010000000000000,0000000000010000,00000100,1000000,010000,000001000000000000000,0001,0001,001000000000,0000100,00000100000000000,000001,1000,0000100000000000000,00000000000001,0010000,00001000000000000000,000000000010,10000000000,000000100,1000010,0000010000000000000,00100000000000,01,001000000000000000000000,1000000000,0001000000000000,00001000000000000000,000000010,000100000000000,01,0000100,000010000,0000000010,1000000000000,000010,1,010000,1000,0001000,0001000000000000,010,0000100000000000000,1000000,00000000010,0100,0000100,0010,001000000000000,1000,0000000100000000000,0000010,00010000000,00000010000000000,00000000100000000000000,00100000000000000,0100000000001,000000100000000,1,000010000000000,0000000100000000000000000,00000010,010000000000000,1000000000,000100000000000,000100000000000000000,0000010000000000000000000,00000010000000,00000010,00010000000,00000100000010,00000100,000100000000000000,0100000000000,000001,0000001000,00000001,00000001,000010000000000000000,100000000000000,010000000000,0000010,0010,000100000000000000000,0000000000000001000000000000,00001000000000000,000010000000000,00000100,000010000000000000,1000,1000000000,01,100000,0000100000000000000,0001000000000000,01,0000000000100000000000000000000,0001000000000000,1,0000100,00100000000000,0000000000001,0000010,0000000010,0000001,1,0100000000000000,0010,01,0000000001,001000000000000,10000000000000000,0000000000010,0100000000000,0010,00100000000000,00000010,0100000000000,001,000000000001,10000000000000,0001000000000000,000010,000010000000000000,00001,001,0100000000000,0100000000000000,000010000000000000,000000001000000000000,00100,0001000000000000,00001000,00100000,01000000000,000000000001,0001000000000,0000100000000000000,00010,0000001000000000000000,0001000000000,?????????????????,010000000000000,00010000000000,???????????,00001000000000000000,0000010000000000,0000000100,00000100000000000,00000010,000000010000000000000,0000010000000000000000,??????????,??????,00000000100000000000000000,000000000011,0010000000000,00000000000001,0010000000000010,0000000000000000010,000000000010000000000,0000000000100000000000,00010000000000000,00000001000000000000,????????????????,00001000000000000,0010000000000,001000000000000,00001000000000000,000000000001,0010000000000,0000010000000000000,00000000100000000000,?????????????,0000000000001,000100000000000,????????,????????????,001000000000,001000000000000,00001,???????????,???????????????,0000000000001000000000000,001000000000000,?????????????,10000000,00000000010,00000000000010000,000000000001000,1000000000000,100000000000000000,000001000,010000000000,0001000000000,01000,00000000001,???????????????????,???????,0010,0010000000000,000000000000100,0001000000000000000000000,0000100,010000000000000,010000000,???????????????,????,01000000000,0000100,00000010,100000000000000,01000000,10000000,0010,???????,00100000,000001000000000000000,0000000100,010000000000000000,000000000100,????????,0000100,000001000000000000,0000000000001000000000000,000010000010,????????????????????????,????,000000010000,?????,001000000000,001,0001000,01,00000000000001000000000000000,000000010,0000000100,10,100,010,0000100,000100,000000100,00100,000010,00001,0000000010,00000001,000000001,0000100,00000001,010,00000100000000000000,00000010,0000000001,00001,0001000,00000000001,00000000001,100,0001,100000,00001000000000000,01000,000000000001,00001000,0001000000000,01000000000,1000,000010000000000000000,00100000000000,0001,1000000,10000000000,000010,00100000000000,000000100,00000010000000000,00001,0000100000000,000010000000000,00010,1000000,01001,1000,00001000000000000,00010000000000000000000,1,000000010,0000001,001000000,00010000000000,000000000001,0001000,0000000010,10000000000000,00100000010,00000010000000000,00100,000100000000,00001000000000000,0000000001,00000000100,0000010
907,Selkup,100000,100,0100000000000000000,00000000010000000000000,00010000000000,0010000000000,0100000000000000,00000100000000000000000,00000010000000000000000000,??????????????????,0000001000000000,00000010,1000000,010000,000000100000000000000,0001,0001,001000000000,0000100,00000100000000000,000001,1000,0000001000000000000,01000000000000,0000001,00000100000000000000,000000000010,10000000000,000000010,1000010,0000001000000000000,00010000000000,01,000000000100000000000000,1000000000,0000100000000000,00000100000000000000,000000010,000010000000000,01,0000100,000100000,0000000001,0000000001000,000010,1,000001,1000,1000000,0000100000000000,010,0000010000000000000,0000001,00000000010,0100,0000010,0001,000100000000000,1000,0000000010000000000,0000010,00010000000,00010000000000000,00000000010000000000000,00010000000000000,0000000010000,000000100000000,1,000100000000000,0000000010000000000000000,00000001,001000000000000,0000000011,000000000000001,000010000010000000000,0000010000000000000000000,00000010000000,00000100,00100000000,00000000000001,00000100,000010000000000000,0010000000000,000001,0000001000,00000001,00010000,000001000000000000000,000000010000000,001000000000,0000010,0001,000010000000000000000,0000000000001000000000000000,00000100000000000,000001000000000,00000001,000001000000000000,1000,1000000000,01,100000,0000100000000000000,0000100000000000,01,0000000000001000000000000000000,0000100000000000,1,0000100,00010000000000,0000000100000,0000010,0000001000,0010000,1,0010000000000000,0110,01,0000000001,000100000000000,10000000000000000,0000000000001,0010000000000,0010,01000000000000,00000010,0010000000000,100,000001000000,10000000000000,0001000000000000,000001,000001000000000000,00001,001,0100000000000,0011000000000000,000011000000000000,000000000100000000000,00010,0000010000000000,00000100,00010000,00100000000,010000000000,0000100000000,0000010000000000000,00001,0000000100000000000000,?????????????,00001000000000000,001000000000000,??????????????,00000000001,00000100000000000000,0000001000000000,0000000010,00100000000000000,????????,000000001000000000000,??????????????????????,0000000001,??????,00000000010000000000000000,010000000000,?????????????,10000000000000,0000000000000001,0000000100000000000,000010000000000000000,0000000000001000000000,00000100000000000,00000000000000000001,????????????????,?????????????????,0010000000000,000100000000000,00000100000000000,000000000010,0001000000000,0000001100000000000,00000000001000000000,0010000000000,0000000001000,000010000000000,00000010,????????????,000100000000,000100000000000,00001,00100000000,???????????????,0000000100000000000000000,000100000000000,?????????????,10000010,00000000010,00010000000000000,???????????????,0000000000010,000000010000000000,000000100,????????????,0000100000000,01000,???????????,???????????????????,???????,0100,1000000000000,000001000000000,0000000000100000000000000,0100000,000100000000000,010000000,???????????????,????,01000000000,0000100,01000000,000000001000000,????????,00000010,0010,???????,00100000,000000110000000000000,0000000100,001100000000000000,000000000010,????????,0000010,000000100000000000,0000000000000100000000000,000010000010,????????????????????????,????,000000001000,10000,001000000000,001,0000100,10,00000000000000001000000000000,000000001,0000000010,10,100,010,1000000,000100,000000010,00010,000010,00001,0000000010,00000001,000000001,0000100,00000010,001,00000010000000000000,00000001,0100000000,00001,0000001,00000000001,00000000001,100,1000,100000,00000100000000000,00100,000000000001,00000100,1000000000000,01000000000,1000,000001000000000000000,00000000000100,0010,1000000,10000000000,000010,00010000000000,000000010,00010000000000000,00001,0000100000000,000000000000010,00010,1000000,01000,1000,00000010000000000,00001000000000000000000,1,000000010,0000001,000000011,00010000000000,000000000001,0001000,0000000010,00010000000000,00100000010,00001000000000000,00010,000100000000,00000010000000000,0100000000,00000010001,0010000
